  Determining projects to restore...
  Skipping project "C:\Users\Deven\Desktop\erp\nexora\backend\src\Nexora.Modules.Company\..$r$r.csproj" because it was not found.
  Skipping project "C:\Users\Deven\Desktop\erp\nexora\backend\src\Nexora.Modules.HR\..$r$r.csproj" because it was not found.
  Skipping project "C:\Users\Deven\Desktop\erp\nexora\backend\src\Nexora.Modules.Projects\..$r$r.csproj" because it was not found.
  Skipping project "C:\Users\Deven\Desktop\erp\nexora\backend\src\Nexora.Modules.Notifications\..$r$r.csproj" because it was not found.
  Skipping project "C:\Users\Deven\Desktop\erp\nexora\backend\src\Nexora.Modules.Platform\..$r$r.csproj" because it was not found.
  Skipping project "C:\Users\Deven\Desktop\erp\nexora\backend\src\Nexora.Modules.Reporting\..$r$r.csproj" because it was not found.
  Skipping project "C:\Users\Deven\Desktop\erp\nexora\backend\src\Nexora.Modules.Identity\..$r$r.csproj" because it was not found.
  Skipping project "C:\Users\Deven\Desktop\erp\nexora\backend\src\Nexora.Modules.Finance\..$r$r.csproj" because it was not found.
  Skipping project "C:\Users\Deven\Desktop\erp\nexora\backend\src\Nexora.Modules.Workflow\..$r$r.csproj" because it was not found.
  Skipping project "C:\Users\Deven\Desktop\erp\nexora\backend\src\Nexora.Modules.Payroll\..$r$r.csproj" because it was not found.
  Skipping project "C:\Users\Deven\Desktop\erp\nexora\backend\src\Nexora.Modules.Onboarding\..$r$r.csproj" because it was not found.
  Skipping project "C:\Users\Deven\Desktop\erp\nexora\backend\src\Nexora.Modules.Identity\..$r$r.csproj" because it was not found.
  Skipping project "C:\Users\Deven\Desktop\erp\nexora\backend\src\Nexora.Modules.Company\..$r$r.csproj" because it was not found.
  Skipping project "C:\Users\Deven\Desktop\erp\nexora\backend\src\Nexora.Modules.HR\..$r$r.csproj" because it was not found.
  Skipping project "C:\Users\Deven\Desktop\erp\nexora\backend\src\Nexora.Modules.Workflow\..$r$r.csproj" because it was not found.
  Skipping project "C:\Users\Deven\Desktop\erp\nexora\backend\src\Nexora.Modules.Notifications\..$r$r.csproj" because it was not found.
  Skipping project "C:\Users\Deven\Desktop\erp\nexora\backend\src\Nexora.Modules.Finance\..$r$r.csproj" because it was not found.
  Skipping project "C:\Users\Deven\Desktop\erp\nexora\backend\src\Nexora.Modules.Payroll\..$r$r.csproj" because it was not found.
  Skipping project "C:\Users\Deven\Desktop\erp\nexora\backend\src\Nexora.Modules.Onboarding\..$r$r.csproj" because it was not found.
  Skipping project "C:\Users\Deven\Desktop\erp\nexora\backend\src\Nexora.Modules.Projects\..$r$r.csproj" because it was not found.
  Skipping project "C:\Users\Deven\Desktop\erp\nexora\backend\src\Nexora.Modules.Platform\..$r$r.csproj" because it was not found.
  Skipping project "C:\Users\Deven\Desktop\erp\nexora\backend\src\Nexora.Modules.Reporting\..$r$r.csproj" because it was not found.
C:\Users\Deven\Desktop\erp\nexora\backend\src\Nexora.Shared\Nexora.Shared.csproj : warning NU1510: PackageReference Microsoft.Extensions.Identity.Stores will not be pruned. This package is automatically available and does not need to be referenced explicitly. Remove the PackageReference item. [C:\Users\Deven\Desktop\erp\nexora\backend\Nexora.slnx]
  All projects are up-to-date for restore.
C:\Program Files\dotnet\sdk\10.0.400\Microsoft.Common.CurrentVersion.targets(2205,5): warning MSB9008: The referenced project ..$r$r.csproj does not exist. [C:\Users\Deven\Desktop\erp\nexora\backend\src\Nexora.Modules.HR\Nexora.Modules.HR.csproj]
C:\Program Files\dotnet\sdk\10.0.400\Microsoft.Common.CurrentVersion.targets(2205,5): warning MSB9008: The referenced project ..$r$r.csproj does not exist. [C:\Users\Deven\Desktop\erp\nexora\backend\src\Nexora.Modules.Platform\Nexora.Modules.Platform.csproj]
C:\Program Files\dotnet\sdk\10.0.400\Microsoft.Common.CurrentVersion.targets(2205,5): warning MSB9008: The referenced project ..$r$r.csproj does not exist. [C:\Users\Deven\Desktop\erp\nexora\backend\src\Nexora.Modules.Identity\Nexora.Modules.Identity.csproj]
C:\Program Files\dotnet\sdk\10.0.400\Microsoft.Common.CurrentVersion.targets(2205,5): warning MSB9008: The referenced project ..$r$r.csproj does not exist. [C:\Users\Deven\Desktop\erp\nexora\backend\src\Nexora.Modules.Finance\Nexora.Modules.Finance.csproj]
C:\Program Files\dotnet\sdk\10.0.400\Microsoft.Common.CurrentVersion.targets(2205,5): warning MSB9008: The referenced project ..$r$r.csproj does not exist. [C:\Users\Deven\Desktop\erp\nexora\backend\src\Nexora.Modules.Notifications\Nexora.Modules.Notifications.csproj]
C:\Program Files\dotnet\sdk\10.0.400\Microsoft.Common.CurrentVersion.targets(2205,5): warning MSB9008: The referenced project ..$r$r.csproj does not exist. [C:\Users\Deven\Desktop\erp\nexora\backend\src\Nexora.Modules.Projects\Nexora.Modules.Projects.csproj]
C:\Program Files\dotnet\sdk\10.0.400\Microsoft.Common.CurrentVersion.targets(2205,5): warning MSB9008: The referenced project ..$r$r.csproj does not exist. [C:\Users\Deven\Desktop\erp\nexora\backend\src\Nexora.Modules.Payroll\Nexora.Modules.Payroll.csproj]
C:\Program Files\dotnet\sdk\10.0.400\Microsoft.Common.CurrentVersion.targets(2205,5): warning MSB9008: The referenced project ..$r$r.csproj does not exist. [C:\Users\Deven\Desktop\erp\nexora\backend\src\Nexora.Modules.Onboarding\Nexora.Modules.Onboarding.csproj]
C:\Program Files\dotnet\sdk\10.0.400\Microsoft.Common.CurrentVersion.targets(2205,5): warning MSB9008: The referenced project ..$r$r.csproj does not exist. [C:\Users\Deven\Desktop\erp\nexora\backend\src\Nexora.Modules.Company\Nexora.Modules.Company.csproj]
C:\Program Files\dotnet\sdk\10.0.400\Microsoft.Common.CurrentVersion.targets(2205,5): warning MSB9008: The referenced project ..$r$r.csproj does not exist. [C:\Users\Deven\Desktop\erp\nexora\backend\src\Nexora.Modules.Reporting\Nexora.Modules.Reporting.csproj]
C:\Program Files\dotnet\sdk\10.0.400\Microsoft.Common.CurrentVersion.targets(2205,5): warning MSB9008: The referenced project ..$r$r.csproj does not exist. [C:\Users\Deven\Desktop\erp\nexora\backend\src\Nexora.Modules.Workflow\Nexora.Modules.Workflow.csproj]
C:\Users\Deven\Desktop\erp\nexora\backend\src\Nexora.Modules.Company\Controllers\DepartmentsController.cs(1,14): error CS0234: The type or namespace name 'Shared' does not exist in the namespace 'Nexora' (are you missing an assembly reference?) [C:\Users\Deven\Desktop\erp\nexora\backend\src\Nexora.Modules.Company\Nexora.Modules.Company.csproj]
C:\Users\Deven\Desktop\erp\nexora\backend\src\Nexora.Modules.Company\Controllers\DepartmentsController.cs(2,22): error CS0234: The type or namespace name 'Identity' does not exist in the namespace 'Nexora.Modules' (are you missing an assembly reference?) [C:\Users\Deven\Desktop\erp\nexora\backend\src\Nexora.Modules.Company\Nexora.Modules.Company.csproj]
C:\Users\Deven\Desktop\erp\nexora\backend\src\Nexora.Modules.Company\Controllers\DepartmentsController.cs(3,22): error CS0234: The type or namespace name 'HR' does not exist in the namespace 'Nexora.Modules' (are you missing an assembly reference?) [C:\Users\Deven\Desktop\erp\nexora\backend\src\Nexora.Modules.Company\Nexora.Modules.Company.csproj]
C:\Users\Deven\Desktop\erp\nexora\backend\src\Nexora.Modules.Company\Controllers\DepartmentsController.cs(4,14): error CS0234: The type or namespace name 'Shared' does not exist in the namespace 'Nexora' (are you missing an assembly reference?) [C:\Users\Deven\Desktop\erp\nexora\backend\src\Nexora.Modules.Company\Nexora.Modules.Company.csproj]
C:\Users\Deven\Desktop\erp\nexora\backend\src\Nexora.Modules.Company\Controllers\DepartmentsController.cs(7,17): error CS0234: The type or namespace name 'EntityFrameworkCore' does not exist in the namespace 'Microsoft' (are you missing an assembly reference?) [C:\Users\Deven\Desktop\erp\nexora\backend\src\Nexora.Modules.Company\Nexora.Modules.Company.csproj]
C:\Users\Deven\Desktop\erp\nexora\backend\src\Nexora.Modules.Company\Entities\Department.cs(1,14): error CS0234: The type or namespace name 'Shared' does not exist in the namespace 'Nexora' (are you missing an assembly reference?) [C:\Users\Deven\Desktop\erp\nexora\backend\src\Nexora.Modules.Company\Nexora.Modules.Company.csproj]
C:\Users\Deven\Desktop\erp\nexora\backend\src\Nexora.Modules.Company\Entities\Department.cs(5,27): error CS0246: The type or namespace name 'TenantEntity' could not be found (are you missing a using directive or an assembly reference?) [C:\Users\Deven\Desktop\erp\nexora\backend\src\Nexora.Modules.Company\Nexora.Modules.Company.csproj]
C:\Users\Deven\Desktop\erp\nexora\backend\src\Nexora.Modules.Company\Entities\Department.cs(11,25): error CS0246: The type or namespace name 'TenantEntity' could not be found (are you missing a using directive or an assembly reference?) [C:\Users\Deven\Desktop\erp\nexora\backend\src\Nexora.Modules.Company\Nexora.Modules.Company.csproj]
C:\Users\Deven\Desktop\erp\nexora\backend\src\Nexora.Modules.Company\Controllers\DepartmentsController.cs(19,22): error CS0246: The type or namespace name 'NexoraDbContext' could not be found (are you missing a using directive or an assembly reference?) [C:\Users\Deven\Desktop\erp\nexora\backend\src\Nexora.Modules.Company\Nexora.Modules.Company.csproj]
C:\Users\Deven\Desktop\erp\nexora\backend\src\Nexora.Modules.Company\Controllers\DepartmentsController.cs(20,34): error CS0246: The type or namespace name 'NexoraDbContext' could not be found (are you missing a using directive or an assembly reference?) [C:\Users\Deven\Desktop\erp\nexora\backend\src\Nexora.Modules.Company\Nexora.Modules.Company.csproj]
C:\Users\Deven\Desktop\erp\nexora\backend\src\Nexora.Modules.Company\Controllers\DepartmentsController.cs(23,6): error CS0246: The type or namespace name 'RequirePermissionAttribute' could not be found (are you missing a using directive or an assembly reference?) [C:\Users\Deven\Desktop\erp\nexora\backend\src\Nexora.Modules.Company\Nexora.Modules.Company.csproj]
C:\Users\Deven\Desktop\erp\nexora\backend\src\Nexora.Modules.Company\Controllers\DepartmentsController.cs(23,6): error CS0246: The type or namespace name 'RequirePermission' could not be found (are you missing a using directive or an assembly reference?) [C:\Users\Deven\Desktop\erp\nexora\backend\src\Nexora.Modules.Company\Nexora.Modules.Company.csproj]
C:\Users\Deven\Desktop\erp\nexora\backend\src\Nexora.Modules.Company\Controllers\DepartmentsController.cs(23,24): error CS0103: The name 'Permission' does not exist in the current context [C:\Users\Deven\Desktop\erp\nexora\backend\src\Nexora.Modules.Company\Nexora.Modules.Company.csproj]
C:\Users\Deven\Desktop\erp\nexora\backend\src\Nexora.Modules.Company\Controllers\DepartmentsController.cs(34,6): error CS0246: The type or namespace name 'RequirePermissionAttribute' could not be found (are you missing a using directive or an assembly reference?) [C:\Users\Deven\Desktop\erp\nexora\backend\src\Nexora.Modules.Company\Nexora.Modules.Company.csproj]
C:\Users\Deven\Desktop\erp\nexora\backend\src\Nexora.Modules.Company\Controllers\DepartmentsController.cs(34,6): error CS0246: The type or namespace name 'RequirePermission' could not be found (are you missing a using directive or an assembly reference?) [C:\Users\Deven\Desktop\erp\nexora\backend\src\Nexora.Modules.Company\Nexora.Modules.Company.csproj]
C:\Users\Deven\Desktop\erp\nexora\backend\src\Nexora.Modules.Company\Controllers\DepartmentsController.cs(34,24): error CS0103: The name 'Permission' does not exist in the current context [C:\Users\Deven\Desktop\erp\nexora\backend\src\Nexora.Modules.Company\Nexora.Modules.Company.csproj]
C:\Users\Deven\Desktop\erp\nexora\backend\src\Nexora.Shared\Nexora.Shared.csproj : warning NU1510: PackageReference Microsoft.Extensions.Identity.Stores will not be pruned. This package is automatically available and does not need to be referenced explicitly. Remove the PackageReference item.
C:\Users\Deven\Desktop\erp\nexora\backend\src\Nexora.Modules.HR\Controllers\AttendanceController.cs(2,14): error CS0234: The type or namespace name 'Shared' does not exist in the namespace 'Nexora' (are you missing an assembly reference?) [C:\Users\Deven\Desktop\erp\nexora\backend\src\Nexora.Modules.HR\Nexora.Modules.HR.csproj]
C:\Users\Deven\Desktop\erp\nexora\backend\src\Nexora.Modules.HR\Controllers\AttendanceController.cs(4,14): error CS0234: The type or namespace name 'Shared' does not exist in the namespace 'Nexora' (are you missing an assembly reference?) [C:\Users\Deven\Desktop\erp\nexora\backend\src\Nexora.Modules.HR\Nexora.Modules.HR.csproj]
C:\Users\Deven\Desktop\erp\nexora\backend\src\Nexora.Modules.HR\Controllers\AttendanceController.cs(5,22): error CS0234: The type or namespace name 'Identity' does not exist in the namespace 'Nexora.Modules' (are you missing an assembly reference?) [C:\Users\Deven\Desktop\erp\nexora\backend\src\Nexora.Modules.HR\Nexora.Modules.HR.csproj]
C:\Users\Deven\Desktop\erp\nexora\backend\src\Nexora.Modules.HR\Controllers\AttendanceController.cs(7,14): error CS0234: The type or namespace name 'Shared' does not exist in the namespace 'Nexora' (are you missing an assembly reference?) [C:\Users\Deven\Desktop\erp\nexora\backend\src\Nexora.Modules.HR\Nexora.Modules.HR.csproj]
C:\Users\Deven\Desktop\erp\nexora\backend\src\Nexora.Modules.HR\Controllers\AttendanceController.cs(10,17): error CS0234: The type or namespace name 'EntityFrameworkCore' does not exist in the namespace 'Microsoft' (are you missing an assembly reference?) [C:\Users\Deven\Desktop\erp\nexora\backend\src\Nexora.Modules.HR\Nexora.Modules.HR.csproj]
C:\Users\Deven\Desktop\erp\nexora\backend\src\Nexora.Modules.HR\Controllers\EmployeeDocumentsController.cs(2,14): error CS0234: The type or namespace name 'Shared' does not exist in the namespace 'Nexora' (are you missing an assembly reference?) [C:\Users\Deven\Desktop\erp\nexora\backend\src\Nexora.Modules.HR\Nexora.Modules.HR.csproj]
C:\Users\Deven\Desktop\erp\nexora\backend\src\Nexora.Modules.HR\Controllers\EmployeeDocumentsController.cs(5,14): error CS0234: The type or namespace name 'Shared' does not exist in the namespace 'Nexora' (are you missing an assembly reference?) [C:\Users\Deven\Desktop\erp\nexora\backend\src\Nexora.Modules.HR\Nexora.Modules.HR.csproj]
C:\Users\Deven\Desktop\erp\nexora\backend\src\Nexora.Modules.HR\Controllers\EmployeeDocumentsController.cs(6,22): error CS0234: The type or namespace name 'Identity' does not exist in the namespace 'Nexora.Modules' (are you missing an assembly reference?) [C:\Users\Deven\Desktop\erp\nexora\backend\src\Nexora.Modules.HR\Nexora.Modules.HR.csproj]
C:\Users\Deven\Desktop\erp\nexora\backend\src\Nexora.Modules.HR\Controllers\EmployeeDocumentsController.cs(8,14): error CS0234: The type or namespace name 'Shared' does not exist in the namespace 'Nexora' (are you missing an assembly reference?) [C:\Users\Deven\Desktop\erp\nexora\backend\src\Nexora.Modules.HR\Nexora.Modules.HR.csproj]
C:\Users\Deven\Desktop\erp\nexora\backend\src\Nexora.Modules.HR\Controllers\EmployeeDocumentsController.cs(11,17): error CS0234: The type or namespace name 'EntityFrameworkCore' does not exist in the namespace 'Microsoft' (are you missing an assembly reference?) [C:\Users\Deven\Desktop\erp\nexora\backend\src\Nexora.Modules.HR\Nexora.Modules.HR.csproj]
C:\Users\Deven\Desktop\erp\nexora\backend\src\Nexora.Modules.HR\Controllers\EmployeesController.cs(2,14): error CS0234: The type or namespace name 'Shared' does not exist in the namespace 'Nexora' (are you missing an assembly reference?) [C:\Users\Deven\Desktop\erp\nexora\backend\src\Nexora.Modules.HR\Nexora.Modules.HR.csproj]
C:\Users\Deven\Desktop\erp\nexora\backend\src\Nexora.Modules.HR\Controllers\EmployeesController.cs(4,22): error CS0234: The type or namespace name 'Identity' does not exist in the namespace 'Nexora.Modules' (are you missing an assembly reference?) [C:\Users\Deven\Desktop\erp\nexora\backend\src\Nexora.Modules.HR\Nexora.Modules.HR.csproj]
C:\Users\Deven\Desktop\erp\nexora\backend\src\Nexora.Modules.HR\Controllers\EmployeesController.cs(6,14): error CS0234: The type or namespace name 'Shared' does not exist in the namespace 'Nexora' (are you missing an assembly reference?) [C:\Users\Deven\Desktop\erp\nexora\backend\src\Nexora.Modules.HR\Nexora.Modules.HR.csproj]
C:\Users\Deven\Desktop\erp\nexora\backend\src\Nexora.Modules.HR\Controllers\EmployeesController.cs(7,14): error CS0234: The type or namespace name 'Shared' does not exist in the namespace 'Nexora' (are you missing an assembly reference?) [C:\Users\Deven\Desktop\erp\nexora\backend\src\Nexora.Modules.HR\Nexora.Modules.HR.csproj]
C:\Users\Deven\Desktop\erp\nexora\backend\src\Nexora.Modules.HR\Controllers\EmployeesController.cs(10,17): error CS0234: The type or namespace name 'EntityFrameworkCore' does not exist in the namespace 'Microsoft' (are you missing an assembly reference?) [C:\Users\Deven\Desktop\erp\nexora\backend\src\Nexora.Modules.HR\Nexora.Modules.HR.csproj]
C:\Users\Deven\Desktop\erp\nexora\backend\src\Nexora.Modules.HR\Controllers\JobTitlesController.cs(2,14): error CS0234: The type or namespace name 'Shared' does not exist in the namespace 'Nexora' (are you missing an assembly reference?) [C:\Users\Deven\Desktop\erp\nexora\backend\src\Nexora.Modules.HR\Nexora.Modules.HR.csproj]
C:\Users\Deven\Desktop\erp\nexora\backend\src\Nexora.Modules.HR\Controllers\JobTitlesController.cs(4,14): error CS0234: The type or namespace name 'Shared' does not exist in the namespace 'Nexora' (are you missing an assembly reference?) [C:\Users\Deven\Desktop\erp\nexora\backend\src\Nexora.Modules.HR\Nexora.Modules.HR.csproj]
C:\Users\Deven\Desktop\erp\nexora\backend\src\Nexora.Modules.HR\Controllers\JobTitlesController.cs(5,22): error CS0234: The type or namespace name 'Identity' does not exist in the namespace 'Nexora.Modules' (are you missing an assembly reference?) [C:\Users\Deven\Desktop\erp\nexora\backend\src\Nexora.Modules.HR\Nexora.Modules.HR.csproj]
C:\Users\Deven\Desktop\erp\nexora\backend\src\Nexora.Modules.HR\Controllers\JobTitlesController.cs(7,22): error CS0234: The type or namespace name 'Identity' does not exist in the namespace 'Nexora.Modules' (are you missing an assembly reference?) [C:\Users\Deven\Desktop\erp\nexora\backend\src\Nexora.Modules.HR\Nexora.Modules.HR.csproj]
C:\Users\Deven\Desktop\erp\nexora\backend\src\Nexora.Modules.HR\Controllers\JobTitlesController.cs(8,14): error CS0234: The type or namespace name 'Shared' does not exist in the namespace 'Nexora' (are you missing an assembly reference?) [C:\Users\Deven\Desktop\erp\nexora\backend\src\Nexora.Modules.HR\Nexora.Modules.HR.csproj]
C:\Users\Deven\Desktop\erp\nexora\backend\src\Nexora.Modules.HR\Controllers\JobTitlesController.cs(12,17): error CS0234: The type or namespace name 'EntityFrameworkCore' does not exist in the namespace 'Microsoft' (are you missing an assembly reference?) [C:\Users\Deven\Desktop\erp\nexora\backend\src\Nexora.Modules.HR\Nexora.Modules.HR.csproj]
C:\Users\Deven\Desktop\erp\nexora\backend\src\Nexora.Modules.HR\Controllers\LeaveRequestsController.cs(2,14): error CS0234: The type or namespace name 'Shared' does not exist in the namespace 'Nexora' (are you missing an assembly reference?) [C:\Users\Deven\Desktop\erp\nexora\backend\src\Nexora.Modules.HR\Nexora.Modules.HR.csproj]
C:\Users\Deven\Desktop\erp\nexora\backend\src\Nexora.Modules.HR\Controllers\LeaveRequestsController.cs(4,14): error CS0234: The type or namespace name 'Shared' does not exist in the namespace 'Nexora' (are you missing an assembly reference?) [C:\Users\Deven\Desktop\erp\nexora\backend\src\Nexora.Modules.HR\Nexora.Modules.HR.csproj]
C:\Users\Deven\Desktop\erp\nexora\backend\src\Nexora.Modules.HR\Controllers\LeaveRequestsController.cs(5,22): error CS0234: The type or namespace name 'Identity' does not exist in the namespace 'Nexora.Modules' (are you missing an assembly reference?) [C:\Users\Deven\Desktop\erp\nexora\backend\src\Nexora.Modules.HR\Nexora.Modules.HR.csproj]
C:\Users\Deven\Desktop\erp\nexora\backend\src\Nexora.Modules.HR\Controllers\LeaveRequestsController.cs(7,22): error CS0234: The type or namespace name 'Workflow' does not exist in the namespace 'Nexora.Modules' (are you missing an assembly reference?) [C:\Users\Deven\Desktop\erp\nexora\backend\src\Nexora.Modules.HR\Nexora.Modules.HR.csproj]
C:\Users\Deven\Desktop\erp\nexora\backend\src\Nexora.Modules.HR\Controllers\LeaveRequestsController.cs(8,14): error CS0234: The type or namespace name 'Shared' does not exist in the namespace 'Nexora' (are you missing an assembly reference?) [C:\Users\Deven\Desktop\erp\nexora\backend\src\Nexora.Modules.HR\Nexora.Modules.HR.csproj]
C:\Users\Deven\Desktop\erp\nexora\backend\src\Nexora.Modules.HR\Controllers\LeaveRequestsController.cs(9,22): error CS0234: The type or namespace name 'Workflow' does not exist in the namespace 'Nexora.Modules' (are you missing an assembly reference?) [C:\Users\Deven\Desktop\erp\nexora\backend\src\Nexora.Modules.HR\Nexora.Modules.HR.csproj]
C:\Users\Deven\Desktop\erp\nexora\backend\src\Nexora.Modules.HR\Controllers\LeaveRequestsController.cs(12,17): error CS0234: The type or namespace name 'EntityFrameworkCore' does not exist in the namespace 'Microsoft' (are you missing an assembly reference?) [C:\Users\Deven\Desktop\erp\nexora\backend\src\Nexora.Modules.HR\Nexora.Modules.HR.csproj]
C:\Users\Deven\Desktop\erp\nexora\backend\src\Nexora.Modules.HR\Controllers\LeaveTypesController.cs(1,14): error CS0234: The type or namespace name 'Shared' does not exist in the namespace 'Nexora' (are you missing an assembly reference?) [C:\Users\Deven\Desktop\erp\nexora\backend\src\Nexora.Modules.HR\Nexora.Modules.HR.csproj]
C:\Users\Deven\Desktop\erp\nexora\backend\src\Nexora.Modules.HR\Controllers\LeaveTypesController.cs(3,22): error CS0234: The type or namespace name 'Identity' does not exist in the namespace 'Nexora.Modules' (are you missing an assembly reference?) [C:\Users\Deven\Desktop\erp\nexora\backend\src\Nexora.Modules.HR\Nexora.Modules.HR.csproj]
C:\Users\Deven\Desktop\erp\nexora\backend\src\Nexora.Modules.HR\Controllers\LeaveTypesController.cs(5,14): error CS0234: The type or namespace name 'Shared' does not exist in the namespace 'Nexora' (are you missing an assembly reference?) [C:\Users\Deven\Desktop\erp\nexora\backend\src\Nexora.Modules.HR\Nexora.Modules.HR.csproj]
C:\Users\Deven\Desktop\erp\nexora\backend\src\Nexora.Modules.HR\Controllers\LeaveTypesController.cs(8,17): error CS0234: The type or namespace name 'EntityFrameworkCore' does not exist in the namespace 'Microsoft' (are you missing an assembly reference?) [C:\Users\Deven\Desktop\erp\nexora\backend\src\Nexora.Modules.HR\Nexora.Modules.HR.csproj]
C:\Users\Deven\Desktop\erp\nexora\backend\src\Nexora.Modules.HR\Controllers\TimesheetsController.cs(2,14): error CS0234: The type or namespace name 'Shared' does not exist in the namespace 'Nexora' (are you missing an assembly reference?) [C:\Users\Deven\Desktop\erp\nexora\backend\src\Nexora.Modules.HR\Nexora.Modules.HR.csproj]
C:\Users\Deven\Desktop\erp\nexora\backend\src\Nexora.Modules.HR\Controllers\TimesheetsController.cs(4,14): error CS0234: The type or namespace name 'Shared' does not exist in the namespace 'Nexora' (are you missing an assembly reference?) [C:\Users\Deven\Desktop\erp\nexora\backend\src\Nexora.Modules.HR\Nexora.Modules.HR.csproj]
C:\Users\Deven\Desktop\erp\nexora\backend\src\Nexora.Modules.HR\Controllers\TimesheetsController.cs(5,22): error CS0234: The type or namespace name 'Identity' does not exist in the namespace 'Nexora.Modules' (are you missing an assembly reference?) [C:\Users\Deven\Desktop\erp\nexora\backend\src\Nexora.Modules.HR\Nexora.Modules.HR.csproj]
C:\Users\Deven\Desktop\erp\nexora\backend\src\Nexora.Modules.HR\Controllers\TimesheetsController.cs(7,14): error CS0234: The type or namespace name 'Shared' does not exist in the namespace 'Nexora' (are you missing an assembly reference?) [C:\Users\Deven\Desktop\erp\nexora\backend\src\Nexora.Modules.HR\Nexora.Modules.HR.csproj]
C:\Users\Deven\Desktop\erp\nexora\backend\src\Nexora.Modules.HR\Controllers\TimesheetsController.cs(10,17): error CS0234: The type or namespace name 'EntityFrameworkCore' does not exist in the namespace 'Microsoft' (are you missing an assembly reference?) [C:\Users\Deven\Desktop\erp\nexora\backend\src\Nexora.Modules.HR\Nexora.Modules.HR.csproj]
C:\Users\Deven\Desktop\erp\nexora\backend\src\Nexora.Modules.HR\Entities\Employee.cs(1,14): error CS0234: The type or namespace name 'Shared' does not exist in the namespace 'Nexora' (are you missing an assembly reference?) [C:\Users\Deven\Desktop\erp\nexora\backend\src\Nexora.Modules.HR\Nexora.Modules.HR.csproj]
C:\Users\Deven\Desktop\erp\nexora\backend\src\Nexora.Modules.HR\Entities\EmployeeCreatedEvent.cs(1,14): error CS0234: The type or namespace name 'Shared' does not exist in the namespace 'Nexora' (are you missing an assembly reference?) [C:\Users\Deven\Desktop\erp\nexora\backend\src\Nexora.Modules.HR\Nexora.Modules.HR.csproj]
C:\Users\Deven\Desktop\erp\nexora\backend\src\Nexora.Modules.HR\Entities\EmployeeDocument.cs(1,14): error CS0234: The type or namespace name 'Shared' does not exist in the namespace 'Nexora' (are you missing an assembly reference?) [C:\Users\Deven\Desktop\erp\nexora\backend\src\Nexora.Modules.HR\Nexora.Modules.HR.csproj]
C:\Users\Deven\Desktop\erp\nexora\backend\src\Nexora.Modules.HR\Entities\JobTitle.cs(1,14): error CS0234: The type or namespace name 'Shared' does not exist in the namespace 'Nexora' (are you missing an assembly reference?) [C:\Users\Deven\Desktop\erp\nexora\backend\src\Nexora.Modules.HR\Nexora.Modules.HR.csproj]
C:\Users\Deven\Desktop\erp\nexora\backend\src\Nexora.Modules.HR\Entities\LeaveRequest.cs(2,14): error CS0234: The type or namespace name 'Shared' does not exist in the namespace 'Nexora' (are you missing an assembly reference?) [C:\Users\Deven\Desktop\erp\nexora\backend\src\Nexora.Modules.HR\Nexora.Modules.HR.csproj]
C:\Users\Deven\Desktop\erp\nexora\backend\src\Nexora.Modules.HR\Entities\LeaveType.cs(1,14): error CS0234: The type or namespace name 'Shared' does not exist in the namespace 'Nexora' (are you missing an assembly reference?) [C:\Users\Deven\Desktop\erp\nexora\backend\src\Nexora.Modules.HR\Nexora.Modules.HR.csproj]
C:\Users\Deven\Desktop\erp\nexora\backend\src\Nexora.Modules.HR\Entities\TenantAttendanceSettings.cs(1,14): error CS0234: The type or namespace name 'Shared' does not exist in the namespace 'Nexora' (are you missing an assembly reference?) [C:\Users\Deven\Desktop\erp\nexora\backend\src\Nexora.Modules.HR\Nexora.Modules.HR.csproj]
C:\Users\Deven\Desktop\erp\nexora\backend\src\Nexora.Modules.HR\Entities\Timesheet.cs(1,14): error CS0234: The type or namespace name 'Shared' does not exist in the namespace 'Nexora' (are you missing an assembly reference?) [C:\Users\Deven\Desktop\erp\nexora\backend\src\Nexora.Modules.HR\Nexora.Modules.HR.csproj]
C:\Users\Deven\Desktop\erp\nexora\backend\src\Nexora.Modules.HR\Seed\JobTitleSync.cs(1,22): error CS0234: The type or namespace name 'Identity' does not exist in the namespace 'Nexora.Modules' (are you missing an assembly reference?) [C:\Users\Deven\Desktop\erp\nexora\backend\src\Nexora.Modules.HR\Nexora.Modules.HR.csproj]
C:\Users\Deven\Desktop\erp\nexora\backend\src\Nexora.Modules.HR\Seed\JobTitleSync.cs(3,14): error CS0234: The type or namespace name 'Shared' does not exist in the namespace 'Nexora' (are you missing an assembly reference?) [C:\Users\Deven\Desktop\erp\nexora\backend\src\Nexora.Modules.HR\Nexora.Modules.HR.csproj]
C:\Users\Deven\Desktop\erp\nexora\backend\src\Nexora.Modules.HR\Seed\JobTitleSync.cs(4,17): error CS0234: The type or namespace name 'EntityFrameworkCore' does not exist in the namespace 'Microsoft' (are you missing an assembly reference?) [C:\Users\Deven\Desktop\erp\nexora\backend\src\Nexora.Modules.HR\Nexora.Modules.HR.csproj]
C:\Users\Deven\Desktop\erp\nexora\backend\src\Nexora.Modules.HR\Services\EmployeeCreatedAuditHandler.cs(1,14): error CS0234: The type or namespace name 'Shared' does not exist in the namespace 'Nexora' (are you missing an assembly reference?) [C:\Users\Deven\Desktop\erp\nexora\backend\src\Nexora.Modules.HR\Nexora.Modules.HR.csproj]
C:\Users\Deven\Desktop\erp\nexora\backend\src\Nexora.Modules.HR\Services\EmployeeCreatedAuditHandler.cs(2,14): error CS0234: The type or namespace name 'Shared' does not exist in the namespace 'Nexora' (are you missing an assembly reference?) [C:\Users\Deven\Desktop\erp\nexora\backend\src\Nexora.Modules.HR\Nexora.Modules.HR.csproj]
C:\Users\Deven\Desktop\erp\nexora\backend\src\Nexora.Modules.HR\Services\EmployeeCreatedAuditHandler.cs(4,14): error CS0234: The type or namespace name 'Shared' does not exist in the namespace 'Nexora' (are you missing an assembly reference?) [C:\Users\Deven\Desktop\erp\nexora\backend\src\Nexora.Modules.HR\Nexora.Modules.HR.csproj]
C:\Users\Deven\Desktop\erp\nexora\backend\src\Nexora.Modules.HR\Services\EmployeeCreatedAuditHandler.cs(5,17): error CS0234: The type or namespace name 'EntityFrameworkCore' does not exist in the namespace 'Microsoft' (are you missing an assembly reference?) [C:\Users\Deven\Desktop\erp\nexora\backend\src\Nexora.Modules.HR\Nexora.Modules.HR.csproj]
C:\Users\Deven\Desktop\erp\nexora\backend\src\Nexora.Modules.HR\Controllers\AttendanceController.cs(24,22): error CS0246: The type or namespace name 'NexoraDbContext' could not be found (are you missing a using directive or an assembly reference?) [C:\Users\Deven\Desktop\erp\nexora\backend\src\Nexora.Modules.HR\Nexora.Modules.HR.csproj]
C:\Users\Deven\Desktop\erp\nexora\backend\src\Nexora.Modules.HR\Controllers\AttendanceController.cs(25,33): error CS0246: The type or namespace name 'NexoraDbContext' could not be found (are you missing a using directive or an assembly reference?) [C:\Users\Deven\Desktop\erp\nexora\backend\src\Nexora.Modules.HR\Nexora.Modules.HR.csproj]
C:\Users\Deven\Desktop\erp\nexora\backend\src\Nexora.Modules.HR\Controllers\AttendanceController.cs(39,6): error CS0246: The type or namespace name 'RequirePermissionAttribute' could not be found (are you missing a using directive or an assembly reference?) [C:\Users\Deven\Desktop\erp\nexora\backend\src\Nexora.Modules.HR\Nexora.Modules.HR.csproj]
C:\Users\Deven\Desktop\erp\nexora\backend\src\Nexora.Modules.HR\Controllers\AttendanceController.cs(39,6): error CS0246: The type or namespace name 'RequirePermission' could not be found (are you missing a using directive or an assembly reference?) [C:\Users\Deven\Desktop\erp\nexora\backend\src\Nexora.Modules.HR\Nexora.Modules.HR.csproj]
C:\Users\Deven\Desktop\erp\nexora\backend\src\Nexora.Modules.HR\Controllers\AttendanceController.cs(39,24): error CS0103: The name 'Permission' does not exist in the current context [C:\Users\Deven\Desktop\erp\nexora\backend\src\Nexora.Modules.HR\Nexora.Modules.HR.csproj]
C:\Users\Deven\Desktop\erp\nexora\backend\src\Nexora.Modules.HR\Controllers\AttendanceController.cs(44,6): error CS0246: The type or namespace name 'RequirePermissionAttribute' could not be found (are you missing a using directive or an assembly reference?) [C:\Users\Deven\Desktop\erp\nexora\backend\src\Nexora.Modules.HR\Nexora.Modules.HR.csproj]
C:\Users\Deven\Desktop\erp\nexora\backend\src\Nexora.Modules.HR\Controllers\AttendanceController.cs(44,6): error CS0246: The type or namespace name 'RequirePermission' could not be found (are you missing a using directive or an assembly reference?) [C:\Users\Deven\Desktop\erp\nexora\backend\src\Nexora.Modules.HR\Nexora.Modules.HR.csproj]
C:\Users\Deven\Desktop\erp\nexora\backend\src\Nexora.Modules.HR\Controllers\AttendanceController.cs(44,24): error CS0103: The name 'Permission' does not exist in the current context [C:\Users\Deven\Desktop\erp\nexora\backend\src\Nexora.Modules.HR\Nexora.Modules.HR.csproj]
C:\Users\Deven\Desktop\erp\nexora\backend\src\Nexora.Modules.HR\Controllers\AttendanceController.cs(63,6): error CS0246: The type or namespace name 'RequirePermissionAttribute' could not be found (are you missing a using directive or an assembly reference?) [C:\Users\Deven\Desktop\erp\nexora\backend\src\Nexora.Modules.HR\Nexora.Modules.HR.csproj]
C:\Users\Deven\Desktop\erp\nexora\backend\src\Nexora.Modules.HR\Controllers\AttendanceController.cs(63,6): error CS0246: The type or namespace name 'RequirePermission' could not be found (are you missing a using directive or an assembly reference?) [C:\Users\Deven\Desktop\erp\nexora\backend\src\Nexora.Modules.HR\Nexora.Modules.HR.csproj]
C:\Users\Deven\Desktop\erp\nexora\backend\src\Nexora.Modules.HR\Controllers\AttendanceController.cs(63,24): error CS0103: The name 'Permission' does not exist in the current context [C:\Users\Deven\Desktop\erp\nexora\backend\src\Nexora.Modules.HR\Nexora.Modules.HR.csproj]
C:\Users\Deven\Desktop\erp\nexora\backend\src\Nexora.Modules.HR\Controllers\AttendanceController.cs(75,6): error CS0246: The type or namespace name 'RequirePermissionAttribute' could not be found (are you missing a using directive or an assembly reference?) [C:\Users\Deven\Desktop\erp\nexora\backend\src\Nexora.Modules.HR\Nexora.Modules.HR.csproj]
C:\Users\Deven\Desktop\erp\nexora\backend\src\Nexora.Modules.HR\Controllers\AttendanceController.cs(75,6): error CS0246: The type or namespace name 'RequirePermission' could not be found (are you missing a using directive or an assembly reference?) [C:\Users\Deven\Desktop\erp\nexora\backend\src\Nexora.Modules.HR\Nexora.Modules.HR.csproj]
C:\Users\Deven\Desktop\erp\nexora\backend\src\Nexora.Modules.HR\Controllers\AttendanceController.cs(75,24): error CS0103: The name 'Permission' does not exist in the current context [C:\Users\Deven\Desktop\erp\nexora\backend\src\Nexora.Modules.HR\Nexora.Modules.HR.csproj]
C:\Users\Deven\Desktop\erp\nexora\backend\src\Nexora.Modules.HR\Entities\Employee.cs(5,25): error CS0246: The type or namespace name 'TenantEntity' could not be found (are you missing a using directive or an assembly reference?) [C:\Users\Deven\Desktop\erp\nexora\backend\src\Nexora.Modules.HR\Nexora.Modules.HR.csproj]
C:\Users\Deven\Desktop\erp\nexora\backend\src\Nexora.Modules.HR\Controllers\AttendanceController.cs(85,6): error CS0246: The type or namespace name 'RequirePermissionAttribute' could not be found (are you missing a using directive or an assembly reference?) [C:\Users\Deven\Desktop\erp\nexora\backend\src\Nexora.Modules.HR\Nexora.Modules.HR.csproj]
C:\Users\Deven\Desktop\erp\nexora\backend\src\Nexora.Modules.HR\Controllers\AttendanceController.cs(85,6): error CS0246: The type or namespace name 'RequirePermission' could not be found (are you missing a using directive or an assembly reference?) [C:\Users\Deven\Desktop\erp\nexora\backend\src\Nexora.Modules.HR\Nexora.Modules.HR.csproj]
C:\Users\Deven\Desktop\erp\nexora\backend\src\Nexora.Modules.HR\Controllers\AttendanceController.cs(85,24): error CS0103: The name 'Permission' does not exist in the current context [C:\Users\Deven\Desktop\erp\nexora\backend\src\Nexora.Modules.HR\Nexora.Modules.HR.csproj]
C:\Users\Deven\Desktop\erp\nexora\backend\src\Nexora.Modules.HR\Entities\Employee.cs(34,42): error CS0246: The type or namespace name 'TenantEntity' could not be found (are you missing a using directive or an assembly reference?) [C:\Users\Deven\Desktop\erp\nexora\backend\src\Nexora.Modules.HR\Nexora.Modules.HR.csproj]
C:\Users\Deven\Desktop\erp\nexora\backend\src\Nexora.Modules.HR\Controllers\EmployeeDocumentsController.cs(65,41): error CS0246: The type or namespace name 'IFormFile' could not be found (are you missing a using directive or an assembly reference?) [C:\Users\Deven\Desktop\erp\nexora\backend\src\Nexora.Modules.HR\Nexora.Modules.HR.csproj]
C:\Users\Deven\Desktop\erp\nexora\backend\src\Nexora.Modules.HR\Controllers\AttendanceController.cs(100,6): error CS0246: The type or namespace name 'RequirePermissionAttribute' could not be found (are you missing a using directive or an assembly reference?) [C:\Users\Deven\Desktop\erp\nexora\backend\src\Nexora.Modules.HR\Nexora.Modules.HR.csproj]
C:\Users\Deven\Desktop\erp\nexora\backend\src\Nexora.Modules.HR\Controllers\AttendanceController.cs(100,6): error CS0246: The type or namespace name 'RequirePermission' could not be found (are you missing a using directive or an assembly reference?) [C:\Users\Deven\Desktop\erp\nexora\backend\src\Nexora.Modules.HR\Nexora.Modules.HR.csproj]
C:\Users\Deven\Desktop\erp\nexora\backend\src\Nexora.Modules.HR\Controllers\AttendanceController.cs(100,24): error CS0103: The name 'Permission' does not exist in the current context [C:\Users\Deven\Desktop\erp\nexora\backend\src\Nexora.Modules.HR\Nexora.Modules.HR.csproj]
C:\Users\Deven\Desktop\erp\nexora\backend\src\Nexora.Modules.HR\Entities\EmployeeCreatedEvent.cs(8,79): error CS0246: The type or namespace name 'DomainEvent' could not be found (are you missing a using directive or an assembly reference?) [C:\Users\Deven\Desktop\erp\nexora\backend\src\Nexora.Modules.HR\Nexora.Modules.HR.csproj]
C:\Users\Deven\Desktop\erp\nexora\backend\src\Nexora.Modules.HR\Controllers\EmployeeDocumentsController.cs(27,22): error CS0246: The type or namespace name 'NexoraDbContext' could not be found (are you missing a using directive or an assembly reference?) [C:\Users\Deven\Desktop\erp\nexora\backend\src\Nexora.Modules.HR\Nexora.Modules.HR.csproj]
C:\Users\Deven\Desktop\erp\nexora\backend\src\Nexora.Modules.HR\Controllers\AttendanceController.cs(123,6): error CS0246: The type or namespace name 'RequirePermissionAttribute' could not be found (are you missing a using directive or an assembly reference?) [C:\Users\Deven\Desktop\erp\nexora\backend\src\Nexora.Modules.HR\Nexora.Modules.HR.csproj]
C:\Users\Deven\Desktop\erp\nexora\backend\src\Nexora.Modules.HR\Controllers\AttendanceController.cs(123,6): error CS0246: The type or namespace name 'RequirePermission' could not be found (are you missing a using directive or an assembly reference?) [C:\Users\Deven\Desktop\erp\nexora\backend\src\Nexora.Modules.HR\Nexora.Modules.HR.csproj]
C:\Users\Deven\Desktop\erp\nexora\backend\src\Nexora.Modules.HR\Controllers\AttendanceController.cs(123,24): error CS0103: The name 'Permission' does not exist in the current context [C:\Users\Deven\Desktop\erp\nexora\backend\src\Nexora.Modules.HR\Nexora.Modules.HR.csproj]
C:\Users\Deven\Desktop\erp\nexora\backend\src\Nexora.Modules.HR\Entities\EmployeeDocument.cs(24,33): error CS0246: The type or namespace name 'TenantEntity' could not be found (are you missing a using directive or an assembly reference?) [C:\Users\Deven\Desktop\erp\nexora\backend\src\Nexora.Modules.HR\Nexora.Modules.HR.csproj]
C:\Users\Deven\Desktop\erp\nexora\backend\src\Nexora.Modules.HR\Controllers\EmployeeDocumentsController.cs(30,40): error CS0246: The type or namespace name 'NexoraDbContext' could not be found (are you missing a using directive or an assembly reference?) [C:\Users\Deven\Desktop\erp\nexora\backend\src\Nexora.Modules.HR\Nexora.Modules.HR.csproj]
C:\Users\Deven\Desktop\erp\nexora\backend\src\Nexora.Modules.HR\Entities\JobTitle.cs(10,25): error CS0246: The type or namespace name 'TenantEntity' could not be found (are you missing a using directive or an assembly reference?) [C:\Users\Deven\Desktop\erp\nexora\backend\src\Nexora.Modules.HR\Nexora.Modules.HR.csproj]
C:\Users\Deven\Desktop\erp\nexora\backend\src\Nexora.Modules.HR\Controllers\AttendanceController.cs(142,6): error CS0246: The type or namespace name 'RequirePermissionAttribute' could not be found (are you missing a using directive or an assembly reference?) [C:\Users\Deven\Desktop\erp\nexora\backend\src\Nexora.Modules.HR\Nexora.Modules.HR.csproj]
C:\Users\Deven\Desktop\erp\nexora\backend\src\Nexora.Modules.HR\Controllers\AttendanceController.cs(142,6): error CS0246: The type or namespace name 'RequirePermission' could not be found (are you missing a using directive or an assembly reference?) [C:\Users\Deven\Desktop\erp\nexora\backend\src\Nexora.Modules.HR\Nexora.Modules.HR.csproj]
C:\Users\Deven\Desktop\erp\nexora\backend\src\Nexora.Modules.HR\Controllers\AttendanceController.cs(142,24): error CS0103: The name 'Permission' does not exist in the current context [C:\Users\Deven\Desktop\erp\nexora\backend\src\Nexora.Modules.HR\Nexora.Modules.HR.csproj]
C:\Users\Deven\Desktop\erp\nexora\backend\src\Nexora.Modules.HR\Controllers\EmployeeDocumentsController.cs(46,6): error CS0246: The type or namespace name 'RequirePermissionAttribute' could not be found (are you missing a using directive or an assembly reference?) [C:\Users\Deven\Desktop\erp\nexora\backend\src\Nexora.Modules.HR\Nexora.Modules.HR.csproj]
C:\Users\Deven\Desktop\erp\nexora\backend\src\Nexora.Modules.HR\Controllers\EmployeeDocumentsController.cs(46,6): error CS0246: The type or namespace name 'RequirePermission' could not be found (are you missing a using directive or an assembly reference?) [C:\Users\Deven\Desktop\erp\nexora\backend\src\Nexora.Modules.HR\Nexora.Modules.HR.csproj]
C:\Users\Deven\Desktop\erp\nexora\backend\src\Nexora.Modules.HR\Controllers\EmployeeDocumentsController.cs(46,24): error CS0103: The name 'Permission' does not exist in the current context [C:\Users\Deven\Desktop\erp\nexora\backend\src\Nexora.Modules.HR\Nexora.Modules.HR.csproj]
C:\Users\Deven\Desktop\erp\nexora\backend\src\Nexora.Modules.HR\Entities\LeaveRequest.cs(31,29): error CS0246: The type or namespace name 'TenantEntity' could not be found (are you missing a using directive or an assembly reference?) [C:\Users\Deven\Desktop\erp\nexora\backend\src\Nexora.Modules.HR\Nexora.Modules.HR.csproj]
C:\Users\Deven\Desktop\erp\nexora\backend\src\Nexora.Modules.HR\Controllers\EmployeesController.cs(33,71): error CS0246: The type or namespace name 'ScopeDecision' could not be found (are you missing a using directive or an assembly reference?) [C:\Users\Deven\Desktop\erp\nexora\backend\src\Nexora.Modules.HR\Nexora.Modules.HR.csproj]
C:\Users\Deven\Desktop\erp\nexora\backend\src\Nexora.Modules.HR\Controllers\EmployeeDocumentsController.cs(54,6): error CS0246: The type or namespace name 'RequirePermissionAttribute' could not be found (are you missing a using directive or an assembly reference?) [C:\Users\Deven\Desktop\erp\nexora\backend\src\Nexora.Modules.HR\Nexora.Modules.HR.csproj]
C:\Users\Deven\Desktop\erp\nexora\backend\src\Nexora.Modules.HR\Controllers\EmployeeDocumentsController.cs(54,6): error CS0246: The type or namespace name 'RequirePermission' could not be found (are you missing a using directive or an assembly reference?) [C:\Users\Deven\Desktop\erp\nexora\backend\src\Nexora.Modules.HR\Nexora.Modules.HR.csproj]
C:\Users\Deven\Desktop\erp\nexora\backend\src\Nexora.Modules.HR\Controllers\EmployeeDocumentsController.cs(54,24): error CS0103: The name 'Permission' does not exist in the current context [C:\Users\Deven\Desktop\erp\nexora\backend\src\Nexora.Modules.HR\Nexora.Modules.HR.csproj]
C:\Users\Deven\Desktop\erp\nexora\backend\src\Nexora.Modules.HR\Entities\LeaveRequest.cs(71,29): error CS0246: The type or namespace name 'TenantEntity' could not be found (are you missing a using directive or an assembly reference?) [C:\Users\Deven\Desktop\erp\nexora\backend\src\Nexora.Modules.HR\Nexora.Modules.HR.csproj]
C:\Users\Deven\Desktop\erp\nexora\backend\src\Nexora.Modules.HR\Controllers\EmployeesController.cs(19,22): error CS0246: The type or namespace name 'NexoraDbContext' could not be found (are you missing a using directive or an assembly reference?) [C:\Users\Deven\Desktop\erp\nexora\backend\src\Nexora.Modules.HR\Nexora.Modules.HR.csproj]
C:\Users\Deven\Desktop\erp\nexora\backend\src\Nexora.Modules.HR\Entities\LeaveType.cs(6,26): error CS0246: The type or namespace name 'TenantEntity' could not be found (are you missing a using directive or an assembly reference?) [C:\Users\Deven\Desktop\erp\nexora\backend\src\Nexora.Modules.HR\Nexora.Modules.HR.csproj]
C:\Users\Deven\Desktop\erp\nexora\backend\src\Nexora.Modules.HR\Controllers\EmployeeDocumentsController.cs(62,6): error CS0246: The type or namespace name 'RequirePermissionAttribute' could not be found (are you missing a using directive or an assembly reference?) [C:\Users\Deven\Desktop\erp\nexora\backend\src\Nexora.Modules.HR\Nexora.Modules.HR.csproj]
C:\Users\Deven\Desktop\erp\nexora\backend\src\Nexora.Modules.HR\Controllers\EmployeeDocumentsController.cs(62,6): error CS0246: The type or namespace name 'RequirePermission' could not be found (are you missing a using directive or an assembly reference?) [C:\Users\Deven\Desktop\erp\nexora\backend\src\Nexora.Modules.HR\Nexora.Modules.HR.csproj]
C:\Users\Deven\Desktop\erp\nexora\backend\src\Nexora.Modules.HR\Controllers\EmployeeDocumentsController.cs(62,24): error CS0103: The name 'Permission' does not exist in the current context [C:\Users\Deven\Desktop\erp\nexora\backend\src\Nexora.Modules.HR\Nexora.Modules.HR.csproj]
C:\Users\Deven\Desktop\erp\nexora\backend\src\Nexora.Modules.HR\Controllers\EmployeesController.cs(20,22): error CS0246: The type or namespace name 'DataScopeService' could not be found (are you missing a using directive or an assembly reference?) [C:\Users\Deven\Desktop\erp\nexora\backend\src\Nexora.Modules.HR\Nexora.Modules.HR.csproj]
C:\Users\Deven\Desktop\erp\nexora\backend\src\Nexora.Modules.HR\Entities\TenantAttendanceSettings.cs(9,41): error CS0246: The type or namespace name 'TenantEntity' could not be found (are you missing a using directive or an assembly reference?) [C:\Users\Deven\Desktop\erp\nexora\backend\src\Nexora.Modules.HR\Nexora.Modules.HR.csproj]
C:\Users\Deven\Desktop\erp\nexora\backend\src\Nexora.Modules.HR\Entities\Timesheet.cs(5,32): error CS0246: The type or namespace name 'TenantEntity' could not be found (are you missing a using directive or an assembly reference?) [C:\Users\Deven\Desktop\erp\nexora\backend\src\Nexora.Modules.HR\Nexora.Modules.HR.csproj]
C:\Users\Deven\Desktop\erp\nexora\backend\src\Nexora.Modules.HR\Controllers\EmployeesController.cs(22,32): error CS0246: The type or namespace name 'NexoraDbContext' could not be found (are you missing a using directive or an assembly reference?) [C:\Users\Deven\Desktop\erp\nexora\backend\src\Nexora.Modules.HR\Nexora.Modules.HR.csproj]
C:\Users\Deven\Desktop\erp\nexora\backend\src\Nexora.Modules.HR\Controllers\EmployeesController.cs(22,52): error CS0246: The type or namespace name 'DataScopeService' could not be found (are you missing a using directive or an assembly reference?) [C:\Users\Deven\Desktop\erp\nexora\backend\src\Nexora.Modules.HR\Nexora.Modules.HR.csproj]
C:\Users\Deven\Desktop\erp\nexora\backend\src\Nexora.Modules.HR\Controllers\EmployeeDocumentsController.cs(102,6): error CS0246: The type or namespace name 'RequirePermissionAttribute' could not be found (are you missing a using directive or an assembly reference?) [C:\Users\Deven\Desktop\erp\nexora\backend\src\Nexora.Modules.HR\Nexora.Modules.HR.csproj]
C:\Users\Deven\Desktop\erp\nexora\backend\src\Nexora.Modules.HR\Controllers\EmployeeDocumentsController.cs(102,6): error CS0246: The type or namespace name 'RequirePermission' could not be found (are you missing a using directive or an assembly reference?) [C:\Users\Deven\Desktop\erp\nexora\backend\src\Nexora.Modules.HR\Nexora.Modules.HR.csproj]
C:\Users\Deven\Desktop\erp\nexora\backend\src\Nexora.Modules.HR\Controllers\EmployeeDocumentsController.cs(102,24): error CS0103: The name 'Permission' does not exist in the current context [C:\Users\Deven\Desktop\erp\nexora\backend\src\Nexora.Modules.HR\Nexora.Modules.HR.csproj]
C:\Users\Deven\Desktop\erp\nexora\backend\src\Nexora.Modules.HR\Entities\Timesheet.cs(17,31): error CS0246: The type or namespace name 'TenantEntity' could not be found (are you missing a using directive or an assembly reference?) [C:\Users\Deven\Desktop\erp\nexora\backend\src\Nexora.Modules.HR\Nexora.Modules.HR.csproj]
C:\Users\Deven\Desktop\erp\nexora\backend\src\Nexora.Modules.HR\Controllers\EmployeeDocumentsController.cs(116,6): error CS0246: The type or namespace name 'RequirePermissionAttribute' could not be found (are you missing a using directive or an assembly reference?) [C:\Users\Deven\Desktop\erp\nexora\backend\src\Nexora.Modules.HR\Nexora.Modules.HR.csproj]
C:\Users\Deven\Desktop\erp\nexora\backend\src\Nexora.Modules.HR\Controllers\EmployeeDocumentsController.cs(116,6): error CS0246: The type or namespace name 'RequirePermission' could not be found (are you missing a using directive or an assembly reference?) [C:\Users\Deven\Desktop\erp\nexora\backend\src\Nexora.Modules.HR\Nexora.Modules.HR.csproj]
C:\Users\Deven\Desktop\erp\nexora\backend\src\Nexora.Modules.HR\Controllers\EmployeeDocumentsController.cs(116,24): error CS0103: The name 'Permission' does not exist in the current context [C:\Users\Deven\Desktop\erp\nexora\backend\src\Nexora.Modules.HR\Nexora.Modules.HR.csproj]
C:\Users\Deven\Desktop\erp\nexora\backend\src\Nexora.Modules.HR\Controllers\EmployeesController.cs(60,6): error CS0246: The type or namespace name 'RequirePermissionAttribute' could not be found (are you missing a using directive or an assembly reference?) [C:\Users\Deven\Desktop\erp\nexora\backend\src\Nexora.Modules.HR\Nexora.Modules.HR.csproj]
C:\Users\Deven\Desktop\erp\nexora\backend\src\Nexora.Modules.HR\Controllers\EmployeesController.cs(60,6): error CS0246: The type or namespace name 'RequirePermission' could not be found (are you missing a using directive or an assembly reference?) [C:\Users\Deven\Desktop\erp\nexora\backend\src\Nexora.Modules.HR\Nexora.Modules.HR.csproj]
C:\Users\Deven\Desktop\erp\nexora\backend\src\Nexora.Modules.HR\Controllers\EmployeesController.cs(60,24): error CS0103: The name 'Permission' does not exist in the current context [C:\Users\Deven\Desktop\erp\nexora\backend\src\Nexora.Modules.HR\Nexora.Modules.HR.csproj]
C:\Users\Deven\Desktop\erp\nexora\backend\src\Nexora.Modules.HR\Services\EmployeeCreatedAuditHandler.cs(14,64): error CS0246: The type or namespace name 'IDomainEventHandler<>' could not be found (are you missing a using directive or an assembly reference?) [C:\Users\Deven\Desktop\erp\nexora\backend\src\Nexora.Modules.HR\Nexora.Modules.HR.csproj]
C:\Users\Deven\Desktop\erp\nexora\backend\src\Nexora.Modules.HR\Services\EmployeeCreatedAuditHandler.cs(14,42): error CS0246: The type or namespace name 'NexoraDbContext' could not be found (are you missing a using directive or an assembly reference?) [C:\Users\Deven\Desktop\erp\nexora\backend\src\Nexora.Modules.HR\Nexora.Modules.HR.csproj]
C:\Users\Deven\Desktop\erp\nexora\backend\src\Nexora.Modules.HR\Controllers\EmployeesController.cs(81,6): error CS0246: The type or namespace name 'RequirePermissionAttribute' could not be found (are you missing a using directive or an assembly reference?) [C:\Users\Deven\Desktop\erp\nexora\backend\src\Nexora.Modules.HR\Nexora.Modules.HR.csproj]
C:\Users\Deven\Desktop\erp\nexora\backend\src\Nexora.Modules.HR\Controllers\EmployeesController.cs(81,6): error CS0246: The type or namespace name 'RequirePermission' could not be found (are you missing a using directive or an assembly reference?) [C:\Users\Deven\Desktop\erp\nexora\backend\src\Nexora.Modules.HR\Nexora.Modules.HR.csproj]
C:\Users\Deven\Desktop\erp\nexora\backend\src\Nexora.Modules.HR\Controllers\EmployeesController.cs(81,24): error CS0103: The name 'Permission' does not exist in the current context [C:\Users\Deven\Desktop\erp\nexora\backend\src\Nexora.Modules.HR\Nexora.Modules.HR.csproj]
C:\Users\Deven\Desktop\erp\nexora\backend\src\Nexora.Modules.HR\Controllers\JobTitlesController.cs(21,22): error CS0246: The type or namespace name 'NexoraDbContext' could not be found (are you missing a using directive or an assembly reference?) [C:\Users\Deven\Desktop\erp\nexora\backend\src\Nexora.Modules.HR\Nexora.Modules.HR.csproj]
C:\Users\Deven\Desktop\erp\nexora\backend\src\Nexora.Modules.HR\Services\EmployeeDocumentStorage.cs(16,56): error CS0246: The type or namespace name 'IFormFile' could not be found (are you missing a using directive or an assembly reference?) [C:\Users\Deven\Desktop\erp\nexora\backend\src\Nexora.Modules.HR\Nexora.Modules.HR.csproj]
C:\Users\Deven\Desktop\erp\nexora\backend\src\Nexora.Modules.HR\Services\EmployeeDocumentStorage.cs(10,36): error CS0246: The type or namespace name 'IWebHostEnvironment' could not be found (are you missing a using directive or an assembly reference?) [C:\Users\Deven\Desktop\erp\nexora\backend\src\Nexora.Modules.HR\Nexora.Modules.HR.csproj]
C:\Users\Deven\Desktop\erp\nexora\backend\src\Nexora.Modules.HR\Controllers\JobTitlesController.cs(22,34): error CS0246: The type or namespace name 'AppUser' could not be found (are you missing a using directive or an assembly reference?) [C:\Users\Deven\Desktop\erp\nexora\backend\src\Nexora.Modules.HR\Nexora.Modules.HR.csproj]
C:\Users\Deven\Desktop\erp\nexora\backend\src\Nexora.Modules.HR\Controllers\LeaveTypesController.cs(17,22): error CS0246: The type or namespace name 'NexoraDbContext' could not be found (are you missing a using directive or an assembly reference?) [C:\Users\Deven\Desktop\erp\nexora\backend\src\Nexora.Modules.HR\Nexora.Modules.HR.csproj]
C:\Users\Deven\Desktop\erp\nexora\backend\src\Nexora.Modules.HR\Controllers\LeaveRequestsController.cs(21,22): error CS0246: The type or namespace name 'NexoraDbContext' could not be found (are you missing a using directive or an assembly reference?) [C:\Users\Deven\Desktop\erp\nexora\backend\src\Nexora.Modules.HR\Nexora.Modules.HR.csproj]
C:\Users\Deven\Desktop\erp\nexora\backend\src\Nexora.Modules.HR\Controllers\LeaveTypesController.cs(18,33): error CS0246: The type or namespace name 'NexoraDbContext' could not be found (are you missing a using directive or an assembly reference?) [C:\Users\Deven\Desktop\erp\nexora\backend\src\Nexora.Modules.HR\Nexora.Modules.HR.csproj]
C:\Users\Deven\Desktop\erp\nexora\backend\src\Nexora.Modules.HR\Controllers\LeaveRequestsController.cs(22,22): error CS0246: The type or namespace name 'IApprovalWorkflowService' could not be found (are you missing a using directive or an assembly reference?) [C:\Users\Deven\Desktop\erp\nexora\backend\src\Nexora.Modules.HR\Nexora.Modules.HR.csproj]
C:\Users\Deven\Desktop\erp\nexora\backend\src\Nexora.Modules.HR\Controllers\TimesheetsController.cs(23,22): error CS0246: The type or namespace name 'NexoraDbContext' could not be found (are you missing a using directive or an assembly reference?) [C:\Users\Deven\Desktop\erp\nexora\backend\src\Nexora.Modules.HR\Nexora.Modules.HR.csproj]
C:\Users\Deven\Desktop\erp\nexora\backend\src\Nexora.Modules.HR\Controllers\LeaveRequestsController.cs(24,36): error CS0246: The type or namespace name 'NexoraDbContext' could not be found (are you missing a using directive or an assembly reference?) [C:\Users\Deven\Desktop\erp\nexora\backend\src\Nexora.Modules.HR\Nexora.Modules.HR.csproj]
C:\Users\Deven\Desktop\erp\nexora\backend\src\Nexora.Modules.HR\Controllers\LeaveRequestsController.cs(24,56): error CS0246: The type or namespace name 'IApprovalWorkflowService' could not be found (are you missing a using directive or an assembly reference?) [C:\Users\Deven\Desktop\erp\nexora\backend\src\Nexora.Modules.HR\Nexora.Modules.HR.csproj]
C:\Users\Deven\Desktop\erp\nexora\backend\src\Nexora.Modules.HR\Controllers\TimesheetsController.cs(24,33): error CS0246: The type or namespace name 'NexoraDbContext' could not be found (are you missing a using directive or an assembly reference?) [C:\Users\Deven\Desktop\erp\nexora\backend\src\Nexora.Modules.HR\Nexora.Modules.HR.csproj]
C:\Users\Deven\Desktop\erp\nexora\backend\src\Nexora.Modules.HR\Controllers\LeaveTypesController.cs(21,6): error CS0246: The type or namespace name 'RequirePermissionAttribute' could not be found (are you missing a using directive or an assembly reference?) [C:\Users\Deven\Desktop\erp\nexora\backend\src\Nexora.Modules.HR\Nexora.Modules.HR.csproj]
C:\Users\Deven\Desktop\erp\nexora\backend\src\Nexora.Modules.HR\Controllers\LeaveTypesController.cs(21,6): error CS0246: The type or namespace name 'RequirePermission' could not be found (are you missing a using directive or an assembly reference?) [C:\Users\Deven\Desktop\erp\nexora\backend\src\Nexora.Modules.HR\Nexora.Modules.HR.csproj]
C:\Users\Deven\Desktop\erp\nexora\backend\src\Nexora.Modules.HR\Controllers\LeaveTypesController.cs(21,24): error CS0103: The name 'Permission' does not exist in the current context [C:\Users\Deven\Desktop\erp\nexora\backend\src\Nexora.Modules.HR\Nexora.Modules.HR.csproj]
C:\Users\Deven\Desktop\erp\nexora\backend\src\Nexora.Modules.HR\Controllers\LeaveRequestsController.cs(41,6): error CS0246: The type or namespace name 'RequirePermissionAttribute' could not be found (are you missing a using directive or an assembly reference?) [C:\Users\Deven\Desktop\erp\nexora\backend\src\Nexora.Modules.HR\Nexora.Modules.HR.csproj]
C:\Users\Deven\Desktop\erp\nexora\backend\src\Nexora.Modules.HR\Controllers\LeaveRequestsController.cs(41,6): error CS0246: The type or namespace name 'RequirePermission' could not be found (are you missing a using directive or an assembly reference?) [C:\Users\Deven\Desktop\erp\nexora\backend\src\Nexora.Modules.HR\Nexora.Modules.HR.csproj]
C:\Users\Deven\Desktop\erp\nexora\backend\src\Nexora.Modules.HR\Controllers\LeaveRequestsController.cs(41,24): error CS0103: The name 'Permission' does not exist in the current context [C:\Users\Deven\Desktop\erp\nexora\backend\src\Nexora.Modules.HR\Nexora.Modules.HR.csproj]
C:\Users\Deven\Desktop\erp\nexora\backend\src\Nexora.Modules.HR\Controllers\LeaveTypesController.cs(34,6): error CS0246: The type or namespace name 'RequirePermissionAttribute' could not be found (are you missing a using directive or an assembly reference?) [C:\Users\Deven\Desktop\erp\nexora\backend\src\Nexora.Modules.HR\Nexora.Modules.HR.csproj]
C:\Users\Deven\Desktop\erp\nexora\backend\src\Nexora.Modules.HR\Controllers\LeaveTypesController.cs(34,6): error CS0246: The type or namespace name 'RequirePermission' could not be found (are you missing a using directive or an assembly reference?) [C:\Users\Deven\Desktop\erp\nexora\backend\src\Nexora.Modules.HR\Nexora.Modules.HR.csproj]
C:\Users\Deven\Desktop\erp\nexora\backend\src\Nexora.Modules.HR\Controllers\LeaveTypesController.cs(34,24): error CS0103: The name 'Permission' does not exist in the current context [C:\Users\Deven\Desktop\erp\nexora\backend\src\Nexora.Modules.HR\Nexora.Modules.HR.csproj]
C:\Users\Deven\Desktop\erp\nexora\backend\src\Nexora.Modules.HR\Controllers\TimesheetsController.cs(32,6): error CS0246: The type or namespace name 'RequirePermissionAttribute' could not be found (are you missing a using directive or an assembly reference?) [C:\Users\Deven\Desktop\erp\nexora\backend\src\Nexora.Modules.HR\Nexora.Modules.HR.csproj]
C:\Users\Deven\Desktop\erp\nexora\backend\src\Nexora.Modules.HR\Controllers\TimesheetsController.cs(32,6): error CS0246: The type or namespace name 'RequirePermission' could not be found (are you missing a using directive or an assembly reference?) [C:\Users\Deven\Desktop\erp\nexora\backend\src\Nexora.Modules.HR\Nexora.Modules.HR.csproj]
C:\Users\Deven\Desktop\erp\nexora\backend\src\Nexora.Modules.HR\Controllers\TimesheetsController.cs(32,24): error CS0103: The name 'Permission' does not exist in the current context [C:\Users\Deven\Desktop\erp\nexora\backend\src\Nexora.Modules.HR\Nexora.Modules.HR.csproj]
C:\Users\Deven\Desktop\erp\nexora\backend\src\Nexora.Modules.HR\Controllers\LeaveTypesController.cs(60,6): error CS0246: The type or namespace name 'RequirePermissionAttribute' could not be found (are you missing a using directive or an assembly reference?) [C:\Users\Deven\Desktop\erp\nexora\backend\src\Nexora.Modules.HR\Nexora.Modules.HR.csproj]
C:\Users\Deven\Desktop\erp\nexora\backend\src\Nexora.Modules.HR\Controllers\LeaveTypesController.cs(60,6): error CS0246: The type or namespace name 'RequirePermission' could not be found (are you missing a using directive or an assembly reference?) [C:\Users\Deven\Desktop\erp\nexora\backend\src\Nexora.Modules.HR\Nexora.Modules.HR.csproj]
C:\Users\Deven\Desktop\erp\nexora\backend\src\Nexora.Modules.HR\Controllers\LeaveTypesController.cs(60,24): error CS0103: The name 'Permission' does not exist in the current context [C:\Users\Deven\Desktop\erp\nexora\backend\src\Nexora.Modules.HR\Nexora.Modules.HR.csproj]
C:\Users\Deven\Desktop\erp\nexora\backend\src\Nexora.Modules.HR\Controllers\LeaveRequestsController.cs(49,6): error CS0246: The type or namespace name 'RequirePermissionAttribute' could not be found (are you missing a using directive or an assembly reference?) [C:\Users\Deven\Desktop\erp\nexora\backend\src\Nexora.Modules.HR\Nexora.Modules.HR.csproj]
C:\Users\Deven\Desktop\erp\nexora\backend\src\Nexora.Modules.HR\Controllers\LeaveRequestsController.cs(49,6): error CS0246: The type or namespace name 'RequirePermission' could not be found (are you missing a using directive or an assembly reference?) [C:\Users\Deven\Desktop\erp\nexora\backend\src\Nexora.Modules.HR\Nexora.Modules.HR.csproj]
C:\Users\Deven\Desktop\erp\nexora\backend\src\Nexora.Modules.HR\Controllers\LeaveRequestsController.cs(49,24): error CS0103: The name 'Permission' does not exist in the current context [C:\Users\Deven\Desktop\erp\nexora\backend\src\Nexora.Modules.HR\Nexora.Modules.HR.csproj]
C:\Users\Deven\Desktop\erp\nexora\backend\src\Nexora.Modules.HR\Controllers\TimesheetsController.cs(43,6): error CS0246: The type or namespace name 'RequirePermissionAttribute' could not be found (are you missing a using directive or an assembly reference?) [C:\Users\Deven\Desktop\erp\nexora\backend\src\Nexora.Modules.HR\Nexora.Modules.HR.csproj]
C:\Users\Deven\Desktop\erp\nexora\backend\src\Nexora.Modules.HR\Controllers\TimesheetsController.cs(43,6): error CS0246: The type or namespace name 'RequirePermission' could not be found (are you missing a using directive or an assembly reference?) [C:\Users\Deven\Desktop\erp\nexora\backend\src\Nexora.Modules.HR\Nexora.Modules.HR.csproj]
C:\Users\Deven\Desktop\erp\nexora\backend\src\Nexora.Modules.HR\Controllers\TimesheetsController.cs(43,24): error CS0103: The name 'Permission' does not exist in the current context [C:\Users\Deven\Desktop\erp\nexora\backend\src\Nexora.Modules.HR\Nexora.Modules.HR.csproj]
C:\Users\Deven\Desktop\erp\nexora\backend\src\Nexora.Modules.HR\Controllers\LeaveRequestsController.cs(76,6): error CS0246: The type or namespace name 'RequirePermissionAttribute' could not be found (are you missing a using directive or an assembly reference?) [C:\Users\Deven\Desktop\erp\nexora\backend\src\Nexora.Modules.HR\Nexora.Modules.HR.csproj]
C:\Users\Deven\Desktop\erp\nexora\backend\src\Nexora.Modules.HR\Controllers\LeaveRequestsController.cs(76,6): error CS0246: The type or namespace name 'RequirePermission' could not be found (are you missing a using directive or an assembly reference?) [C:\Users\Deven\Desktop\erp\nexora\backend\src\Nexora.Modules.HR\Nexora.Modules.HR.csproj]
C:\Users\Deven\Desktop\erp\nexora\backend\src\Nexora.Modules.HR\Controllers\LeaveRequestsController.cs(76,24): error CS0103: The name 'Permission' does not exist in the current context [C:\Users\Deven\Desktop\erp\nexora\backend\src\Nexora.Modules.HR\Nexora.Modules.HR.csproj]
C:\Users\Deven\Desktop\erp\nexora\backend\src\Nexora.Modules.HR\Controllers\TimesheetsController.cs(58,6): error CS0246: The type or namespace name 'RequirePermissionAttribute' could not be found (are you missing a using directive or an assembly reference?) [C:\Users\Deven\Desktop\erp\nexora\backend\src\Nexora.Modules.HR\Nexora.Modules.HR.csproj]
C:\Users\Deven\Desktop\erp\nexora\backend\src\Nexora.Modules.HR\Controllers\TimesheetsController.cs(58,6): error CS0246: The type or namespace name 'RequirePermission' could not be found (are you missing a using directive or an assembly reference?) [C:\Users\Deven\Desktop\erp\nexora\backend\src\Nexora.Modules.HR\Nexora.Modules.HR.csproj]
C:\Users\Deven\Desktop\erp\nexora\backend\src\Nexora.Modules.HR\Controllers\TimesheetsController.cs(58,24): error CS0103: The name 'Permission' does not exist in the current context [C:\Users\Deven\Desktop\erp\nexora\backend\src\Nexora.Modules.HR\Nexora.Modules.HR.csproj]
C:\Users\Deven\Desktop\erp\nexora\backend\src\Nexora.Modules.HR\Controllers\TimesheetsController.cs(86,6): error CS0246: The type or namespace name 'RequirePermissionAttribute' could not be found (are you missing a using directive or an assembly reference?) [C:\Users\Deven\Desktop\erp\nexora\backend\src\Nexora.Modules.HR\Nexora.Modules.HR.csproj]
C:\Users\Deven\Desktop\erp\nexora\backend\src\Nexora.Modules.HR\Controllers\TimesheetsController.cs(86,6): error CS0246: The type or namespace name 'RequirePermission' could not be found (are you missing a using directive or an assembly reference?) [C:\Users\Deven\Desktop\erp\nexora\backend\src\Nexora.Modules.HR\Nexora.Modules.HR.csproj]
C:\Users\Deven\Desktop\erp\nexora\backend\src\Nexora.Modules.HR\Controllers\TimesheetsController.cs(86,24): error CS0103: The name 'Permission' does not exist in the current context [C:\Users\Deven\Desktop\erp\nexora\backend\src\Nexora.Modules.HR\Nexora.Modules.HR.csproj]
C:\Users\Deven\Desktop\erp\nexora\backend\src\Nexora.Modules.HR\Controllers\LeaveRequestsController.cs(87,6): error CS0246: The type or namespace name 'RequirePermissionAttribute' could not be found (are you missing a using directive or an assembly reference?) [C:\Users\Deven\Desktop\erp\nexora\backend\src\Nexora.Modules.HR\Nexora.Modules.HR.csproj]
C:\Users\Deven\Desktop\erp\nexora\backend\src\Nexora.Modules.HR\Controllers\LeaveRequestsController.cs(87,6): error CS0246: The type or namespace name 'RequirePermission' could not be found (are you missing a using directive or an assembly reference?) [C:\Users\Deven\Desktop\erp\nexora\backend\src\Nexora.Modules.HR\Nexora.Modules.HR.csproj]
C:\Users\Deven\Desktop\erp\nexora\backend\src\Nexora.Modules.HR\Controllers\LeaveRequestsController.cs(87,24): error CS0103: The name 'Permission' does not exist in the current context [C:\Users\Deven\Desktop\erp\nexora\backend\src\Nexora.Modules.HR\Nexora.Modules.HR.csproj]
C:\Users\Deven\Desktop\erp\nexora\backend\src\Nexora.Modules.HR\Controllers\LeaveRequestsController.cs(106,6): error CS0246: The type or namespace name 'RequirePermissionAttribute' could not be found (are you missing a using directive or an assembly reference?) [C:\Users\Deven\Desktop\erp\nexora\backend\src\Nexora.Modules.HR\Nexora.Modules.HR.csproj]
C:\Users\Deven\Desktop\erp\nexora\backend\src\Nexora.Modules.HR\Controllers\LeaveRequestsController.cs(106,6): error CS0246: The type or namespace name 'RequirePermission' could not be found (are you missing a using directive or an assembly reference?) [C:\Users\Deven\Desktop\erp\nexora\backend\src\Nexora.Modules.HR\Nexora.Modules.HR.csproj]
C:\Users\Deven\Desktop\erp\nexora\backend\src\Nexora.Modules.HR\Controllers\LeaveRequestsController.cs(106,24): error CS0103: The name 'Permission' does not exist in the current context [C:\Users\Deven\Desktop\erp\nexora\backend\src\Nexora.Modules.HR\Nexora.Modules.HR.csproj]
C:\Users\Deven\Desktop\erp\nexora\backend\src\Nexora.Modules.HR\Controllers\LeaveRequestsController.cs(125,6): error CS0246: The type or namespace name 'RequirePermissionAttribute' could not be found (are you missing a using directive or an assembly reference?) [C:\Users\Deven\Desktop\erp\nexora\backend\src\Nexora.Modules.HR\Nexora.Modules.HR.csproj]
C:\Users\Deven\Desktop\erp\nexora\backend\src\Nexora.Modules.HR\Controllers\LeaveRequestsController.cs(125,6): error CS0246: The type or namespace name 'RequirePermission' could not be found (are you missing a using directive or an assembly reference?) [C:\Users\Deven\Desktop\erp\nexora\backend\src\Nexora.Modules.HR\Nexora.Modules.HR.csproj]
C:\Users\Deven\Desktop\erp\nexora\backend\src\Nexora.Modules.HR\Controllers\LeaveRequestsController.cs(125,24): error CS0103: The name 'Permission' does not exist in the current context [C:\Users\Deven\Desktop\erp\nexora\backend\src\Nexora.Modules.HR\Nexora.Modules.HR.csproj]
C:\Users\Deven\Desktop\erp\nexora\backend\src\Nexora.Modules.HR\Controllers\LeaveRequestsController.cs(192,6): error CS0246: The type or namespace name 'RequirePermissionAttribute' could not be found (are you missing a using directive or an assembly reference?) [C:\Users\Deven\Desktop\erp\nexora\backend\src\Nexora.Modules.HR\Nexora.Modules.HR.csproj]
C:\Users\Deven\Desktop\erp\nexora\backend\src\Nexora.Modules.HR\Controllers\LeaveRequestsController.cs(192,6): error CS0246: The type or namespace name 'RequirePermission' could not be found (are you missing a using directive or an assembly reference?) [C:\Users\Deven\Desktop\erp\nexora\backend\src\Nexora.Modules.HR\Nexora.Modules.HR.csproj]
C:\Users\Deven\Desktop\erp\nexora\backend\src\Nexora.Modules.HR\Controllers\LeaveRequestsController.cs(192,24): error CS0103: The name 'Permission' does not exist in the current context [C:\Users\Deven\Desktop\erp\nexora\backend\src\Nexora.Modules.HR\Nexora.Modules.HR.csproj]
C:\Users\Deven\Desktop\erp\nexora\backend\src\Nexora.Modules.HR\Controllers\LeaveRequestsController.cs(265,6): error CS0246: The type or namespace name 'RequirePermissionAttribute' could not be found (are you missing a using directive or an assembly reference?) [C:\Users\Deven\Desktop\erp\nexora\backend\src\Nexora.Modules.HR\Nexora.Modules.HR.csproj]
C:\Users\Deven\Desktop\erp\nexora\backend\src\Nexora.Modules.HR\Controllers\LeaveRequestsController.cs(265,6): error CS0246: The type or namespace name 'RequirePermission' could not be found (are you missing a using directive or an assembly reference?) [C:\Users\Deven\Desktop\erp\nexora\backend\src\Nexora.Modules.HR\Nexora.Modules.HR.csproj]
C:\Users\Deven\Desktop\erp\nexora\backend\src\Nexora.Modules.HR\Controllers\LeaveRequestsController.cs(265,24): error CS0103: The name 'Permission' does not exist in the current context [C:\Users\Deven\Desktop\erp\nexora\backend\src\Nexora.Modules.HR\Nexora.Modules.HR.csproj]
C:\Users\Deven\Desktop\erp\nexora\backend\src\Nexora.Modules.HR\Controllers\EmployeesController.cs(103,6): error CS0246: The type or namespace name 'RequirePermissionAttribute' could not be found (are you missing a using directive or an assembly reference?) [C:\Users\Deven\Desktop\erp\nexora\backend\src\Nexora.Modules.HR\Nexora.Modules.HR.csproj]
C:\Users\Deven\Desktop\erp\nexora\backend\src\Nexora.Modules.HR\Controllers\EmployeesController.cs(103,6): error CS0246: The type or namespace name 'RequirePermission' could not be found (are you missing a using directive or an assembly reference?) [C:\Users\Deven\Desktop\erp\nexora\backend\src\Nexora.Modules.HR\Nexora.Modules.HR.csproj]
C:\Users\Deven\Desktop\erp\nexora\backend\src\Nexora.Modules.HR\Controllers\EmployeesController.cs(103,24): error CS0103: The name 'Permission' does not exist in the current context [C:\Users\Deven\Desktop\erp\nexora\backend\src\Nexora.Modules.HR\Nexora.Modules.HR.csproj]
C:\Users\Deven\Desktop\erp\nexora\backend\src\Nexora.Modules.HR\Controllers\JobTitlesController.cs(24,32): error CS0246: The type or namespace name 'NexoraDbContext' could not be found (are you missing a using directive or an assembly reference?) [C:\Users\Deven\Desktop\erp\nexora\backend\src\Nexora.Modules.HR\Nexora.Modules.HR.csproj]
C:\Users\Deven\Desktop\erp\nexora\backend\src\Nexora.Modules.HR\Controllers\JobTitlesController.cs(24,64): error CS0246: The type or namespace name 'AppUser' could not be found (are you missing a using directive or an assembly reference?) [C:\Users\Deven\Desktop\erp\nexora\backend\src\Nexora.Modules.HR\Nexora.Modules.HR.csproj]
C:\Users\Deven\Desktop\erp\nexora\backend\src\Nexora.Modules.HR\Controllers\EmployeesController.cs(133,6): error CS0246: The type or namespace name 'RequirePermissionAttribute' could not be found (are you missing a using directive or an assembly reference?) [C:\Users\Deven\Desktop\erp\nexora\backend\src\Nexora.Modules.HR\Nexora.Modules.HR.csproj]
C:\Users\Deven\Desktop\erp\nexora\backend\src\Nexora.Modules.HR\Controllers\EmployeesController.cs(133,6): error CS0246: The type or namespace name 'RequirePermission' could not be found (are you missing a using directive or an assembly reference?) [C:\Users\Deven\Desktop\erp\nexora\backend\src\Nexora.Modules.HR\Nexora.Modules.HR.csproj]
C:\Users\Deven\Desktop\erp\nexora\backend\src\Nexora.Modules.HR\Controllers\EmployeesController.cs(133,24): error CS0103: The name 'Permission' does not exist in the current context [C:\Users\Deven\Desktop\erp\nexora\backend\src\Nexora.Modules.HR\Nexora.Modules.HR.csproj]
C:\Users\Deven\Desktop\erp\nexora\backend\src\Nexora.Modules.HR\Controllers\EmployeesController.cs(160,6): error CS0246: The type or namespace name 'RequirePermissionAttribute' could not be found (are you missing a using directive or an assembly reference?) [C:\Users\Deven\Desktop\erp\nexora\backend\src\Nexora.Modules.HR\Nexora.Modules.HR.csproj]
C:\Users\Deven\Desktop\erp\nexora\backend\src\Nexora.Modules.HR\Controllers\JobTitlesController.cs(47,6): error CS0246: The type or namespace name 'RequirePermissionAttribute' could not be found (are you missing a using directive or an assembly reference?) [C:\Users\Deven\Desktop\erp\nexora\backend\src\Nexora.Modules.HR\Nexora.Modules.HR.csproj]
C:\Users\Deven\Desktop\erp\nexora\backend\src\Nexora.Modules.HR\Controllers\EmployeesController.cs(160,6): error CS0246: The type or namespace name 'RequirePermission' could not be found (are you missing a using directive or an assembly reference?) [C:\Users\Deven\Desktop\erp\nexora\backend\src\Nexora.Modules.HR\Nexora.Modules.HR.csproj]
C:\Users\Deven\Desktop\erp\nexora\backend\src\Nexora.Modules.HR\Controllers\JobTitlesController.cs(47,6): error CS0246: The type or namespace name 'RequirePermission' could not be found (are you missing a using directive or an assembly reference?) [C:\Users\Deven\Desktop\erp\nexora\backend\src\Nexora.Modules.HR\Nexora.Modules.HR.csproj]
C:\Users\Deven\Desktop\erp\nexora\backend\src\Nexora.Modules.HR\Controllers\EmployeesController.cs(160,24): error CS0103: The name 'Permission' does not exist in the current context [C:\Users\Deven\Desktop\erp\nexora\backend\src\Nexora.Modules.HR\Nexora.Modules.HR.csproj]
C:\Users\Deven\Desktop\erp\nexora\backend\src\Nexora.Modules.HR\Controllers\JobTitlesController.cs(47,24): error CS0103: The name 'Permission' does not exist in the current context [C:\Users\Deven\Desktop\erp\nexora\backend\src\Nexora.Modules.HR\Nexora.Modules.HR.csproj]
C:\Users\Deven\Desktop\erp\nexora\backend\src\Nexora.Modules.HR\Controllers\EmployeesController.cs(219,6): error CS0246: The type or namespace name 'RequirePermissionAttribute' could not be found (are you missing a using directive or an assembly reference?) [C:\Users\Deven\Desktop\erp\nexora\backend\src\Nexora.Modules.HR\Nexora.Modules.HR.csproj]
C:\Users\Deven\Desktop\erp\nexora\backend\src\Nexora.Modules.HR\Controllers\EmployeesController.cs(219,6): error CS0246: The type or namespace name 'RequirePermission' could not be found (are you missing a using directive or an assembly reference?) [C:\Users\Deven\Desktop\erp\nexora\backend\src\Nexora.Modules.HR\Nexora.Modules.HR.csproj]
C:\Users\Deven\Desktop\erp\nexora\backend\src\Nexora.Modules.HR\Controllers\EmployeesController.cs(219,24): error CS0103: The name 'Permission' does not exist in the current context [C:\Users\Deven\Desktop\erp\nexora\backend\src\Nexora.Modules.HR\Nexora.Modules.HR.csproj]
C:\Users\Deven\Desktop\erp\nexora\backend\src\Nexora.Modules.HR\Controllers\JobTitlesController.cs(59,6): error CS0246: The type or namespace name 'RequirePermissionAttribute' could not be found (are you missing a using directive or an assembly reference?) [C:\Users\Deven\Desktop\erp\nexora\backend\src\Nexora.Modules.HR\Nexora.Modules.HR.csproj]
C:\Users\Deven\Desktop\erp\nexora\backend\src\Nexora.Modules.HR\Controllers\JobTitlesController.cs(59,6): error CS0246: The type or namespace name 'RequirePermission' could not be found (are you missing a using directive or an assembly reference?) [C:\Users\Deven\Desktop\erp\nexora\backend\src\Nexora.Modules.HR\Nexora.Modules.HR.csproj]
C:\Users\Deven\Desktop\erp\nexora\backend\src\Nexora.Modules.HR\Controllers\JobTitlesController.cs(59,24): error CS0103: The name 'Permission' does not exist in the current context [C:\Users\Deven\Desktop\erp\nexora\backend\src\Nexora.Modules.HR\Nexora.Modules.HR.csproj]
C:\Users\Deven\Desktop\erp\nexora\backend\src\Nexora.Modules.HR\Controllers\JobTitlesController.cs(66,6): error CS0246: The type or namespace name 'RequirePermissionAttribute' could not be found (are you missing a using directive or an assembly reference?) [C:\Users\Deven\Desktop\erp\nexora\backend\src\Nexora.Modules.HR\Nexora.Modules.HR.csproj]
C:\Users\Deven\Desktop\erp\nexora\backend\src\Nexora.Modules.HR\Controllers\JobTitlesController.cs(66,6): error CS0246: The type or namespace name 'RequirePermission' could not be found (are you missing a using directive or an assembly reference?) [C:\Users\Deven\Desktop\erp\nexora\backend\src\Nexora.Modules.HR\Nexora.Modules.HR.csproj]
C:\Users\Deven\Desktop\erp\nexora\backend\src\Nexora.Modules.HR\Controllers\JobTitlesController.cs(66,24): error CS0103: The name 'Permission' does not exist in the current context [C:\Users\Deven\Desktop\erp\nexora\backend\src\Nexora.Modules.HR\Nexora.Modules.HR.csproj]
C:\Users\Deven\Desktop\erp\nexora\backend\src\Nexora.Modules.HR\Controllers\JobTitlesController.cs(103,6): error CS0246: The type or namespace name 'RequirePermissionAttribute' could not be found (are you missing a using directive or an assembly reference?) [C:\Users\Deven\Desktop\erp\nexora\backend\src\Nexora.Modules.HR\Nexora.Modules.HR.csproj]
C:\Users\Deven\Desktop\erp\nexora\backend\src\Nexora.Modules.HR\Controllers\JobTitlesController.cs(103,6): error CS0246: The type or namespace name 'RequirePermission' could not be found (are you missing a using directive or an assembly reference?) [C:\Users\Deven\Desktop\erp\nexora\backend\src\Nexora.Modules.HR\Nexora.Modules.HR.csproj]
C:\Users\Deven\Desktop\erp\nexora\backend\src\Nexora.Modules.HR\Controllers\JobTitlesController.cs(103,24): error CS0103: The name 'Permission' does not exist in the current context [C:\Users\Deven\Desktop\erp\nexora\backend\src\Nexora.Modules.HR\Nexora.Modules.HR.csproj]
C:\Users\Deven\Desktop\erp\nexora\backend\src\Nexora.Modules.HR\Controllers\JobTitlesController.cs(159,6): error CS0246: The type or namespace name 'RequirePermissionAttribute' could not be found (are you missing a using directive or an assembly reference?) [C:\Users\Deven\Desktop\erp\nexora\backend\src\Nexora.Modules.HR\Nexora.Modules.HR.csproj]
C:\Users\Deven\Desktop\erp\nexora\backend\src\Nexora.Modules.HR\Controllers\JobTitlesController.cs(159,6): error CS0246: The type or namespace name 'RequirePermission' could not be found (are you missing a using directive or an assembly reference?) [C:\Users\Deven\Desktop\erp\nexora\backend\src\Nexora.Modules.HR\Nexora.Modules.HR.csproj]
C:\Users\Deven\Desktop\erp\nexora\backend\src\Nexora.Modules.HR\Controllers\JobTitlesController.cs(159,24): error CS0103: The name 'Permission' does not exist in the current context [C:\Users\Deven\Desktop\erp\nexora\backend\src\Nexora.Modules.HR\Nexora.Modules.HR.csproj]
C:\Users\Deven\Desktop\erp\nexora\backend\src\Nexora.Modules.Notifications\Controllers\NotificationsController.cs(2,22): error CS0234: The type or namespace name 'Identity' does not exist in the namespace 'Nexora.Modules' (are you missing an assembly reference?) [C:\Users\Deven\Desktop\erp\nexora\backend\src\Nexora.Modules.Notifications\Nexora.Modules.Notifications.csproj]
C:\Users\Deven\Desktop\erp\nexora\backend\src\Nexora.Modules.Notifications\Controllers\NotificationsController.cs(3,22): error CS0234: The type or namespace name 'Payroll' does not exist in the namespace 'Nexora.Modules' (are you missing an assembly reference?) [C:\Users\Deven\Desktop\erp\nexora\backend\src\Nexora.Modules.Notifications\Nexora.Modules.Notifications.csproj]
C:\Users\Deven\Desktop\erp\nexora\backend\src\Nexora.Modules.Notifications\Controllers\NotificationsController.cs(4,22): error CS0234: The type or namespace name 'Projects' does not exist in the namespace 'Nexora.Modules' (are you missing an assembly reference?) [C:\Users\Deven\Desktop\erp\nexora\backend\src\Nexora.Modules.Notifications\Nexora.Modules.Notifications.csproj]
C:\Users\Deven\Desktop\erp\nexora\backend\src\Nexora.Modules.Notifications\Controllers\NotificationsController.cs(5,22): error CS0234: The type or namespace name 'Projects' does not exist in the namespace 'Nexora.Modules' (are you missing an assembly reference?) [C:\Users\Deven\Desktop\erp\nexora\backend\src\Nexora.Modules.Notifications\Nexora.Modules.Notifications.csproj]
C:\Users\Deven\Desktop\erp\nexora\backend\src\Nexora.Modules.Notifications\Controllers\NotificationsController.cs(6,22): error CS0234: The type or namespace name 'HR' does not exist in the namespace 'Nexora.Modules' (are you missing an assembly reference?) [C:\Users\Deven\Desktop\erp\nexora\backend\src\Nexora.Modules.Notifications\Nexora.Modules.Notifications.csproj]
C:\Users\Deven\Desktop\erp\nexora\backend\src\Nexora.Modules.Notifications\Controllers\NotificationsController.cs(7,14): error CS0234: The type or namespace name 'Shared' does not exist in the namespace 'Nexora' (are you missing an assembly reference?) [C:\Users\Deven\Desktop\erp\nexora\backend\src\Nexora.Modules.Notifications\Nexora.Modules.Notifications.csproj]
C:\Users\Deven\Desktop\erp\nexora\backend\src\Nexora.Modules.Notifications\Controllers\NotificationsController.cs(10,17): error CS0234: The type or namespace name 'EntityFrameworkCore' does not exist in the namespace 'Microsoft' (are you missing an assembly reference?) [C:\Users\Deven\Desktop\erp\nexora\backend\src\Nexora.Modules.Notifications\Nexora.Modules.Notifications.csproj]
C:\Users\Deven\Desktop\erp\nexora\backend\src\Nexora.Modules.Notifications\Controllers\NotificationsController.cs(29,22): error CS0246: The type or namespace name 'NexoraDbContext' could not be found (are you missing a using directive or an assembly reference?) [C:\Users\Deven\Desktop\erp\nexora\backend\src\Nexora.Modules.Notifications\Nexora.Modules.Notifications.csproj]
C:\Users\Deven\Desktop\erp\nexora\backend\src\Nexora.Modules.Notifications\Controllers\NotificationsController.cs(30,36): error CS0246: The type or namespace name 'NexoraDbContext' could not be found (are you missing a using directive or an assembly reference?) [C:\Users\Deven\Desktop\erp\nexora\backend\src\Nexora.Modules.Notifications\Nexora.Modules.Notifications.csproj]
C:\Users\Deven\Desktop\erp\nexora\backend\src\Nexora.Modules.Identity\Controllers\RolesController.cs(2,14): error CS0234: The type or namespace name 'Shared' does not exist in the namespace 'Nexora' (are you missing an assembly reference?) [C:\Users\Deven\Desktop\erp\nexora\backend\src\Nexora.Modules.Identity\Nexora.Modules.Identity.csproj]
C:\Users\Deven\Desktop\erp\nexora\backend\src\Nexora.Modules.Identity\Controllers\RolesController.cs(4,14): error CS0234: The type or namespace name 'Shared' does not exist in the namespace 'Nexora' (are you missing an assembly reference?) [C:\Users\Deven\Desktop\erp\nexora\backend\src\Nexora.Modules.Identity\Nexora.Modules.Identity.csproj]
C:\Users\Deven\Desktop\erp\nexora\backend\src\Nexora.Modules.Identity\Controllers\RolesController.cs(6,14): error CS0234: The type or namespace name 'Shared' does not exist in the namespace 'Nexora' (are you missing an assembly reference?) [C:\Users\Deven\Desktop\erp\nexora\backend\src\Nexora.Modules.Identity\Nexora.Modules.Identity.csproj]
C:\Users\Deven\Desktop\erp\nexora\backend\src\Nexora.Modules.Identity\Controllers\RolesController.cs(9,17): error CS0234: The type or namespace name 'EntityFrameworkCore' does not exist in the namespace 'Microsoft' (are you missing an assembly reference?) [C:\Users\Deven\Desktop\erp\nexora\backend\src\Nexora.Modules.Identity\Nexora.Modules.Identity.csproj]
C:\Users\Deven\Desktop\erp\nexora\backend\src\Nexora.Modules.Identity\Controllers\UsersController.cs(2,14): error CS0234: The type or namespace name 'Shared' does not exist in the namespace 'Nexora' (are you missing an assembly reference?) [C:\Users\Deven\Desktop\erp\nexora\backend\src\Nexora.Modules.Identity\Nexora.Modules.Identity.csproj]
C:\Users\Deven\Desktop\erp\nexora\backend\src\Nexora.Modules.Identity\Controllers\UsersController.cs(5,22): error CS0234: The type or namespace name 'HR' does not exist in the namespace 'Nexora.Modules' (are you missing an assembly reference?) [C:\Users\Deven\Desktop\erp\nexora\backend\src\Nexora.Modules.Identity\Nexora.Modules.Identity.csproj]
C:\Users\Deven\Desktop\erp\nexora\backend\src\Nexora.Modules.Identity\Controllers\UsersController.cs(7,14): error CS0234: The type or namespace name 'Shared' does not exist in the namespace 'Nexora' (are you missing an assembly reference?) [C:\Users\Deven\Desktop\erp\nexora\backend\src\Nexora.Modules.Identity\Nexora.Modules.Identity.csproj]
C:\Users\Deven\Desktop\erp\nexora\backend\src\Nexora.Modules.Identity\Controllers\UsersController.cs(11,17): error CS0234: The type or namespace name 'EntityFrameworkCore' does not exist in the namespace 'Microsoft' (are you missing an assembly reference?) [C:\Users\Deven\Desktop\erp\nexora\backend\src\Nexora.Modules.Identity\Nexora.Modules.Identity.csproj]
C:\Users\Deven\Desktop\erp\nexora\backend\src\Nexora.Modules.Identity\Entities\PermissionScope.cs(1,14): error CS0234: The type or namespace name 'Shared' does not exist in the namespace 'Nexora' (are you missing an assembly reference?) [C:\Users\Deven\Desktop\erp\nexora\backend\src\Nexora.Modules.Identity\Nexora.Modules.Identity.csproj]
C:\Users\Deven\Desktop\erp\nexora\backend\src\Nexora.Modules.Identity\Entities\RoleFieldPermission.cs(1,14): error CS0234: The type or namespace name 'Shared' does not exist in the namespace 'Nexora' (are you missing an assembly reference?) [C:\Users\Deven\Desktop\erp\nexora\backend\src\Nexora.Modules.Identity\Nexora.Modules.Identity.csproj]
C:\Users\Deven\Desktop\erp\nexora\backend\src\Nexora.Modules.Identity\Entities\RolePermission.cs(1,14): error CS0234: The type or namespace name 'Shared' does not exist in the namespace 'Nexora' (are you missing an assembly reference?) [C:\Users\Deven\Desktop\erp\nexora\backend\src\Nexora.Modules.Identity\Nexora.Modules.Identity.csproj]
C:\Users\Deven\Desktop\erp\nexora\backend\src\Nexora.Modules.Identity\Seed\DefaultDataScopeSync.cs(2,14): error CS0234: The type or namespace name 'Shared' does not exist in the namespace 'Nexora' (are you missing an assembly reference?) [C:\Users\Deven\Desktop\erp\nexora\backend\src\Nexora.Modules.Identity\Nexora.Modules.Identity.csproj]
C:\Users\Deven\Desktop\erp\nexora\backend\src\Nexora.Modules.Identity\Seed\DefaultDataScopeSync.cs(3,17): error CS0234: The type or namespace name 'EntityFrameworkCore' does not exist in the namespace 'Microsoft' (are you missing an assembly reference?) [C:\Users\Deven\Desktop\erp\nexora\backend\src\Nexora.Modules.Identity\Nexora.Modules.Identity.csproj]
C:\Users\Deven\Desktop\erp\nexora\backend\src\Nexora.Modules.Identity\Seed\RolePermissionSync.cs(2,14): error CS0234: The type or namespace name 'Shared' does not exist in the namespace 'Nexora' (are you missing an assembly reference?) [C:\Users\Deven\Desktop\erp\nexora\backend\src\Nexora.Modules.Identity\Nexora.Modules.Identity.csproj]
C:\Users\Deven\Desktop\erp\nexora\backend\src\Nexora.Modules.Identity\Seed\RolePermissionSync.cs(3,17): error CS0234: The type or namespace name 'EntityFrameworkCore' does not exist in the namespace 'Microsoft' (are you missing an assembly reference?) [C:\Users\Deven\Desktop\erp\nexora\backend\src\Nexora.Modules.Identity\Nexora.Modules.Identity.csproj]
C:\Users\Deven\Desktop\erp\nexora\backend\src\Nexora.Modules.Identity\Services\AssignableRoleResolver.cs(2,14): error CS0234: The type or namespace name 'Shared' does not exist in the namespace 'Nexora' (are you missing an assembly reference?) [C:\Users\Deven\Desktop\erp\nexora\backend\src\Nexora.Modules.Identity\Nexora.Modules.Identity.csproj]
C:\Users\Deven\Desktop\erp\nexora\backend\src\Nexora.Modules.Identity\Services\AssignableRoleResolver.cs(3,17): error CS0234: The type or namespace name 'EntityFrameworkCore' does not exist in the namespace 'Microsoft' (are you missing an assembly reference?) [C:\Users\Deven\Desktop\erp\nexora\backend\src\Nexora.Modules.Identity\Nexora.Modules.Identity.csproj]
C:\Users\Deven\Desktop\erp\nexora\backend\src\Nexora.Modules.Identity\Services\EffectiveRoleResolver.cs(2,14): error CS0234: The type or namespace name 'Shared' does not exist in the namespace 'Nexora' (are you missing an assembly reference?) [C:\Users\Deven\Desktop\erp\nexora\backend\src\Nexora.Modules.Identity\Nexora.Modules.Identity.csproj]
C:\Users\Deven\Desktop\erp\nexora\backend\src\Nexora.Modules.Identity\Services\EffectiveRoleResolver.cs(4,17): error CS0234: The type or namespace name 'EntityFrameworkCore' does not exist in the namespace 'Microsoft' (are you missing an assembly reference?) [C:\Users\Deven\Desktop\erp\nexora\backend\src\Nexora.Modules.Identity\Nexora.Modules.Identity.csproj]
C:\Users\Deven\Desktop\erp\nexora\backend\src\Nexora.Modules.Identity\Services\TenantRoleStore.cs(2,14): error CS0234: The type or namespace name 'Shared' does not exist in the namespace 'Nexora' (are you missing an assembly reference?) [C:\Users\Deven\Desktop\erp\nexora\backend\src\Nexora.Modules.Identity\Nexora.Modules.Identity.csproj]
C:\Users\Deven\Desktop\erp\nexora\backend\src\Nexora.Modules.Identity\Services\TenantRoleStore.cs(4,17): error CS0234: The type or namespace name 'EntityFrameworkCore' does not exist in the namespace 'Microsoft' (are you missing an assembly reference?) [C:\Users\Deven\Desktop\erp\nexora\backend\src\Nexora.Modules.Identity\Nexora.Modules.Identity.csproj]
C:\Users\Deven\Desktop\erp\nexora\backend\src\Nexora.Modules.Identity\Controllers\RolesController.cs(23,22): error CS0246: The type or namespace name 'NexoraDbContext' could not be found (are you missing a using directive or an assembly reference?) [C:\Users\Deven\Desktop\erp\nexora\backend\src\Nexora.Modules.Identity\Nexora.Modules.Identity.csproj]
C:\Users\Deven\Desktop\erp\nexora\backend\src\Nexora.Modules.Identity\Controllers\RolesController.cs(24,28): error CS0246: The type or namespace name 'NexoraDbContext' could not be found (are you missing a using directive or an assembly reference?) [C:\Users\Deven\Desktop\erp\nexora\backend\src\Nexora.Modules.Identity\Nexora.Modules.Identity.csproj]
C:\Users\Deven\Desktop\erp\nexora\backend\src\Nexora.Modules.Identity\Contracts\UserContracts.cs(10,10): error CS0246: The type or namespace name 'LeaveAllotmentInput' could not be found (are you missing a using directive or an assembly reference?) [C:\Users\Deven\Desktop\erp\nexora\backend\src\Nexora.Modules.Identity\Nexora.Modules.Identity.csproj]
C:\Users\Deven\Desktop\erp\nexora\backend\src\Nexora.Modules.Identity\Controllers\RolesController.cs(32,6): error CS0246: The type or namespace name 'RequirePermissionAttribute' could not be found (are you missing a using directive or an assembly reference?) [C:\Users\Deven\Desktop\erp\nexora\backend\src\Nexora.Modules.Identity\Nexora.Modules.Identity.csproj]
C:\Users\Deven\Desktop\erp\nexora\backend\src\Nexora.Modules.Identity\Controllers\RolesController.cs(32,6): error CS0246: The type or namespace name 'RequirePermission' could not be found (are you missing a using directive or an assembly reference?) [C:\Users\Deven\Desktop\erp\nexora\backend\src\Nexora.Modules.Identity\Nexora.Modules.Identity.csproj]
C:\Users\Deven\Desktop\erp\nexora\backend\src\Nexora.Modules.Identity\Controllers\RolesController.cs(37,6): error CS0246: The type or namespace name 'RequirePermissionAttribute' could not be found (are you missing a using directive or an assembly reference?) [C:\Users\Deven\Desktop\erp\nexora\backend\src\Nexora.Modules.Identity\Nexora.Modules.Identity.csproj]
C:\Users\Deven\Desktop\erp\nexora\backend\src\Nexora.Modules.Identity\Controllers\RolesController.cs(37,6): error CS0246: The type or namespace name 'RequirePermission' could not be found (are you missing a using directive or an assembly reference?) [C:\Users\Deven\Desktop\erp\nexora\backend\src\Nexora.Modules.Identity\Nexora.Modules.Identity.csproj]
C:\Users\Deven\Desktop\erp\nexora\backend\src\Nexora.Modules.Identity\Controllers\UsersController.cs(26,22): error CS0246: The type or namespace name 'NexoraDbContext' could not be found (are you missing a using directive or an assembly reference?) [C:\Users\Deven\Desktop\erp\nexora\backend\src\Nexora.Modules.Identity\Nexora.Modules.Identity.csproj]
C:\Users\Deven\Desktop\erp\nexora\backend\src\Nexora.Modules.Identity\Controllers\UsersController.cs(29,28): error CS0246: The type or namespace name 'NexoraDbContext' could not be found (are you missing a using directive or an assembly reference?) [C:\Users\Deven\Desktop\erp\nexora\backend\src\Nexora.Modules.Identity\Nexora.Modules.Identity.csproj]
C:\Users\Deven\Desktop\erp\nexora\backend\src\Nexora.Modules.Identity\Services\AssignableRoleResolver.cs(13,53): error CS0246: The type or namespace name 'NexoraDbContext' could not be found (are you missing a using directive or an assembly reference?) [C:\Users\Deven\Desktop\erp\nexora\backend\src\Nexora.Modules.Identity\Nexora.Modules.Identity.csproj]
C:\Users\Deven\Desktop\erp\nexora\backend\src\Nexora.Modules.Identity\Services\AssignableRoleResolver.cs(35,66): error CS0246: The type or namespace name 'NexoraDbContext' could not be found (are you missing a using directive or an assembly reference?) [C:\Users\Deven\Desktop\erp\nexora\backend\src\Nexora.Modules.Identity\Nexora.Modules.Identity.csproj]
C:\Users\Deven\Desktop\erp\nexora\backend\src\Nexora.Modules.Identity\Services\EffectiveRoleResolver.cs(18,52): error CS0246: The type or namespace name 'NexoraDbContext' could not be found (are you missing a using directive or an assembly reference?) [C:\Users\Deven\Desktop\erp\nexora\backend\src\Nexora.Modules.Identity\Nexora.Modules.Identity.csproj]
C:\Users\Deven\Desktop\erp\nexora\backend\src\Nexora.Modules.Identity\Controllers\UsersController.cs(49,6): error CS0246: The type or namespace name 'RequirePermissionAttribute' could not be found (are you missing a using directive or an assembly reference?) [C:\Users\Deven\Desktop\erp\nexora\backend\src\Nexora.Modules.Identity\Nexora.Modules.Identity.csproj]
C:\Users\Deven\Desktop\erp\nexora\backend\src\Nexora.Modules.Identity\Controllers\UsersController.cs(49,6): error CS0246: The type or namespace name 'RequirePermission' could not be found (are you missing a using directive or an assembly reference?) [C:\Users\Deven\Desktop\erp\nexora\backend\src\Nexora.Modules.Identity\Nexora.Modules.Identity.csproj]
C:\Users\Deven\Desktop\erp\nexora\backend\src\Nexora.Modules.Identity\Entities\PermissionScope.cs(10,32): error CS0246: The type or namespace name 'TenantEntity' could not be found (are you missing a using directive or an assembly reference?) [C:\Users\Deven\Desktop\erp\nexora\backend\src\Nexora.Modules.Identity\Nexora.Modules.Identity.csproj]
C:\Users\Deven\Desktop\erp\nexora\backend\src\Nexora.Modules.Identity\Services\TenantRoleStore.cs(17,55): error CS0246: The type or namespace name 'NexoraDbContext' could not be found (are you missing a using directive or an assembly reference?) [C:\Users\Deven\Desktop\erp\nexora\backend\src\Nexora.Modules.Identity\Nexora.Modules.Identity.csproj]
C:\Users\Deven\Desktop\erp\nexora\backend\src\Nexora.Modules.Identity\Services\TenantRoleStore.cs(30,46): error CS0246: The type or namespace name 'NexoraDbContext' could not be found (are you missing a using directive or an assembly reference?) [C:\Users\Deven\Desktop\erp\nexora\backend\src\Nexora.Modules.Identity\Nexora.Modules.Identity.csproj]
C:\Users\Deven\Desktop\erp\nexora\backend\src\Nexora.Modules.Identity\Entities\PermissionScope.cs(19,38): error CS0246: The type or namespace name 'TenantEntity' could not be found (are you missing a using directive or an assembly reference?) [C:\Users\Deven\Desktop\erp\nexora\backend\src\Nexora.Modules.Identity\Nexora.Modules.Identity.csproj]
C:\Users\Deven\Desktop\erp\nexora\backend\src\Nexora.Modules.Identity\Controllers\UsersController.cs(84,6): error CS0246: The type or namespace name 'RequirePermissionAttribute' could not be found (are you missing a using directive or an assembly reference?) [C:\Users\Deven\Desktop\erp\nexora\backend\src\Nexora.Modules.Identity\Nexora.Modules.Identity.csproj]
C:\Users\Deven\Desktop\erp\nexora\backend\src\Nexora.Modules.Identity\Controllers\UsersController.cs(84,6): error CS0246: The type or namespace name 'RequirePermission' could not be found (are you missing a using directive or an assembly reference?) [C:\Users\Deven\Desktop\erp\nexora\backend\src\Nexora.Modules.Identity\Nexora.Modules.Identity.csproj]
C:\Users\Deven\Desktop\erp\nexora\backend\src\Nexora.Modules.Identity\Entities\RoleFieldPermission.cs(9,36): error CS0246: The type or namespace name 'TenantEntity' could not be found (are you missing a using directive or an assembly reference?) [C:\Users\Deven\Desktop\erp\nexora\backend\src\Nexora.Modules.Identity\Nexora.Modules.Identity.csproj]
C:\Users\Deven\Desktop\erp\nexora\backend\src\Nexora.Modules.Identity\Entities\RolePermission.cs(6,31): error CS0246: The type or namespace name 'TenantEntity' could not be found (are you missing a using directive or an assembly reference?) [C:\Users\Deven\Desktop\erp\nexora\backend\src\Nexora.Modules.Identity\Nexora.Modules.Identity.csproj]
C:\Users\Deven\Desktop\erp\nexora\backend\src\Nexora.Modules.Identity\Controllers\UsersController.cs(127,6): error CS0246: The type or namespace name 'RequirePermissionAttribute' could not be found (are you missing a using directive or an assembly reference?) [C:\Users\Deven\Desktop\erp\nexora\backend\src\Nexora.Modules.Identity\Nexora.Modules.Identity.csproj]
C:\Users\Deven\Desktop\erp\nexora\backend\src\Nexora.Modules.Identity\Controllers\UsersController.cs(127,6): error CS0246: The type or namespace name 'RequirePermission' could not be found (are you missing a using directive or an assembly reference?) [C:\Users\Deven\Desktop\erp\nexora\backend\src\Nexora.Modules.Identity\Nexora.Modules.Identity.csproj]
C:\Users\Deven\Desktop\erp\nexora\backend\src\Nexora.Modules.Identity\Controllers\UsersController.cs(136,6): error CS0246: The type or namespace name 'RequirePermissionAttribute' could not be found (are you missing a using directive or an assembly reference?) [C:\Users\Deven\Desktop\erp\nexora\backend\src\Nexora.Modules.Identity\Nexora.Modules.Identity.csproj]
C:\Users\Deven\Desktop\erp\nexora\backend\src\Nexora.Modules.Identity\Controllers\UsersController.cs(136,6): error CS0246: The type or namespace name 'RequirePermission' could not be found (are you missing a using directive or an assembly reference?) [C:\Users\Deven\Desktop\erp\nexora\backend\src\Nexora.Modules.Identity\Nexora.Modules.Identity.csproj]
C:\Users\Deven\Desktop\erp\nexora\backend\src\Nexora.Modules.Identity\Controllers\UsersController.cs(243,6): error CS0246: The type or namespace name 'RequirePermissionAttribute' could not be found (are you missing a using directive or an assembly reference?) [C:\Users\Deven\Desktop\erp\nexora\backend\src\Nexora.Modules.Identity\Nexora.Modules.Identity.csproj]
C:\Users\Deven\Desktop\erp\nexora\backend\src\Nexora.Modules.Identity\Controllers\UsersController.cs(243,6): error CS0246: The type or namespace name 'RequirePermission' could not be found (are you missing a using directive or an assembly reference?) [C:\Users\Deven\Desktop\erp\nexora\backend\src\Nexora.Modules.Identity\Nexora.Modules.Identity.csproj]
C:\Users\Deven\Desktop\erp\nexora\backend\src\Nexora.Modules.Identity\Controllers\RolesController.cs(60,6): error CS0246: The type or namespace name 'RequirePermissionAttribute' could not be found (are you missing a using directive or an assembly reference?) [C:\Users\Deven\Desktop\erp\nexora\backend\src\Nexora.Modules.Identity\Nexora.Modules.Identity.csproj]
C:\Users\Deven\Desktop\erp\nexora\backend\src\Nexora.Modules.Identity\Controllers\RolesController.cs(60,6): error CS0246: The type or namespace name 'RequirePermission' could not be found (are you missing a using directive or an assembly reference?) [C:\Users\Deven\Desktop\erp\nexora\backend\src\Nexora.Modules.Identity\Nexora.Modules.Identity.csproj]
C:\Users\Deven\Desktop\erp\nexora\backend\src\Nexora.Modules.Identity\Controllers\RolesController.cs(96,6): error CS0246: The type or namespace name 'RequirePermissionAttribute' could not be found (are you missing a using directive or an assembly reference?) [C:\Users\Deven\Desktop\erp\nexora\backend\src\Nexora.Modules.Identity\Nexora.Modules.Identity.csproj]
C:\Users\Deven\Desktop\erp\nexora\backend\src\Nexora.Modules.Identity\Controllers\RolesController.cs(96,6): error CS0246: The type or namespace name 'RequirePermission' could not be found (are you missing a using directive or an assembly reference?) [C:\Users\Deven\Desktop\erp\nexora\backend\src\Nexora.Modules.Identity\Nexora.Modules.Identity.csproj]
C:\Users\Deven\Desktop\erp\nexora\backend\src\Nexora.Modules.Identity\Controllers\RolesController.cs(132,6): error CS0246: The type or namespace name 'RequirePermissionAttribute' could not be found (are you missing a using directive or an assembly reference?) [C:\Users\Deven\Desktop\erp\nexora\backend\src\Nexora.Modules.Identity\Nexora.Modules.Identity.csproj]
C:\Users\Deven\Desktop\erp\nexora\backend\src\Nexora.Modules.Identity\Controllers\RolesController.cs(132,6): error CS0246: The type or namespace name 'RequirePermission' could not be found (are you missing a using directive or an assembly reference?) [C:\Users\Deven\Desktop\erp\nexora\backend\src\Nexora.Modules.Identity\Nexora.Modules.Identity.csproj]
C:\Users\Deven\Desktop\erp\nexora\backend\src\Nexora.Modules.Identity\Controllers\RolesController.cs(165,6): error CS0246: The type or namespace name 'RequirePermissionAttribute' could not be found (are you missing a using directive or an assembly reference?) [C:\Users\Deven\Desktop\erp\nexora\backend\src\Nexora.Modules.Identity\Nexora.Modules.Identity.csproj]
C:\Users\Deven\Desktop\erp\nexora\backend\src\Nexora.Modules.Identity\Controllers\RolesController.cs(165,6): error CS0246: The type or namespace name 'RequirePermission' could not be found (are you missing a using directive or an assembly reference?) [C:\Users\Deven\Desktop\erp\nexora\backend\src\Nexora.Modules.Identity\Nexora.Modules.Identity.csproj]
C:\Users\Deven\Desktop\erp\nexora\backend\src\Nexora.Modules.Identity\Controllers\RolesController.cs(172,6): error CS0246: The type or namespace name 'RequirePermissionAttribute' could not be found (are you missing a using directive or an assembly reference?) [C:\Users\Deven\Desktop\erp\nexora\backend\src\Nexora.Modules.Identity\Nexora.Modules.Identity.csproj]
C:\Users\Deven\Desktop\erp\nexora\backend\src\Nexora.Modules.Identity\Controllers\RolesController.cs(172,6): error CS0246: The type or namespace name 'RequirePermission' could not be found (are you missing a using directive or an assembly reference?) [C:\Users\Deven\Desktop\erp\nexora\backend\src\Nexora.Modules.Identity\Nexora.Modules.Identity.csproj]
C:\Users\Deven\Desktop\erp\nexora\backend\src\Nexora.Modules.Identity\Controllers\RolesController.cs(193,6): error CS0246: The type or namespace name 'RequirePermissionAttribute' could not be found (are you missing a using directive or an assembly reference?) [C:\Users\Deven\Desktop\erp\nexora\backend\src\Nexora.Modules.Identity\Nexora.Modules.Identity.csproj]
C:\Users\Deven\Desktop\erp\nexora\backend\src\Nexora.Modules.Identity\Controllers\RolesController.cs(193,6): error CS0246: The type or namespace name 'RequirePermission' could not be found (are you missing a using directive or an assembly reference?) [C:\Users\Deven\Desktop\erp\nexora\backend\src\Nexora.Modules.Identity\Nexora.Modules.Identity.csproj]
C:\Users\Deven\Desktop\erp\nexora\backend\src\Nexora.Modules.Identity\Controllers\RolesController.cs(247,6): error CS0246: The type or namespace name 'RequirePermissionAttribute' could not be found (are you missing a using directive or an assembly reference?) [C:\Users\Deven\Desktop\erp\nexora\backend\src\Nexora.Modules.Identity\Nexora.Modules.Identity.csproj]
C:\Users\Deven\Desktop\erp\nexora\backend\src\Nexora.Modules.Identity\Controllers\RolesController.cs(247,6): error CS0246: The type or namespace name 'RequirePermission' could not be found (are you missing a using directive or an assembly reference?) [C:\Users\Deven\Desktop\erp\nexora\backend\src\Nexora.Modules.Identity\Nexora.Modules.Identity.csproj]
C:\Users\Deven\Desktop\erp\nexora\backend\src\Nexora.Modules.Identity\Controllers\RolesController.cs(254,6): error CS0246: The type or namespace name 'RequirePermissionAttribute' could not be found (are you missing a using directive or an assembly reference?) [C:\Users\Deven\Desktop\erp\nexora\backend\src\Nexora.Modules.Identity\Nexora.Modules.Identity.csproj]
C:\Users\Deven\Desktop\erp\nexora\backend\src\Nexora.Modules.Identity\Controllers\RolesController.cs(254,6): error CS0246: The type or namespace name 'RequirePermission' could not be found (are you missing a using directive or an assembly reference?) [C:\Users\Deven\Desktop\erp\nexora\backend\src\Nexora.Modules.Identity\Nexora.Modules.Identity.csproj]
C:\Users\Deven\Desktop\erp\nexora\backend\src\Nexora.Modules.Identity\Controllers\RolesController.cs(267,6): error CS0246: The type or namespace name 'RequirePermissionAttribute' could not be found (are you missing a using directive or an assembly reference?) [C:\Users\Deven\Desktop\erp\nexora\backend\src\Nexora.Modules.Identity\Nexora.Modules.Identity.csproj]
C:\Users\Deven\Desktop\erp\nexora\backend\src\Nexora.Modules.Identity\Controllers\RolesController.cs(267,6): error CS0246: The type or namespace name 'RequirePermission' could not be found (are you missing a using directive or an assembly reference?) [C:\Users\Deven\Desktop\erp\nexora\backend\src\Nexora.Modules.Identity\Nexora.Modules.Identity.csproj]
C:\Users\Deven\Desktop\erp\nexora\backend\src\Nexora.Modules.Platform\Controllers\PlatformBillingController.cs(1,14): error CS0234: The type or namespace name 'Shared' does not exist in the namespace 'Nexora' (are you missing an assembly reference?) [C:\Users\Deven\Desktop\erp\nexora\backend\src\Nexora.Modules.Platform\Nexora.Modules.Platform.csproj]
C:\Users\Deven\Desktop\erp\nexora\backend\src\Nexora.Modules.Platform\Controllers\PlatformBillingController.cs(3,22): error CS0234: The type or namespace name 'Identity' does not exist in the namespace 'Nexora.Modules' (are you missing an assembly reference?) [C:\Users\Deven\Desktop\erp\nexora\backend\src\Nexora.Modules.Platform\Nexora.Modules.Platform.csproj]
C:\Users\Deven\Desktop\erp\nexora\backend\src\Nexora.Modules.Platform\Controllers\PlatformController.cs(2,14): error CS0234: The type or namespace name 'Shared' does not exist in the namespace 'Nexora' (are you missing an assembly reference?) [C:\Users\Deven\Desktop\erp\nexora\backend\src\Nexora.Modules.Platform\Nexora.Modules.Platform.csproj]
C:\Users\Deven\Desktop\erp\nexora\backend\src\Nexora.Modules.Platform\Controllers\PlatformController.cs(4,22): error CS0234: The type or namespace name 'Identity' does not exist in the namespace 'Nexora.Modules' (are you missing an assembly reference?) [C:\Users\Deven\Desktop\erp\nexora\backend\src\Nexora.Modules.Platform\Nexora.Modules.Platform.csproj]
C:\Users\Deven\Desktop\erp\nexora\backend\src\Nexora.Modules.Platform\Controllers\PlatformController.cs(5,22): error CS0234: The type or namespace name 'HR' does not exist in the namespace 'Nexora.Modules' (are you missing an assembly reference?) [C:\Users\Deven\Desktop\erp\nexora\backend\src\Nexora.Modules.Platform\Nexora.Modules.Platform.csproj]
C:\Users\Deven\Desktop\erp\nexora\backend\src\Nexora.Modules.Platform\Controllers\PlatformController.cs(6,14): error CS0234: The type or namespace name 'Shared' does not exist in the namespace 'Nexora' (are you missing an assembly reference?) [C:\Users\Deven\Desktop\erp\nexora\backend\src\Nexora.Modules.Platform\Nexora.Modules.Platform.csproj]
C:\Users\Deven\Desktop\erp\nexora\backend\src\Nexora.Modules.Platform\Controllers\PlatformController.cs(7,22): error CS0234: The type or namespace name 'Identity' does not exist in the namespace 'Nexora.Modules' (are you missing an assembly reference?) [C:\Users\Deven\Desktop\erp\nexora\backend\src\Nexora.Modules.Platform\Nexora.Modules.Platform.csproj]
C:\Users\Deven\Desktop\erp\nexora\backend\src\Nexora.Modules.Platform\Controllers\PlatformController.cs(8,14): error CS0234: The type or namespace name 'Shared' does not exist in the namespace 'Nexora' (are you missing an assembly reference?) [C:\Users\Deven\Desktop\erp\nexora\backend\src\Nexora.Modules.Platform\Nexora.Modules.Platform.csproj]
C:\Users\Deven\Desktop\erp\nexora\backend\src\Nexora.Modules.Platform\Controllers\PlatformController.cs(12,17): error CS0234: The type or namespace name 'EntityFrameworkCore' does not exist in the namespace 'Microsoft' (are you missing an assembly reference?) [C:\Users\Deven\Desktop\erp\nexora\backend\src\Nexora.Modules.Platform\Nexora.Modules.Platform.csproj]
C:\Users\Deven\Desktop\erp\nexora\backend\src\Nexora.Modules.Platform\Contracts\PlatformContracts.cs(9,41): error CS0246: The type or namespace name 'Erp' could not be found (are you missing a using directive or an assembly reference?) [C:\Users\Deven\Desktop\erp\nexora\backend\src\Nexora.Modules.Platform\Nexora.Modules.Platform.csproj]
C:\Users\Deven\Desktop\erp\nexora\backend\src\Nexora.Modules.Platform\Controllers\PlatformBillingController.cs(22,6): error CS0246: The type or namespace name 'RequirePermissionAttribute' could not be found (are you missing a using directive or an assembly reference?) [C:\Users\Deven\Desktop\erp\nexora\backend\src\Nexora.Modules.Platform\Nexora.Modules.Platform.csproj]
C:\Users\Deven\Desktop\erp\nexora\backend\src\Nexora.Modules.Platform\Controllers\PlatformBillingController.cs(22,6): error CS0246: The type or namespace name 'RequirePermission' could not be found (are you missing a using directive or an assembly reference?) [C:\Users\Deven\Desktop\erp\nexora\backend\src\Nexora.Modules.Platform\Nexora.Modules.Platform.csproj]
C:\Users\Deven\Desktop\erp\nexora\backend\src\Nexora.Modules.Platform\Controllers\PlatformBillingController.cs(22,24): error CS0103: The name 'Permission' does not exist in the current context [C:\Users\Deven\Desktop\erp\nexora\backend\src\Nexora.Modules.Platform\Nexora.Modules.Platform.csproj]
C:\Users\Deven\Desktop\erp\nexora\backend\src\Nexora.Modules.Platform\Controllers\PlatformController.cs(24,22): error CS0246: The type or namespace name 'NexoraDbContext' could not be found (are you missing a using directive or an assembly reference?) [C:\Users\Deven\Desktop\erp\nexora\backend\src\Nexora.Modules.Platform\Nexora.Modules.Platform.csproj]
C:\Users\Deven\Desktop\erp\nexora\backend\src\Nexora.Modules.Platform\Controllers\PlatformController.cs(25,34): error CS0246: The type or namespace name 'AppUser' could not be found (are you missing a using directive or an assembly reference?) [C:\Users\Deven\Desktop\erp\nexora\backend\src\Nexora.Modules.Platform\Nexora.Modules.Platform.csproj]
C:\Users\Deven\Desktop\erp\nexora\backend\src\Nexora.Modules.Platform\Controllers\PlatformController.cs(27,31): error CS0246: The type or namespace name 'NexoraDbContext' could not be found (are you missing a using directive or an assembly reference?) [C:\Users\Deven\Desktop\erp\nexora\backend\src\Nexora.Modules.Platform\Nexora.Modules.Platform.csproj]
C:\Users\Deven\Desktop\erp\nexora\backend\src\Nexora.Modules.Platform\Controllers\PlatformController.cs(27,63): error CS0246: The type or namespace name 'AppUser' could not be found (are you missing a using directive or an assembly reference?) [C:\Users\Deven\Desktop\erp\nexora\backend\src\Nexora.Modules.Platform\Nexora.Modules.Platform.csproj]
C:\Users\Deven\Desktop\erp\nexora\backend\src\Nexora.Modules.Platform\Controllers\PlatformController.cs(36,6): error CS0246: The type or namespace name 'RequirePermissionAttribute' could not be found (are you missing a using directive or an assembly reference?) [C:\Users\Deven\Desktop\erp\nexora\backend\src\Nexora.Modules.Platform\Nexora.Modules.Platform.csproj]
C:\Users\Deven\Desktop\erp\nexora\backend\src\Nexora.Modules.Platform\Controllers\PlatformController.cs(36,6): error CS0246: The type or namespace name 'RequirePermission' could not be found (are you missing a using directive or an assembly reference?) [C:\Users\Deven\Desktop\erp\nexora\backend\src\Nexora.Modules.Platform\Nexora.Modules.Platform.csproj]
C:\Users\Deven\Desktop\erp\nexora\backend\src\Nexora.Modules.Platform\Controllers\PlatformController.cs(36,24): error CS0103: The name 'Permission' does not exist in the current context [C:\Users\Deven\Desktop\erp\nexora\backend\src\Nexora.Modules.Platform\Nexora.Modules.Platform.csproj]
C:\Users\Deven\Desktop\erp\nexora\backend\src\Nexora.Modules.Platform\Controllers\PlatformController.cs(49,6): error CS0246: The type or namespace name 'RequirePermissionAttribute' could not be found (are you missing a using directive or an assembly reference?) [C:\Users\Deven\Desktop\erp\nexora\backend\src\Nexora.Modules.Platform\Nexora.Modules.Platform.csproj]
C:\Users\Deven\Desktop\erp\nexora\backend\src\Nexora.Modules.Platform\Controllers\PlatformController.cs(49,6): error CS0246: The type or namespace name 'RequirePermission' could not be found (are you missing a using directive or an assembly reference?) [C:\Users\Deven\Desktop\erp\nexora\backend\src\Nexora.Modules.Platform\Nexora.Modules.Platform.csproj]
C:\Users\Deven\Desktop\erp\nexora\backend\src\Nexora.Modules.Platform\Controllers\PlatformController.cs(49,24): error CS0103: The name 'Permission' does not exist in the current context [C:\Users\Deven\Desktop\erp\nexora\backend\src\Nexora.Modules.Platform\Nexora.Modules.Platform.csproj]
C:\Users\Deven\Desktop\erp\nexora\backend\src\Nexora.Modules.Platform\Controllers\PlatformController.cs(118,6): error CS0246: The type or namespace name 'RequirePermissionAttribute' could not be found (are you missing a using directive or an assembly reference?) [C:\Users\Deven\Desktop\erp\nexora\backend\src\Nexora.Modules.Platform\Nexora.Modules.Platform.csproj]
C:\Users\Deven\Desktop\erp\nexora\backend\src\Nexora.Modules.Platform\Controllers\PlatformController.cs(118,6): error CS0246: The type or namespace name 'RequirePermission' could not be found (are you missing a using directive or an assembly reference?) [C:\Users\Deven\Desktop\erp\nexora\backend\src\Nexora.Modules.Platform\Nexora.Modules.Platform.csproj]
C:\Users\Deven\Desktop\erp\nexora\backend\src\Nexora.Modules.Platform\Controllers\PlatformController.cs(118,24): error CS0103: The name 'Permission' does not exist in the current context [C:\Users\Deven\Desktop\erp\nexora\backend\src\Nexora.Modules.Platform\Nexora.Modules.Platform.csproj]
C:\Users\Deven\Desktop\erp\nexora\backend\src\Nexora.Modules.Platform\Controllers\PlatformController.cs(135,6): error CS0246: The type or namespace name 'RequirePermissionAttribute' could not be found (are you missing a using directive or an assembly reference?) [C:\Users\Deven\Desktop\erp\nexora\backend\src\Nexora.Modules.Platform\Nexora.Modules.Platform.csproj]
C:\Users\Deven\Desktop\erp\nexora\backend\src\Nexora.Modules.Platform\Controllers\PlatformController.cs(135,6): error CS0246: The type or namespace name 'RequirePermission' could not be found (are you missing a using directive or an assembly reference?) [C:\Users\Deven\Desktop\erp\nexora\backend\src\Nexora.Modules.Platform\Nexora.Modules.Platform.csproj]
C:\Users\Deven\Desktop\erp\nexora\backend\src\Nexora.Modules.Platform\Controllers\PlatformController.cs(135,24): error CS0103: The name 'Permission' does not exist in the current context [C:\Users\Deven\Desktop\erp\nexora\backend\src\Nexora.Modules.Platform\Nexora.Modules.Platform.csproj]
C:\Users\Deven\Desktop\erp\nexora\backend\src\Nexora.Modules.Platform\Controllers\PlatformController.cs(150,6): error CS0246: The type or namespace name 'RequirePermissionAttribute' could not be found (are you missing a using directive or an assembly reference?) [C:\Users\Deven\Desktop\erp\nexora\backend\src\Nexora.Modules.Platform\Nexora.Modules.Platform.csproj]
C:\Users\Deven\Desktop\erp\nexora\backend\src\Nexora.Modules.Platform\Controllers\PlatformController.cs(150,6): error CS0246: The type or namespace name 'RequirePermission' could not be found (are you missing a using directive or an assembly reference?) [C:\Users\Deven\Desktop\erp\nexora\backend\src\Nexora.Modules.Platform\Nexora.Modules.Platform.csproj]
C:\Users\Deven\Desktop\erp\nexora\backend\src\Nexora.Modules.Platform\Controllers\PlatformController.cs(150,24): error CS0103: The name 'Permission' does not exist in the current context [C:\Users\Deven\Desktop\erp\nexora\backend\src\Nexora.Modules.Platform\Nexora.Modules.Platform.csproj]
C:\Users\Deven\Desktop\erp\nexora\backend\src\Nexora.Modules.Platform\Controllers\PlatformController.cs(176,6): error CS0246: The type or namespace name 'RequirePermissionAttribute' could not be found (are you missing a using directive or an assembly reference?) [C:\Users\Deven\Desktop\erp\nexora\backend\src\Nexora.Modules.Platform\Nexora.Modules.Platform.csproj]
C:\Users\Deven\Desktop\erp\nexora\backend\src\Nexora.Modules.Platform\Controllers\PlatformController.cs(176,6): error CS0246: The type or namespace name 'RequirePermission' could not be found (are you missing a using directive or an assembly reference?) [C:\Users\Deven\Desktop\erp\nexora\backend\src\Nexora.Modules.Platform\Nexora.Modules.Platform.csproj]
C:\Users\Deven\Desktop\erp\nexora\backend\src\Nexora.Modules.Platform\Controllers\PlatformController.cs(176,24): error CS0103: The name 'Permission' does not exist in the current context [C:\Users\Deven\Desktop\erp\nexora\backend\src\Nexora.Modules.Platform\Nexora.Modules.Platform.csproj]
C:\Users\Deven\Desktop\erp\nexora\backend\src\Nexora.Modules.Payroll\Controllers\PayrollController.cs(2,14): error CS0234: The type or namespace name 'Shared' does not exist in the namespace 'Nexora' (are you missing an assembly reference?) [C:\Users\Deven\Desktop\erp\nexora\backend\src\Nexora.Modules.Payroll\Nexora.Modules.Payroll.csproj]
C:\Users\Deven\Desktop\erp\nexora\backend\src\Nexora.Modules.Payroll\Controllers\PayrollController.cs(4,22): error CS0234: The type or namespace name 'Finance' does not exist in the namespace 'Nexora.Modules' (are you missing an assembly reference?) [C:\Users\Deven\Desktop\erp\nexora\backend\src\Nexora.Modules.Payroll\Nexora.Modules.Payroll.csproj]
C:\Users\Deven\Desktop\erp\nexora\backend\src\Nexora.Modules.Payroll\Controllers\PayrollController.cs(5,14): error CS0234: The type or namespace name 'Shared' does not exist in the namespace 'Nexora' (are you missing an assembly reference?) [C:\Users\Deven\Desktop\erp\nexora\backend\src\Nexora.Modules.Payroll\Nexora.Modules.Payroll.csproj]
C:\Users\Deven\Desktop\erp\nexora\backend\src\Nexora.Modules.Payroll\Controllers\PayrollController.cs(6,22): error CS0234: The type or namespace name 'Identity' does not exist in the namespace 'Nexora.Modules' (are you missing an assembly reference?) [C:\Users\Deven\Desktop\erp\nexora\backend\src\Nexora.Modules.Payroll\Nexora.Modules.Payroll.csproj]
C:\Users\Deven\Desktop\erp\nexora\backend\src\Nexora.Modules.Payroll\Controllers\PayrollController.cs(8,22): error CS0234: The type or namespace name 'HR' does not exist in the namespace 'Nexora.Modules' (are you missing an assembly reference?) [C:\Users\Deven\Desktop\erp\nexora\backend\src\Nexora.Modules.Payroll\Nexora.Modules.Payroll.csproj]
C:\Users\Deven\Desktop\erp\nexora\backend\src\Nexora.Modules.Payroll\Controllers\PayrollController.cs(9,22): error CS0234: The type or namespace name 'HR' does not exist in the namespace 'Nexora.Modules' (are you missing an assembly reference?) [C:\Users\Deven\Desktop\erp\nexora\backend\src\Nexora.Modules.Payroll\Nexora.Modules.Payroll.csproj]
C:\Users\Deven\Desktop\erp\nexora\backend\src\Nexora.Modules.Payroll\Controllers\PayrollController.cs(10,14): error CS0234: The type or namespace name 'Shared' does not exist in the namespace 'Nexora' (are you missing an assembly reference?) [C:\Users\Deven\Desktop\erp\nexora\backend\src\Nexora.Modules.Payroll\Nexora.Modules.Payroll.csproj]
C:\Users\Deven\Desktop\erp\nexora\backend\src\Nexora.Modules.Payroll\Controllers\PayrollController.cs(11,14): error CS0234: The type or namespace name 'Shared' does not exist in the namespace 'Nexora' (are you missing an assembly reference?) [C:\Users\Deven\Desktop\erp\nexora\backend\src\Nexora.Modules.Payroll\Nexora.Modules.Payroll.csproj]
C:\Users\Deven\Desktop\erp\nexora\backend\src\Nexora.Modules.Payroll\Controllers\PayrollController.cs(14,17): error CS0234: The type or namespace name 'EntityFrameworkCore' does not exist in the namespace 'Microsoft' (are you missing an assembly reference?) [C:\Users\Deven\Desktop\erp\nexora\backend\src\Nexora.Modules.Payroll\Nexora.Modules.Payroll.csproj]
C:\Users\Deven\Desktop\erp\nexora\backend\src\Nexora.Modules.Payroll\Entities\PayrollRun.cs(1,14): error CS0234: The type or namespace name 'Shared' does not exist in the namespace 'Nexora' (are you missing an assembly reference?) [C:\Users\Deven\Desktop\erp\nexora\backend\src\Nexora.Modules.Payroll\Nexora.Modules.Payroll.csproj]
C:\Users\Deven\Desktop\erp\nexora\backend\src\Nexora.Modules.Payroll\Entities\SalaryStructure.cs(1,14): error CS0234: The type or namespace name 'Shared' does not exist in the namespace 'Nexora' (are you missing an assembly reference?) [C:\Users\Deven\Desktop\erp\nexora\backend\src\Nexora.Modules.Payroll\Nexora.Modules.Payroll.csproj]
C:\Users\Deven\Desktop\erp\nexora\backend\src\Nexora.Modules.Payroll\Controllers\PayrollController.cs(47,65): error CS0246: The type or namespace name 'ScopeDecision' could not be found (are you missing a using directive or an assembly reference?) [C:\Users\Deven\Desktop\erp\nexora\backend\src\Nexora.Modules.Payroll\Nexora.Modules.Payroll.csproj]
C:\Users\Deven\Desktop\erp\nexora\backend\src\Nexora.Modules.Payroll\Controllers\PayrollController.cs(83,25): error CS0246: The type or namespace name 'FieldAccessLevel' could not be found (are you missing a using directive or an assembly reference?) [C:\Users\Deven\Desktop\erp\nexora\backend\src\Nexora.Modules.Payroll\Nexora.Modules.Payroll.csproj]
C:\Users\Deven\Desktop\erp\nexora\backend\src\Nexora.Modules.Payroll\Controllers\PayrollController.cs(83,49): error CS0246: The type or namespace name 'FieldAccessLevel' could not be found (are you missing a using directive or an assembly reference?) [C:\Users\Deven\Desktop\erp\nexora\backend\src\Nexora.Modules.Payroll\Nexora.Modules.Payroll.csproj]
C:\Users\Deven\Desktop\erp\nexora\backend\src\Nexora.Modules.Payroll\Entities\PayrollRun.cs(12,27): error CS0246: The type or namespace name 'TenantEntity' could not be found (are you missing a using directive or an assembly reference?) [C:\Users\Deven\Desktop\erp\nexora\backend\src\Nexora.Modules.Payroll\Nexora.Modules.Payroll.csproj]
C:\Users\Deven\Desktop\erp\nexora\backend\src\Nexora.Modules.Payroll\Entities\PayrollRun.cs(36,24): error CS0246: The type or namespace name 'TenantEntity' could not be found (are you missing a using directive or an assembly reference?) [C:\Users\Deven\Desktop\erp\nexora\backend\src\Nexora.Modules.Payroll\Nexora.Modules.Payroll.csproj]
C:\Users\Deven\Desktop\erp\nexora\backend\src\Nexora.Modules.Payroll\Controllers\PayrollController.cs(372,79): error CS0246: The type or namespace name 'AccountType' could not be found (are you missing a using directive or an assembly reference?) [C:\Users\Deven\Desktop\erp\nexora\backend\src\Nexora.Modules.Payroll\Nexora.Modules.Payroll.csproj]
C:\Users\Deven\Desktop\erp\nexora\backend\src\Nexora.Modules.Payroll\Controllers\PayrollController.cs(372,24): error CS0246: The type or namespace name 'Account' could not be found (are you missing a using directive or an assembly reference?) [C:\Users\Deven\Desktop\erp\nexora\backend\src\Nexora.Modules.Payroll\Nexora.Modules.Payroll.csproj]
C:\Users\Deven\Desktop\erp\nexora\backend\src\Nexora.Modules.Payroll\Entities\PayrollRun.cs(52,28): error CS0246: The type or namespace name 'TenantEntity' could not be found (are you missing a using directive or an assembly reference?) [C:\Users\Deven\Desktop\erp\nexora\backend\src\Nexora.Modules.Payroll\Nexora.Modules.Payroll.csproj]
C:\Users\Deven\Desktop\erp\nexora\backend\src\Nexora.Modules.Payroll\Controllers\PayrollController.cs(386,61): error CS0246: The type or namespace name 'LeaveRequest' could not be found (are you missing a using directive or an assembly reference?) [C:\Users\Deven\Desktop\erp\nexora\backend\src\Nexora.Modules.Payroll\Nexora.Modules.Payroll.csproj]
C:\Users\Deven\Desktop\erp\nexora\backend\src\Nexora.Modules.Payroll\Controllers\PayrollController.cs(28,22): error CS0246: The type or namespace name 'NexoraDbContext' could not be found (are you missing a using directive or an assembly reference?) [C:\Users\Deven\Desktop\erp\nexora\backend\src\Nexora.Modules.Payroll\Nexora.Modules.Payroll.csproj]
C:\Users\Deven\Desktop\erp\nexora\backend\src\Nexora.Modules.Payroll\Controllers\PayrollController.cs(29,22): error CS0246: The type or namespace name 'DataScopeService' could not be found (are you missing a using directive or an assembly reference?) [C:\Users\Deven\Desktop\erp\nexora\backend\src\Nexora.Modules.Payroll\Nexora.Modules.Payroll.csproj]
C:\Users\Deven\Desktop\erp\nexora\backend\src\Nexora.Modules.Payroll\Controllers\PayrollController.cs(30,30): error CS0246: The type or namespace name 'NexoraDbContext' could not be found (are you missing a using directive or an assembly reference?) [C:\Users\Deven\Desktop\erp\nexora\backend\src\Nexora.Modules.Payroll\Nexora.Modules.Payroll.csproj]
C:\Users\Deven\Desktop\erp\nexora\backend\src\Nexora.Modules.Payroll\Controllers\PayrollController.cs(30,50): error CS0246: The type or namespace name 'DataScopeService' could not be found (are you missing a using directive or an assembly reference?) [C:\Users\Deven\Desktop\erp\nexora\backend\src\Nexora.Modules.Payroll\Nexora.Modules.Payroll.csproj]
C:\Users\Deven\Desktop\erp\nexora\backend\src\Nexora.Modules.Payroll\Entities\SalaryStructure.cs(16,32): error CS0246: The type or namespace name 'TenantEntity' could not be found (are you missing a using directive or an assembly reference?) [C:\Users\Deven\Desktop\erp\nexora\backend\src\Nexora.Modules.Payroll\Nexora.Modules.Payroll.csproj]
C:\Users\Deven\Desktop\erp\nexora\backend\src\Nexora.Modules.Payroll\Entities\SalaryStructure.cs(23,32): error CS0246: The type or namespace name 'TenantEntity' could not be found (are you missing a using directive or an assembly reference?) [C:\Users\Deven\Desktop\erp\nexora\backend\src\Nexora.Modules.Payroll\Nexora.Modules.Payroll.csproj]
C:\Users\Deven\Desktop\erp\nexora\backend\src\Nexora.Modules.Payroll\Controllers\PayrollController.cs(90,6): error CS0246: The type or namespace name 'RequirePermissionAttribute' could not be found (are you missing a using directive or an assembly reference?) [C:\Users\Deven\Desktop\erp\nexora\backend\src\Nexora.Modules.Payroll\Nexora.Modules.Payroll.csproj]
C:\Users\Deven\Desktop\erp\nexora\backend\src\Nexora.Modules.Payroll\Controllers\PayrollController.cs(90,6): error CS0246: The type or namespace name 'RequirePermission' could not be found (are you missing a using directive or an assembly reference?) [C:\Users\Deven\Desktop\erp\nexora\backend\src\Nexora.Modules.Payroll\Nexora.Modules.Payroll.csproj]
C:\Users\Deven\Desktop\erp\nexora\backend\src\Nexora.Modules.Payroll\Controllers\PayrollController.cs(90,24): error CS0103: The name 'Permission' does not exist in the current context [C:\Users\Deven\Desktop\erp\nexora\backend\src\Nexora.Modules.Payroll\Nexora.Modules.Payroll.csproj]
C:\Users\Deven\Desktop\erp\nexora\backend\src\Nexora.Modules.Payroll\Controllers\PayrollController.cs(109,6): error CS0246: The type or namespace name 'RequirePermissionAttribute' could not be found (are you missing a using directive or an assembly reference?) [C:\Users\Deven\Desktop\erp\nexora\backend\src\Nexora.Modules.Payroll\Nexora.Modules.Payroll.csproj]
C:\Users\Deven\Desktop\erp\nexora\backend\src\Nexora.Modules.Payroll\Controllers\PayrollController.cs(109,6): error CS0246: The type or namespace name 'RequirePermission' could not be found (are you missing a using directive or an assembly reference?) [C:\Users\Deven\Desktop\erp\nexora\backend\src\Nexora.Modules.Payroll\Nexora.Modules.Payroll.csproj]
C:\Users\Deven\Desktop\erp\nexora\backend\src\Nexora.Modules.Payroll\Controllers\PayrollController.cs(109,24): error CS0103: The name 'Permission' does not exist in the current context [C:\Users\Deven\Desktop\erp\nexora\backend\src\Nexora.Modules.Payroll\Nexora.Modules.Payroll.csproj]
C:\Users\Deven\Desktop\erp\nexora\backend\src\Nexora.Modules.Payroll\Controllers\PayrollController.cs(213,6): error CS0246: The type or namespace name 'RequirePermissionAttribute' could not be found (are you missing a using directive or an assembly reference?) [C:\Users\Deven\Desktop\erp\nexora\backend\src\Nexora.Modules.Payroll\Nexora.Modules.Payroll.csproj]
C:\Users\Deven\Desktop\erp\nexora\backend\src\Nexora.Modules.Payroll\Controllers\PayrollController.cs(213,6): error CS0246: The type or namespace name 'RequirePermission' could not be found (are you missing a using directive or an assembly reference?) [C:\Users\Deven\Desktop\erp\nexora\backend\src\Nexora.Modules.Payroll\Nexora.Modules.Payroll.csproj]
C:\Users\Deven\Desktop\erp\nexora\backend\src\Nexora.Modules.Payroll\Controllers\PayrollController.cs(213,24): error CS0103: The name 'Permission' does not exist in the current context [C:\Users\Deven\Desktop\erp\nexora\backend\src\Nexora.Modules.Payroll\Nexora.Modules.Payroll.csproj]
C:\Users\Deven\Desktop\erp\nexora\backend\src\Nexora.Modules.Payroll\Controllers\PayrollController.cs(305,6): error CS0246: The type or namespace name 'RequirePermissionAttribute' could not be found (are you missing a using directive or an assembly reference?) [C:\Users\Deven\Desktop\erp\nexora\backend\src\Nexora.Modules.Payroll\Nexora.Modules.Payroll.csproj]
C:\Users\Deven\Desktop\erp\nexora\backend\src\Nexora.Modules.Payroll\Controllers\PayrollController.cs(305,6): error CS0246: The type or namespace name 'RequirePermission' could not be found (are you missing a using directive or an assembly reference?) [C:\Users\Deven\Desktop\erp\nexora\backend\src\Nexora.Modules.Payroll\Nexora.Modules.Payroll.csproj]
C:\Users\Deven\Desktop\erp\nexora\backend\src\Nexora.Modules.Payroll\Controllers\PayrollController.cs(305,24): error CS0103: The name 'Permission' does not exist in the current context [C:\Users\Deven\Desktop\erp\nexora\backend\src\Nexora.Modules.Payroll\Nexora.Modules.Payroll.csproj]
C:\Users\Deven\Desktop\erp\nexora\backend\src\Nexora.Modules.Payroll\Controllers\PayrollController.cs(327,6): error CS0246: The type or namespace name 'RequirePermissionAttribute' could not be found (are you missing a using directive or an assembly reference?) [C:\Users\Deven\Desktop\erp\nexora\backend\src\Nexora.Modules.Payroll\Nexora.Modules.Payroll.csproj]
C:\Users\Deven\Desktop\erp\nexora\backend\src\Nexora.Modules.Payroll\Controllers\PayrollController.cs(327,6): error CS0246: The type or namespace name 'RequirePermission' could not be found (are you missing a using directive or an assembly reference?) [C:\Users\Deven\Desktop\erp\nexora\backend\src\Nexora.Modules.Payroll\Nexora.Modules.Payroll.csproj]
C:\Users\Deven\Desktop\erp\nexora\backend\src\Nexora.Modules.Payroll\Controllers\PayrollController.cs(327,24): error CS0103: The name 'Permission' does not exist in the current context [C:\Users\Deven\Desktop\erp\nexora\backend\src\Nexora.Modules.Payroll\Nexora.Modules.Payroll.csproj]
C:\Users\Deven\Desktop\erp\nexora\backend\src\Nexora.Modules.Payroll\Controllers\PayrollController.cs(408,6): error CS0246: The type or namespace name 'RequirePermissionAttribute' could not be found (are you missing a using directive or an assembly reference?) [C:\Users\Deven\Desktop\erp\nexora\backend\src\Nexora.Modules.Payroll\Nexora.Modules.Payroll.csproj]
C:\Users\Deven\Desktop\erp\nexora\backend\src\Nexora.Modules.Payroll\Controllers\PayrollController.cs(408,6): error CS0246: The type or namespace name 'RequirePermission' could not be found (are you missing a using directive or an assembly reference?) [C:\Users\Deven\Desktop\erp\nexora\backend\src\Nexora.Modules.Payroll\Nexora.Modules.Payroll.csproj]
C:\Users\Deven\Desktop\erp\nexora\backend\src\Nexora.Modules.Payroll\Controllers\PayrollController.cs(408,24): error CS0103: The name 'Permission' does not exist in the current context [C:\Users\Deven\Desktop\erp\nexora\backend\src\Nexora.Modules.Payroll\Nexora.Modules.Payroll.csproj]
C:\Users\Deven\Desktop\erp\nexora\backend\src\Nexora.Modules.Payroll\Controllers\PayrollController.cs(416,6): error CS0246: The type or namespace name 'RequirePermissionAttribute' could not be found (are you missing a using directive or an assembly reference?) [C:\Users\Deven\Desktop\erp\nexora\backend\src\Nexora.Modules.Payroll\Nexora.Modules.Payroll.csproj]
C:\Users\Deven\Desktop\erp\nexora\backend\src\Nexora.Modules.Payroll\Controllers\PayrollController.cs(416,6): error CS0246: The type or namespace name 'RequirePermission' could not be found (are you missing a using directive or an assembly reference?) [C:\Users\Deven\Desktop\erp\nexora\backend\src\Nexora.Modules.Payroll\Nexora.Modules.Payroll.csproj]
C:\Users\Deven\Desktop\erp\nexora\backend\src\Nexora.Modules.Payroll\Controllers\PayrollController.cs(416,24): error CS0103: The name 'Permission' does not exist in the current context [C:\Users\Deven\Desktop\erp\nexora\backend\src\Nexora.Modules.Payroll\Nexora.Modules.Payroll.csproj]
C:\Users\Deven\Desktop\erp\nexora\backend\src\Nexora.Modules.Payroll\Controllers\PayrollController.cs(451,6): error CS0246: The type or namespace name 'RequirePermissionAttribute' could not be found (are you missing a using directive or an assembly reference?) [C:\Users\Deven\Desktop\erp\nexora\backend\src\Nexora.Modules.Payroll\Nexora.Modules.Payroll.csproj]
C:\Users\Deven\Desktop\erp\nexora\backend\src\Nexora.Modules.Payroll\Controllers\PayrollController.cs(451,6): error CS0246: The type or namespace name 'RequirePermission' could not be found (are you missing a using directive or an assembly reference?) [C:\Users\Deven\Desktop\erp\nexora\backend\src\Nexora.Modules.Payroll\Nexora.Modules.Payroll.csproj]
C:\Users\Deven\Desktop\erp\nexora\backend\src\Nexora.Modules.Payroll\Controllers\PayrollController.cs(451,24): error CS0103: The name 'Permission' does not exist in the current context [C:\Users\Deven\Desktop\erp\nexora\backend\src\Nexora.Modules.Payroll\Nexora.Modules.Payroll.csproj]
C:\Users\Deven\Desktop\erp\nexora\backend\src\Nexora.Modules.Finance\Controllers\AccountingController.cs(2,14): error CS0234: The type or namespace name 'Shared' does not exist in the namespace 'Nexora' (are you missing an assembly reference?) [C:\Users\Deven\Desktop\erp\nexora\backend\src\Nexora.Modules.Finance\Nexora.Modules.Finance.csproj]
C:\Users\Deven\Desktop\erp\nexora\backend\src\Nexora.Modules.Finance\Controllers\AccountingController.cs(5,22): error CS0234: The type or namespace name 'Identity' does not exist in the namespace 'Nexora.Modules' (are you missing an assembly reference?) [C:\Users\Deven\Desktop\erp\nexora\backend\src\Nexora.Modules.Finance\Nexora.Modules.Finance.csproj]
C:\Users\Deven\Desktop\erp\nexora\backend\src\Nexora.Modules.Finance\Controllers\AccountingController.cs(6,14): error CS0234: The type or namespace name 'Shared' does not exist in the namespace 'Nexora' (are you missing an assembly reference?) [C:\Users\Deven\Desktop\erp\nexora\backend\src\Nexora.Modules.Finance\Nexora.Modules.Finance.csproj]
C:\Users\Deven\Desktop\erp\nexora\backend\src\Nexora.Modules.Finance\Controllers\AccountingController.cs(7,14): error CS0234: The type or namespace name 'Shared' does not exist in the namespace 'Nexora' (are you missing an assembly reference?) [C:\Users\Deven\Desktop\erp\nexora\backend\src\Nexora.Modules.Finance\Nexora.Modules.Finance.csproj]
C:\Users\Deven\Desktop\erp\nexora\backend\src\Nexora.Modules.Finance\Controllers\AccountingController.cs(10,17): error CS0234: The type or namespace name 'EntityFrameworkCore' does not exist in the namespace 'Microsoft' (are you missing an assembly reference?) [C:\Users\Deven\Desktop\erp\nexora\backend\src\Nexora.Modules.Finance\Nexora.Modules.Finance.csproj]
C:\Users\Deven\Desktop\erp\nexora\backend\src\Nexora.Modules.Finance\Controllers\VendorBillsController.cs(2,14): error CS0234: The type or namespace name 'Shared' does not exist in the namespace 'Nexora' (are you missing an assembly reference?) [C:\Users\Deven\Desktop\erp\nexora\backend\src\Nexora.Modules.Finance\Nexora.Modules.Finance.csproj]
C:\Users\Deven\Desktop\erp\nexora\backend\src\Nexora.Modules.Finance\Controllers\VendorBillsController.cs(5,14): error CS0234: The type or namespace name 'Shared' does not exist in the namespace 'Nexora' (are you missing an assembly reference?) [C:\Users\Deven\Desktop\erp\nexora\backend\src\Nexora.Modules.Finance\Nexora.Modules.Finance.csproj]
C:\Users\Deven\Desktop\erp\nexora\backend\src\Nexora.Modules.Finance\Controllers\VendorBillsController.cs(6,22): error CS0234: The type or namespace name 'Identity' does not exist in the namespace 'Nexora.Modules' (are you missing an assembly reference?) [C:\Users\Deven\Desktop\erp\nexora\backend\src\Nexora.Modules.Finance\Nexora.Modules.Finance.csproj]
C:\Users\Deven\Desktop\erp\nexora\backend\src\Nexora.Modules.Finance\Controllers\VendorBillsController.cs(8,14): error CS0234: The type or namespace name 'Shared' does not exist in the namespace 'Nexora' (are you missing an assembly reference?) [C:\Users\Deven\Desktop\erp\nexora\backend\src\Nexora.Modules.Finance\Nexora.Modules.Finance.csproj]
C:\Users\Deven\Desktop\erp\nexora\backend\src\Nexora.Modules.Finance\Controllers\VendorBillsController.cs(11,17): error CS0234: The type or namespace name 'EntityFrameworkCore' does not exist in the namespace 'Microsoft' (are you missing an assembly reference?) [C:\Users\Deven\Desktop\erp\nexora\backend\src\Nexora.Modules.Finance\Nexora.Modules.Finance.csproj]
C:\Users\Deven\Desktop\erp\nexora\backend\src\Nexora.Modules.Finance\Entities\Account.cs(1,14): error CS0234: The type or namespace name 'Shared' does not exist in the namespace 'Nexora' (are you missing an assembly reference?) [C:\Users\Deven\Desktop\erp\nexora\backend\src\Nexora.Modules.Finance\Nexora.Modules.Finance.csproj]
C:\Users\Deven\Desktop\erp\nexora\backend\src\Nexora.Modules.Finance\Entities\ExchangeRate.cs(1,14): error CS0234: The type or namespace name 'Shared' does not exist in the namespace 'Nexora' (are you missing an assembly reference?) [C:\Users\Deven\Desktop\erp\nexora\backend\src\Nexora.Modules.Finance\Nexora.Modules.Finance.csproj]
C:\Users\Deven\Desktop\erp\nexora\backend\src\Nexora.Modules.Finance\Entities\JournalEntry.cs(1,14): error CS0234: The type or namespace name 'Shared' does not exist in the namespace 'Nexora' (are you missing an assembly reference?) [C:\Users\Deven\Desktop\erp\nexora\backend\src\Nexora.Modules.Finance\Nexora.Modules.Finance.csproj]
C:\Users\Deven\Desktop\erp\nexora\backend\src\Nexora.Modules.Finance\Entities\Vendor.cs(1,14): error CS0234: The type or namespace name 'Shared' does not exist in the namespace 'Nexora' (are you missing an assembly reference?) [C:\Users\Deven\Desktop\erp\nexora\backend\src\Nexora.Modules.Finance\Nexora.Modules.Finance.csproj]
C:\Users\Deven\Desktop\erp\nexora\backend\src\Nexora.Modules.Finance\Entities\VendorBill.cs(1,14): error CS0234: The type or namespace name 'Shared' does not exist in the namespace 'Nexora' (are you missing an assembly reference?) [C:\Users\Deven\Desktop\erp\nexora\backend\src\Nexora.Modules.Finance\Nexora.Modules.Finance.csproj]
C:\Users\Deven\Desktop\erp\nexora\backend\src\Nexora.Modules.Finance\Seed\AccountSync.cs(2,14): error CS0234: The type or namespace name 'Shared' does not exist in the namespace 'Nexora' (are you missing an assembly reference?) [C:\Users\Deven\Desktop\erp\nexora\backend\src\Nexora.Modules.Finance\Nexora.Modules.Finance.csproj]
C:\Users\Deven\Desktop\erp\nexora\backend\src\Nexora.Modules.Finance\Seed\AccountSync.cs(3,17): error CS0234: The type or namespace name 'EntityFrameworkCore' does not exist in the namespace 'Microsoft' (are you missing an assembly reference?) [C:\Users\Deven\Desktop\erp\nexora\backend\src\Nexora.Modules.Finance\Nexora.Modules.Finance.csproj]
C:\Users\Deven\Desktop\erp\nexora\backend\src\Nexora.Modules.Finance\Services\AccountingPostingService.cs(2,14): error CS0234: The type or namespace name 'Shared' does not exist in the namespace 'Nexora' (are you missing an assembly reference?) [C:\Users\Deven\Desktop\erp\nexora\backend\src\Nexora.Modules.Finance\Nexora.Modules.Finance.csproj]
C:\Users\Deven\Desktop\erp\nexora\backend\src\Nexora.Modules.Finance\Services\AccountingPostingService.cs(3,14): error CS0234: The type or namespace name 'Shared' does not exist in the namespace 'Nexora' (are you missing an assembly reference?) [C:\Users\Deven\Desktop\erp\nexora\backend\src\Nexora.Modules.Finance\Nexora.Modules.Finance.csproj]
C:\Users\Deven\Desktop\erp\nexora\backend\src\Nexora.Modules.Finance\Services\AccountingPostingService.cs(4,17): error CS0234: The type or namespace name 'EntityFrameworkCore' does not exist in the namespace 'Microsoft' (are you missing an assembly reference?) [C:\Users\Deven\Desktop\erp\nexora\backend\src\Nexora.Modules.Finance\Nexora.Modules.Finance.csproj]
C:\Users\Deven\Desktop\erp\nexora\backend\src\Nexora.Modules.Finance\Contracts\AccountingContracts.cs(4,62): error CS0246: The type or namespace name 'Erp' could not be found (are you missing a using directive or an assembly reference?) [C:\Users\Deven\Desktop\erp\nexora\backend\src\Nexora.Modules.Finance\Nexora.Modules.Finance.csproj]
C:\Users\Deven\Desktop\erp\nexora\backend\src\Nexora.Modules.Finance\Controllers\AccountingController.cs(31,22): error CS0246: The type or namespace name 'NexoraDbContext' could not be found (are you missing a using directive or an assembly reference?) [C:\Users\Deven\Desktop\erp\nexora\backend\src\Nexora.Modules.Finance\Nexora.Modules.Finance.csproj]
C:\Users\Deven\Desktop\erp\nexora\backend\src\Nexora.Modules.Finance\Controllers\AccountingController.cs(32,22): error CS0246: The type or namespace name 'DataScopeService' could not be found (are you missing a using directive or an assembly reference?) [C:\Users\Deven\Desktop\erp\nexora\backend\src\Nexora.Modules.Finance\Nexora.Modules.Finance.csproj]
C:\Users\Deven\Desktop\erp\nexora\backend\src\Nexora.Modules.Finance\Entities\Account.cs(10,24): error CS0246: The type or namespace name 'TenantEntity' could not be found (are you missing a using directive or an assembly reference?) [C:\Users\Deven\Desktop\erp\nexora\backend\src\Nexora.Modules.Finance\Nexora.Modules.Finance.csproj]
C:\Users\Deven\Desktop\erp\nexora\backend\src\Nexora.Modules.Finance\Entities\ExchangeRate.cs(9,29): error CS0246: The type or namespace name 'TenantEntity' could not be found (are you missing a using directive or an assembly reference?) [C:\Users\Deven\Desktop\erp\nexora\backend\src\Nexora.Modules.Finance\Nexora.Modules.Finance.csproj]
C:\Users\Deven\Desktop\erp\nexora\backend\src\Nexora.Modules.Finance\Entities\JournalEntry.cs(9,29): error CS0246: The type or namespace name 'TenantEntity' could not be found (are you missing a using directive or an assembly reference?) [C:\Users\Deven\Desktop\erp\nexora\backend\src\Nexora.Modules.Finance\Nexora.Modules.Finance.csproj]
C:\Users\Deven\Desktop\erp\nexora\backend\src\Nexora.Modules.Finance\Entities\JournalEntry.cs(16,28): error CS0246: The type or namespace name 'TenantEntity' could not be found (are you missing a using directive or an assembly reference?) [C:\Users\Deven\Desktop\erp\nexora\backend\src\Nexora.Modules.Finance\Nexora.Modules.Finance.csproj]
C:\Users\Deven\Desktop\erp\nexora\backend\src\Nexora.Modules.Finance\Entities\Vendor.cs(7,23): error CS0246: The type or namespace name 'TenantEntity' could not be found (are you missing a using directive or an assembly reference?) [C:\Users\Deven\Desktop\erp\nexora\backend\src\Nexora.Modules.Finance\Nexora.Modules.Finance.csproj]
C:\Users\Deven\Desktop\erp\nexora\backend\src\Nexora.Modules.Finance\Controllers\AccountingController.cs(33,33): error CS0246: The type or namespace name 'NexoraDbContext' could not be found (are you missing a using directive or an assembly reference?) [C:\Users\Deven\Desktop\erp\nexora\backend\src\Nexora.Modules.Finance\Nexora.Modules.Finance.csproj]
C:\Users\Deven\Desktop\erp\nexora\backend\src\Nexora.Modules.Finance\Controllers\AccountingController.cs(33,53): error CS0246: The type or namespace name 'DataScopeService' could not be found (are you missing a using directive or an assembly reference?) [C:\Users\Deven\Desktop\erp\nexora\backend\src\Nexora.Modules.Finance\Nexora.Modules.Finance.csproj]
C:\Users\Deven\Desktop\erp\nexora\backend\src\Nexora.Modules.Finance\Entities\VendorBill.cs(12,27): error CS0246: The type or namespace name 'TenantEntity' could not be found (are you missing a using directive or an assembly reference?) [C:\Users\Deven\Desktop\erp\nexora\backend\src\Nexora.Modules.Finance\Nexora.Modules.Finance.csproj]
C:\Users\Deven\Desktop\erp\nexora\backend\src\Nexora.Modules.Finance\Controllers\AccountingController.cs(61,6): error CS0246: The type or namespace name 'RequirePermissionAttribute' could not be found (are you missing a using directive or an assembly reference?) [C:\Users\Deven\Desktop\erp\nexora\backend\src\Nexora.Modules.Finance\Nexora.Modules.Finance.csproj]
C:\Users\Deven\Desktop\erp\nexora\backend\src\Nexora.Modules.Finance\Controllers\AccountingController.cs(61,6): error CS0246: The type or namespace name 'RequirePermission' could not be found (are you missing a using directive or an assembly reference?) [C:\Users\Deven\Desktop\erp\nexora\backend\src\Nexora.Modules.Finance\Nexora.Modules.Finance.csproj]
C:\Users\Deven\Desktop\erp\nexora\backend\src\Nexora.Modules.Finance\Controllers\AccountingController.cs(61,24): error CS0103: The name 'Permission' does not exist in the current context [C:\Users\Deven\Desktop\erp\nexora\backend\src\Nexora.Modules.Finance\Nexora.Modules.Finance.csproj]
C:\Users\Deven\Desktop\erp\nexora\backend\src\Nexora.Modules.Finance\Controllers\AccountingController.cs(72,6): error CS0246: The type or namespace name 'RequirePermissionAttribute' could not be found (are you missing a using directive or an assembly reference?) [C:\Users\Deven\Desktop\erp\nexora\backend\src\Nexora.Modules.Finance\Nexora.Modules.Finance.csproj]
C:\Users\Deven\Desktop\erp\nexora\backend\src\Nexora.Modules.Finance\Controllers\AccountingController.cs(72,6): error CS0246: The type or namespace name 'RequirePermission' could not be found (are you missing a using directive or an assembly reference?) [C:\Users\Deven\Desktop\erp\nexora\backend\src\Nexora.Modules.Finance\Nexora.Modules.Finance.csproj]
C:\Users\Deven\Desktop\erp\nexora\backend\src\Nexora.Modules.Finance\Controllers\AccountingController.cs(72,24): error CS0103: The name 'Permission' does not exist in the current context [C:\Users\Deven\Desktop\erp\nexora\backend\src\Nexora.Modules.Finance\Nexora.Modules.Finance.csproj]
C:\Users\Deven\Desktop\erp\nexora\backend\src\Nexora.Modules.Finance\Controllers\AccountingController.cs(94,6): error CS0246: The type or namespace name 'RequirePermissionAttribute' could not be found (are you missing a using directive or an assembly reference?) [C:\Users\Deven\Desktop\erp\nexora\backend\src\Nexora.Modules.Finance\Nexora.Modules.Finance.csproj]
C:\Users\Deven\Desktop\erp\nexora\backend\src\Nexora.Modules.Finance\Controllers\AccountingController.cs(94,6): error CS0246: The type or namespace name 'RequirePermission' could not be found (are you missing a using directive or an assembly reference?) [C:\Users\Deven\Desktop\erp\nexora\backend\src\Nexora.Modules.Finance\Nexora.Modules.Finance.csproj]
C:\Users\Deven\Desktop\erp\nexora\backend\src\Nexora.Modules.Finance\Controllers\AccountingController.cs(94,24): error CS0103: The name 'Permission' does not exist in the current context [C:\Users\Deven\Desktop\erp\nexora\backend\src\Nexora.Modules.Finance\Nexora.Modules.Finance.csproj]
C:\Users\Deven\Desktop\erp\nexora\backend\src\Nexora.Modules.Finance\Controllers\AccountingController.cs(102,6): error CS0246: The type or namespace name 'RequirePermissionAttribute' could not be found (are you missing a using directive or an assembly reference?) [C:\Users\Deven\Desktop\erp\nexora\backend\src\Nexora.Modules.Finance\Nexora.Modules.Finance.csproj]
C:\Users\Deven\Desktop\erp\nexora\backend\src\Nexora.Modules.Finance\Controllers\AccountingController.cs(102,6): error CS0246: The type or namespace name 'RequirePermission' could not be found (are you missing a using directive or an assembly reference?) [C:\Users\Deven\Desktop\erp\nexora\backend\src\Nexora.Modules.Finance\Nexora.Modules.Finance.csproj]
C:\Users\Deven\Desktop\erp\nexora\backend\src\Nexora.Modules.Finance\Controllers\AccountingController.cs(102,24): error CS0103: The name 'Permission' does not exist in the current context [C:\Users\Deven\Desktop\erp\nexora\backend\src\Nexora.Modules.Finance\Nexora.Modules.Finance.csproj]
C:\Users\Deven\Desktop\erp\nexora\backend\src\Nexora.Modules.Finance\Controllers\AccountingController.cs(125,6): error CS0246: The type or namespace name 'RequirePermissionAttribute' could not be found (are you missing a using directive or an assembly reference?) [C:\Users\Deven\Desktop\erp\nexora\backend\src\Nexora.Modules.Finance\Nexora.Modules.Finance.csproj]
C:\Users\Deven\Desktop\erp\nexora\backend\src\Nexora.Modules.Finance\Controllers\AccountingController.cs(125,6): error CS0246: The type or namespace name 'RequirePermission' could not be found (are you missing a using directive or an assembly reference?) [C:\Users\Deven\Desktop\erp\nexora\backend\src\Nexora.Modules.Finance\Nexora.Modules.Finance.csproj]
C:\Users\Deven\Desktop\erp\nexora\backend\src\Nexora.Modules.Finance\Controllers\AccountingController.cs(125,24): error CS0103: The name 'Permission' does not exist in the current context [C:\Users\Deven\Desktop\erp\nexora\backend\src\Nexora.Modules.Finance\Nexora.Modules.Finance.csproj]
C:\Users\Deven\Desktop\erp\nexora\backend\src\Nexora.Modules.Finance\Controllers\AccountingController.cs(136,6): error CS0246: The type or namespace name 'RequirePermissionAttribute' could not be found (are you missing a using directive or an assembly reference?) [C:\Users\Deven\Desktop\erp\nexora\backend\src\Nexora.Modules.Finance\Nexora.Modules.Finance.csproj]
C:\Users\Deven\Desktop\erp\nexora\backend\src\Nexora.Modules.Finance\Controllers\AccountingController.cs(136,6): error CS0246: The type or namespace name 'RequirePermission' could not be found (are you missing a using directive or an assembly reference?) [C:\Users\Deven\Desktop\erp\nexora\backend\src\Nexora.Modules.Finance\Nexora.Modules.Finance.csproj]
C:\Users\Deven\Desktop\erp\nexora\backend\src\Nexora.Modules.Finance\Controllers\AccountingController.cs(136,24): error CS0103: The name 'Permission' does not exist in the current context [C:\Users\Deven\Desktop\erp\nexora\backend\src\Nexora.Modules.Finance\Nexora.Modules.Finance.csproj]
C:\Users\Deven\Desktop\erp\nexora\backend\src\Nexora.Modules.Finance\Controllers\AccountingController.cs(196,6): error CS0246: The type or namespace name 'RequirePermissionAttribute' could not be found (are you missing a using directive or an assembly reference?) [C:\Users\Deven\Desktop\erp\nexora\backend\src\Nexora.Modules.Finance\Nexora.Modules.Finance.csproj]
C:\Users\Deven\Desktop\erp\nexora\backend\src\Nexora.Modules.Finance\Controllers\AccountingController.cs(196,6): error CS0246: The type or namespace name 'RequirePermission' could not be found (are you missing a using directive or an assembly reference?) [C:\Users\Deven\Desktop\erp\nexora\backend\src\Nexora.Modules.Finance\Nexora.Modules.Finance.csproj]
C:\Users\Deven\Desktop\erp\nexora\backend\src\Nexora.Modules.Finance\Controllers\AccountingController.cs(196,24): error CS0103: The name 'Permission' does not exist in the current context [C:\Users\Deven\Desktop\erp\nexora\backend\src\Nexora.Modules.Finance\Nexora.Modules.Finance.csproj]
C:\Users\Deven\Desktop\erp\nexora\backend\src\Nexora.Modules.Finance\Controllers\AccountingController.cs(227,6): error CS0246: The type or namespace name 'RequirePermissionAttribute' could not be found (are you missing a using directive or an assembly reference?) [C:\Users\Deven\Desktop\erp\nexora\backend\src\Nexora.Modules.Finance\Nexora.Modules.Finance.csproj]
C:\Users\Deven\Desktop\erp\nexora\backend\src\Nexora.Modules.Finance\Controllers\AccountingController.cs(227,6): error CS0246: The type or namespace name 'RequirePermission' could not be found (are you missing a using directive or an assembly reference?) [C:\Users\Deven\Desktop\erp\nexora\backend\src\Nexora.Modules.Finance\Nexora.Modules.Finance.csproj]
C:\Users\Deven\Desktop\erp\nexora\backend\src\Nexora.Modules.Finance\Controllers\AccountingController.cs(227,24): error CS0103: The name 'Permission' does not exist in the current context [C:\Users\Deven\Desktop\erp\nexora\backend\src\Nexora.Modules.Finance\Nexora.Modules.Finance.csproj]
C:\Users\Deven\Desktop\erp\nexora\backend\src\Nexora.Modules.Finance\Controllers\AccountingController.cs(252,6): error CS0246: The type or namespace name 'RequirePermissionAttribute' could not be found (are you missing a using directive or an assembly reference?) [C:\Users\Deven\Desktop\erp\nexora\backend\src\Nexora.Modules.Finance\Nexora.Modules.Finance.csproj]
C:\Users\Deven\Desktop\erp\nexora\backend\src\Nexora.Modules.Finance\Controllers\AccountingController.cs(252,6): error CS0246: The type or namespace name 'RequirePermission' could not be found (are you missing a using directive or an assembly reference?) [C:\Users\Deven\Desktop\erp\nexora\backend\src\Nexora.Modules.Finance\Nexora.Modules.Finance.csproj]
C:\Users\Deven\Desktop\erp\nexora\backend\src\Nexora.Modules.Finance\Controllers\AccountingController.cs(252,24): error CS0103: The name 'Permission' does not exist in the current context [C:\Users\Deven\Desktop\erp\nexora\backend\src\Nexora.Modules.Finance\Nexora.Modules.Finance.csproj]
C:\Users\Deven\Desktop\erp\nexora\backend\src\Nexora.Modules.Finance\Controllers\AccountingController.cs(260,6): error CS0246: The type or namespace name 'RequirePermissionAttribute' could not be found (are you missing a using directive or an assembly reference?) [C:\Users\Deven\Desktop\erp\nexora\backend\src\Nexora.Modules.Finance\Nexora.Modules.Finance.csproj]
C:\Users\Deven\Desktop\erp\nexora\backend\src\Nexora.Modules.Finance\Controllers\AccountingController.cs(260,6): error CS0246: The type or namespace name 'RequirePermission' could not be found (are you missing a using directive or an assembly reference?) [C:\Users\Deven\Desktop\erp\nexora\backend\src\Nexora.Modules.Finance\Nexora.Modules.Finance.csproj]
C:\Users\Deven\Desktop\erp\nexora\backend\src\Nexora.Modules.Finance\Controllers\AccountingController.cs(260,24): error CS0103: The name 'Permission' does not exist in the current context [C:\Users\Deven\Desktop\erp\nexora\backend\src\Nexora.Modules.Finance\Nexora.Modules.Finance.csproj]
C:\Users\Deven\Desktop\erp\nexora\backend\src\Nexora.Modules.Finance\Controllers\AccountingController.cs(270,6): error CS0246: The type or namespace name 'RequirePermissionAttribute' could not be found (are you missing a using directive or an assembly reference?) [C:\Users\Deven\Desktop\erp\nexora\backend\src\Nexora.Modules.Finance\Nexora.Modules.Finance.csproj]
C:\Users\Deven\Desktop\erp\nexora\backend\src\Nexora.Modules.Finance\Controllers\AccountingController.cs(270,6): error CS0246: The type or namespace name 'RequirePermission' could not be found (are you missing a using directive or an assembly reference?) [C:\Users\Deven\Desktop\erp\nexora\backend\src\Nexora.Modules.Finance\Nexora.Modules.Finance.csproj]
C:\Users\Deven\Desktop\erp\nexora\backend\src\Nexora.Modules.Finance\Controllers\AccountingController.cs(270,24): error CS0103: The name 'Permission' does not exist in the current context [C:\Users\Deven\Desktop\erp\nexora\backend\src\Nexora.Modules.Finance\Nexora.Modules.Finance.csproj]
C:\Users\Deven\Desktop\erp\nexora\backend\src\Nexora.Modules.Finance\Services\AccountingPostingService.cs(21,22): error CS0246: The type or namespace name 'NexoraDbContext' could not be found (are you missing a using directive or an assembly reference?) [C:\Users\Deven\Desktop\erp\nexora\backend\src\Nexora.Modules.Finance\Nexora.Modules.Finance.csproj]
C:\Users\Deven\Desktop\erp\nexora\backend\src\Nexora.Modules.Finance\Services\AccountingPostingService.cs(22,22): error CS0246: The type or namespace name 'ITenantContext' could not be found (are you missing a using directive or an assembly reference?) [C:\Users\Deven\Desktop\erp\nexora\backend\src\Nexora.Modules.Finance\Nexora.Modules.Finance.csproj]
C:\Users\Deven\Desktop\erp\nexora\backend\src\Nexora.Modules.Finance\Services\AccountingPostingService.cs(23,37): error CS0246: The type or namespace name 'NexoraDbContext' could not be found (are you missing a using directive or an assembly reference?) [C:\Users\Deven\Desktop\erp\nexora\backend\src\Nexora.Modules.Finance\Nexora.Modules.Finance.csproj]
C:\Users\Deven\Desktop\erp\nexora\backend\src\Nexora.Modules.Finance\Services\AccountingPostingService.cs(23,57): error CS0246: The type or namespace name 'ITenantContext' could not be found (are you missing a using directive or an assembly reference?) [C:\Users\Deven\Desktop\erp\nexora\backend\src\Nexora.Modules.Finance\Nexora.Modules.Finance.csproj]
C:\Users\Deven\Desktop\erp\nexora\backend\src\Nexora.Modules.Finance\Controllers\AccountingController.cs(293,6): error CS0246: The type or namespace name 'RequirePermissionAttribute' could not be found (are you missing a using directive or an assembly reference?) [C:\Users\Deven\Desktop\erp\nexora\backend\src\Nexora.Modules.Finance\Nexora.Modules.Finance.csproj]
C:\Users\Deven\Desktop\erp\nexora\backend\src\Nexora.Modules.Finance\Controllers\AccountingController.cs(293,6): error CS0246: The type or namespace name 'RequirePermission' could not be found (are you missing a using directive or an assembly reference?) [C:\Users\Deven\Desktop\erp\nexora\backend\src\Nexora.Modules.Finance\Nexora.Modules.Finance.csproj]
C:\Users\Deven\Desktop\erp\nexora\backend\src\Nexora.Modules.Finance\Controllers\AccountingController.cs(293,24): error CS0103: The name 'Permission' does not exist in the current context [C:\Users\Deven\Desktop\erp\nexora\backend\src\Nexora.Modules.Finance\Nexora.Modules.Finance.csproj]
C:\Users\Deven\Desktop\erp\nexora\backend\src\Nexora.Modules.Finance\Controllers\VendorBillsController.cs(26,22): error CS0246: The type or namespace name 'NexoraDbContext' could not be found (are you missing a using directive or an assembly reference?) [C:\Users\Deven\Desktop\erp\nexora\backend\src\Nexora.Modules.Finance\Nexora.Modules.Finance.csproj]
C:\Users\Deven\Desktop\erp\nexora\backend\src\Nexora.Modules.Finance\Controllers\VendorBillsController.cs(28,34): error CS0246: The type or namespace name 'NexoraDbContext' could not be found (are you missing a using directive or an assembly reference?) [C:\Users\Deven\Desktop\erp\nexora\backend\src\Nexora.Modules.Finance\Nexora.Modules.Finance.csproj]
C:\Users\Deven\Desktop\erp\nexora\backend\src\Nexora.Modules.Finance\Controllers\VendorBillsController.cs(39,6): error CS0246: The type or namespace name 'RequirePermissionAttribute' could not be found (are you missing a using directive or an assembly reference?) [C:\Users\Deven\Desktop\erp\nexora\backend\src\Nexora.Modules.Finance\Nexora.Modules.Finance.csproj]
C:\Users\Deven\Desktop\erp\nexora\backend\src\Nexora.Modules.Finance\Controllers\VendorBillsController.cs(39,6): error CS0246: The type or namespace name 'RequirePermission' could not be found (are you missing a using directive or an assembly reference?) [C:\Users\Deven\Desktop\erp\nexora\backend\src\Nexora.Modules.Finance\Nexora.Modules.Finance.csproj]
C:\Users\Deven\Desktop\erp\nexora\backend\src\Nexora.Modules.Finance\Controllers\VendorBillsController.cs(39,24): error CS0103: The name 'Permission' does not exist in the current context [C:\Users\Deven\Desktop\erp\nexora\backend\src\Nexora.Modules.Finance\Nexora.Modules.Finance.csproj]
C:\Users\Deven\Desktop\erp\nexora\backend\src\Nexora.Modules.Finance\Controllers\VendorBillsController.cs(47,6): error CS0246: The type or namespace name 'RequirePermissionAttribute' could not be found (are you missing a using directive or an assembly reference?) [C:\Users\Deven\Desktop\erp\nexora\backend\src\Nexora.Modules.Finance\Nexora.Modules.Finance.csproj]
C:\Users\Deven\Desktop\erp\nexora\backend\src\Nexora.Modules.Finance\Controllers\VendorBillsController.cs(47,6): error CS0246: The type or namespace name 'RequirePermission' could not be found (are you missing a using directive or an assembly reference?) [C:\Users\Deven\Desktop\erp\nexora\backend\src\Nexora.Modules.Finance\Nexora.Modules.Finance.csproj]
C:\Users\Deven\Desktop\erp\nexora\backend\src\Nexora.Modules.Finance\Controllers\VendorBillsController.cs(47,24): error CS0103: The name 'Permission' does not exist in the current context [C:\Users\Deven\Desktop\erp\nexora\backend\src\Nexora.Modules.Finance\Nexora.Modules.Finance.csproj]
C:\Users\Deven\Desktop\erp\nexora\backend\src\Nexora.Modules.Finance\Controllers\VendorBillsController.cs(62,6): error CS0246: The type or namespace name 'RequirePermissionAttribute' could not be found (are you missing a using directive or an assembly reference?) [C:\Users\Deven\Desktop\erp\nexora\backend\src\Nexora.Modules.Finance\Nexora.Modules.Finance.csproj]
C:\Users\Deven\Desktop\erp\nexora\backend\src\Nexora.Modules.Finance\Controllers\VendorBillsController.cs(62,6): error CS0246: The type or namespace name 'RequirePermission' could not be found (are you missing a using directive or an assembly reference?) [C:\Users\Deven\Desktop\erp\nexora\backend\src\Nexora.Modules.Finance\Nexora.Modules.Finance.csproj]
C:\Users\Deven\Desktop\erp\nexora\backend\src\Nexora.Modules.Finance\Controllers\VendorBillsController.cs(62,24): error CS0103: The name 'Permission' does not exist in the current context [C:\Users\Deven\Desktop\erp\nexora\backend\src\Nexora.Modules.Finance\Nexora.Modules.Finance.csproj]
C:\Users\Deven\Desktop\erp\nexora\backend\src\Nexora.Modules.Finance\Controllers\VendorBillsController.cs(83,6): error CS0246: The type or namespace name 'RequirePermissionAttribute' could not be found (are you missing a using directive or an assembly reference?) [C:\Users\Deven\Desktop\erp\nexora\backend\src\Nexora.Modules.Finance\Nexora.Modules.Finance.csproj]
C:\Users\Deven\Desktop\erp\nexora\backend\src\Nexora.Modules.Finance\Controllers\VendorBillsController.cs(83,6): error CS0246: The type or namespace name 'RequirePermission' could not be found (are you missing a using directive or an assembly reference?) [C:\Users\Deven\Desktop\erp\nexora\backend\src\Nexora.Modules.Finance\Nexora.Modules.Finance.csproj]
C:\Users\Deven\Desktop\erp\nexora\backend\src\Nexora.Modules.Finance\Controllers\VendorBillsController.cs(83,24): error CS0103: The name 'Permission' does not exist in the current context [C:\Users\Deven\Desktop\erp\nexora\backend\src\Nexora.Modules.Finance\Nexora.Modules.Finance.csproj]
C:\Users\Deven\Desktop\erp\nexora\backend\src\Nexora.Modules.Finance\Controllers\VendorBillsController.cs(116,6): error CS0246: The type or namespace name 'RequirePermissionAttribute' could not be found (are you missing a using directive or an assembly reference?) [C:\Users\Deven\Desktop\erp\nexora\backend\src\Nexora.Modules.Finance\Nexora.Modules.Finance.csproj]
C:\Users\Deven\Desktop\erp\nexora\backend\src\Nexora.Modules.Finance\Controllers\VendorBillsController.cs(116,6): error CS0246: The type or namespace name 'RequirePermission' could not be found (are you missing a using directive or an assembly reference?) [C:\Users\Deven\Desktop\erp\nexora\backend\src\Nexora.Modules.Finance\Nexora.Modules.Finance.csproj]
C:\Users\Deven\Desktop\erp\nexora\backend\src\Nexora.Modules.Finance\Controllers\VendorBillsController.cs(116,24): error CS0103: The name 'Permission' does not exist in the current context [C:\Users\Deven\Desktop\erp\nexora\backend\src\Nexora.Modules.Finance\Nexora.Modules.Finance.csproj]
C:\Users\Deven\Desktop\erp\nexora\backend\src\Nexora.Modules.Finance\Controllers\VendorBillsController.cs(146,6): error CS0246: The type or namespace name 'RequirePermissionAttribute' could not be found (are you missing a using directive or an assembly reference?) [C:\Users\Deven\Desktop\erp\nexora\backend\src\Nexora.Modules.Finance\Nexora.Modules.Finance.csproj]
C:\Users\Deven\Desktop\erp\nexora\backend\src\Nexora.Modules.Finance\Controllers\VendorBillsController.cs(146,6): error CS0246: The type or namespace name 'RequirePermission' could not be found (are you missing a using directive or an assembly reference?) [C:\Users\Deven\Desktop\erp\nexora\backend\src\Nexora.Modules.Finance\Nexora.Modules.Finance.csproj]
C:\Users\Deven\Desktop\erp\nexora\backend\src\Nexora.Modules.Finance\Controllers\VendorBillsController.cs(146,24): error CS0103: The name 'Permission' does not exist in the current context [C:\Users\Deven\Desktop\erp\nexora\backend\src\Nexora.Modules.Finance\Nexora.Modules.Finance.csproj]
C:\Users\Deven\Desktop\erp\nexora\backend\src\Nexora.Modules.Finance\Controllers\VendorBillsController.cs(165,6): error CS0246: The type or namespace name 'RequirePermissionAttribute' could not be found (are you missing a using directive or an assembly reference?) [C:\Users\Deven\Desktop\erp\nexora\backend\src\Nexora.Modules.Finance\Nexora.Modules.Finance.csproj]
C:\Users\Deven\Desktop\erp\nexora\backend\src\Nexora.Modules.Finance\Controllers\VendorBillsController.cs(165,6): error CS0246: The type or namespace name 'RequirePermission' could not be found (are you missing a using directive or an assembly reference?) [C:\Users\Deven\Desktop\erp\nexora\backend\src\Nexora.Modules.Finance\Nexora.Modules.Finance.csproj]
C:\Users\Deven\Desktop\erp\nexora\backend\src\Nexora.Modules.Finance\Controllers\VendorBillsController.cs(165,24): error CS0103: The name 'Permission' does not exist in the current context [C:\Users\Deven\Desktop\erp\nexora\backend\src\Nexora.Modules.Finance\Nexora.Modules.Finance.csproj]
C:\Users\Deven\Desktop\erp\nexora\backend\src\Nexora.Modules.Onboarding\Controllers\FnfController.cs(2,14): error CS0234: The type or namespace name 'Shared' does not exist in the namespace 'Nexora' (are you missing an assembly reference?) [C:\Users\Deven\Desktop\erp\nexora\backend\src\Nexora.Modules.Onboarding\Nexora.Modules.Onboarding.csproj]
C:\Users\Deven\Desktop\erp\nexora\backend\src\Nexora.Modules.Onboarding\Controllers\FnfController.cs(4,14): error CS0234: The type or namespace name 'Shared' does not exist in the namespace 'Nexora' (are you missing an assembly reference?) [C:\Users\Deven\Desktop\erp\nexora\backend\src\Nexora.Modules.Onboarding\Nexora.Modules.Onboarding.csproj]
C:\Users\Deven\Desktop\erp\nexora\backend\src\Nexora.Modules.Projects\Controllers\CustomersController.cs(1,14): error CS0234: The type or namespace name 'Shared' does not exist in the namespace 'Nexora' (are you missing an assembly reference?) [C:\Users\Deven\Desktop\erp\nexora\backend\src\Nexora.Modules.Projects\Nexora.Modules.Projects.csproj]
C:\Users\Deven\Desktop\erp\nexora\backend\src\Nexora.Modules.Projects\Controllers\CustomersController.cs(3,22): error CS0234: The type or namespace name 'Identity' does not exist in the namespace 'Nexora.Modules' (are you missing an assembly reference?) [C:\Users\Deven\Desktop\erp\nexora\backend\src\Nexora.Modules.Projects\Nexora.Modules.Projects.csproj]
C:\Users\Deven\Desktop\erp\nexora\backend\src\Nexora.Modules.Projects\Controllers\CustomersController.cs(5,14): error CS0234: The type or namespace name 'Shared' does not exist in the namespace 'Nexora' (are you missing an assembly reference?) [C:\Users\Deven\Desktop\erp\nexora\backend\src\Nexora.Modules.Projects\Nexora.Modules.Projects.csproj]
C:\Users\Deven\Desktop\erp\nexora\backend\src\Nexora.Modules.Onboarding\Controllers\FnfController.cs(5,22): error CS0234: The type or namespace name 'Identity' does not exist in the namespace 'Nexora.Modules' (are you missing an assembly reference?) [C:\Users\Deven\Desktop\erp\nexora\backend\src\Nexora.Modules.Onboarding\Nexora.Modules.Onboarding.csproj]
C:\Users\Deven\Desktop\erp\nexora\backend\src\Nexora.Modules.Projects\Controllers\CustomersController.cs(8,17): error CS0234: The type or namespace name 'EntityFrameworkCore' does not exist in the namespace 'Microsoft' (are you missing an assembly reference?) [C:\Users\Deven\Desktop\erp\nexora\backend\src\Nexora.Modules.Projects\Nexora.Modules.Projects.csproj]
C:\Users\Deven\Desktop\erp\nexora\backend\src\Nexora.Modules.Onboarding\Controllers\FnfController.cs(7,14): error CS0234: The type or namespace name 'Shared' does not exist in the namespace 'Nexora' (are you missing an assembly reference?) [C:\Users\Deven\Desktop\erp\nexora\backend\src\Nexora.Modules.Onboarding\Nexora.Modules.Onboarding.csproj]
C:\Users\Deven\Desktop\erp\nexora\backend\src\Nexora.Modules.Projects\Controllers\ProjectExpensesController.cs(2,14): error CS0234: The type or namespace name 'Shared' does not exist in the namespace 'Nexora' (are you missing an assembly reference?) [C:\Users\Deven\Desktop\erp\nexora\backend\src\Nexora.Modules.Projects\Nexora.Modules.Projects.csproj]
C:\Users\Deven\Desktop\erp\nexora\backend\src\Nexora.Modules.Projects\Controllers\ProjectExpensesController.cs(4,22): error CS0234: The type or namespace name 'Finance' does not exist in the namespace 'Nexora.Modules' (are you missing an assembly reference?) [C:\Users\Deven\Desktop\erp\nexora\backend\src\Nexora.Modules.Projects\Nexora.Modules.Projects.csproj]
C:\Users\Deven\Desktop\erp\nexora\backend\src\Nexora.Modules.Projects\Controllers\ProjectExpensesController.cs(5,14): error CS0234: The type or namespace name 'Shared' does not exist in the namespace 'Nexora' (are you missing an assembly reference?) [C:\Users\Deven\Desktop\erp\nexora\backend\src\Nexora.Modules.Projects\Nexora.Modules.Projects.csproj]
C:\Users\Deven\Desktop\erp\nexora\backend\src\Nexora.Modules.Projects\Controllers\ProjectExpensesController.cs(6,22): error CS0234: The type or namespace name 'Identity' does not exist in the namespace 'Nexora.Modules' (are you missing an assembly reference?) [C:\Users\Deven\Desktop\erp\nexora\backend\src\Nexora.Modules.Projects\Nexora.Modules.Projects.csproj]
C:\Users\Deven\Desktop\erp\nexora\backend\src\Nexora.Modules.Onboarding\Controllers\FnfController.cs(10,17): error CS0234: The type or namespace name 'EntityFrameworkCore' does not exist in the namespace 'Microsoft' (are you missing an assembly reference?) [C:\Users\Deven\Desktop\erp\nexora\backend\src\Nexora.Modules.Onboarding\Nexora.Modules.Onboarding.csproj]
C:\Users\Deven\Desktop\erp\nexora\backend\src\Nexora.Modules.Projects\Controllers\ProjectExpensesController.cs(8,22): error CS0234: The type or namespace name 'Workflow' does not exist in the namespace 'Nexora.Modules' (are you missing an assembly reference?) [C:\Users\Deven\Desktop\erp\nexora\backend\src\Nexora.Modules.Projects\Nexora.Modules.Projects.csproj]
C:\Users\Deven\Desktop\erp\nexora\backend\src\Nexora.Modules.Projects\Controllers\ProjectExpensesController.cs(9,22): error CS0234: The type or namespace name 'Finance' does not exist in the namespace 'Nexora.Modules' (are you missing an assembly reference?) [C:\Users\Deven\Desktop\erp\nexora\backend\src\Nexora.Modules.Projects\Nexora.Modules.Projects.csproj]
C:\Users\Deven\Desktop\erp\nexora\backend\src\Nexora.Modules.Onboarding\Controllers\OnboardingController.cs(2,14): error CS0234: The type or namespace name 'Shared' does not exist in the namespace 'Nexora' (are you missing an assembly reference?) [C:\Users\Deven\Desktop\erp\nexora\backend\src\Nexora.Modules.Onboarding\Nexora.Modules.Onboarding.csproj]
C:\Users\Deven\Desktop\erp\nexora\backend\src\Nexora.Modules.Projects\Controllers\ProjectExpensesController.cs(10,14): error CS0234: The type or namespace name 'Shared' does not exist in the namespace 'Nexora' (are you missing an assembly reference?) [C:\Users\Deven\Desktop\erp\nexora\backend\src\Nexora.Modules.Projects\Nexora.Modules.Projects.csproj]
C:\Users\Deven\Desktop\erp\nexora\backend\src\Nexora.Modules.Onboarding\Controllers\OnboardingController.cs(4,14): error CS0234: The type or namespace name 'Shared' does not exist in the namespace 'Nexora' (are you missing an assembly reference?) [C:\Users\Deven\Desktop\erp\nexora\backend\src\Nexora.Modules.Onboarding\Nexora.Modules.Onboarding.csproj]
C:\Users\Deven\Desktop\erp\nexora\backend\src\Nexora.Modules.Projects\Controllers\ProjectExpensesController.cs(11,22): error CS0234: The type or namespace name 'Workflow' does not exist in the namespace 'Nexora.Modules' (are you missing an assembly reference?) [C:\Users\Deven\Desktop\erp\nexora\backend\src\Nexora.Modules.Projects\Nexora.Modules.Projects.csproj]
C:\Users\Deven\Desktop\erp\nexora\backend\src\Nexora.Modules.Onboarding\Controllers\OnboardingController.cs(5,22): error CS0234: The type or namespace name 'Identity' does not exist in the namespace 'Nexora.Modules' (are you missing an assembly reference?) [C:\Users\Deven\Desktop\erp\nexora\backend\src\Nexora.Modules.Onboarding\Nexora.Modules.Onboarding.csproj]
C:\Users\Deven\Desktop\erp\nexora\backend\src\Nexora.Modules.Projects\Controllers\ProjectExpensesController.cs(14,17): error CS0234: The type or namespace name 'EntityFrameworkCore' does not exist in the namespace 'Microsoft' (are you missing an assembly reference?) [C:\Users\Deven\Desktop\erp\nexora\backend\src\Nexora.Modules.Projects\Nexora.Modules.Projects.csproj]
C:\Users\Deven\Desktop\erp\nexora\backend\src\Nexora.Modules.Onboarding\Controllers\OnboardingController.cs(7,14): error CS0234: The type or namespace name 'Shared' does not exist in the namespace 'Nexora' (are you missing an assembly reference?) [C:\Users\Deven\Desktop\erp\nexora\backend\src\Nexora.Modules.Onboarding\Nexora.Modules.Onboarding.csproj]
C:\Users\Deven\Desktop\erp\nexora\backend\src\Nexora.Modules.Projects\Controllers\ProjectsController.cs(2,14): error CS0234: The type or namespace name 'Shared' does not exist in the namespace 'Nexora' (are you missing an assembly reference?) [C:\Users\Deven\Desktop\erp\nexora\backend\src\Nexora.Modules.Projects\Nexora.Modules.Projects.csproj]
C:\Users\Deven\Desktop\erp\nexora\backend\src\Nexora.Modules.Projects\Controllers\ProjectsController.cs(4,22): error CS0234: The type or namespace name 'Identity' does not exist in the namespace 'Nexora.Modules' (are you missing an assembly reference?) [C:\Users\Deven\Desktop\erp\nexora\backend\src\Nexora.Modules.Projects\Nexora.Modules.Projects.csproj]
C:\Users\Deven\Desktop\erp\nexora\backend\src\Nexora.Modules.Onboarding\Controllers\OnboardingController.cs(10,17): error CS0234: The type or namespace name 'EntityFrameworkCore' does not exist in the namespace 'Microsoft' (are you missing an assembly reference?) [C:\Users\Deven\Desktop\erp\nexora\backend\src\Nexora.Modules.Onboarding\Nexora.Modules.Onboarding.csproj]
C:\Users\Deven\Desktop\erp\nexora\backend\src\Nexora.Modules.Projects\Controllers\ProjectsController.cs(6,14): error CS0234: The type or namespace name 'Shared' does not exist in the namespace 'Nexora' (are you missing an assembly reference?) [C:\Users\Deven\Desktop\erp\nexora\backend\src\Nexora.Modules.Projects\Nexora.Modules.Projects.csproj]
C:\Users\Deven\Desktop\erp\nexora\backend\src\Nexora.Modules.Projects\Controllers\ProjectsController.cs(7,14): error CS0234: The type or namespace name 'Shared' does not exist in the namespace 'Nexora' (are you missing an assembly reference?) [C:\Users\Deven\Desktop\erp\nexora\backend\src\Nexora.Modules.Projects\Nexora.Modules.Projects.csproj]
C:\Users\Deven\Desktop\erp\nexora\backend\src\Nexora.Modules.Onboarding\Entities\FnfCase.cs(1,14): error CS0234: The type or namespace name 'Shared' does not exist in the namespace 'Nexora' (are you missing an assembly reference?) [C:\Users\Deven\Desktop\erp\nexora\backend\src\Nexora.Modules.Onboarding\Nexora.Modules.Onboarding.csproj]
C:\Users\Deven\Desktop\erp\nexora\backend\src\Nexora.Modules.Projects\Controllers\ProjectsController.cs(10,17): error CS0234: The type or namespace name 'EntityFrameworkCore' does not exist in the namespace 'Microsoft' (are you missing an assembly reference?) [C:\Users\Deven\Desktop\erp\nexora\backend\src\Nexora.Modules.Projects\Nexora.Modules.Projects.csproj]
C:\Users\Deven\Desktop\erp\nexora\backend\src\Nexora.Modules.Onboarding\Entities\OnboardingTask.cs(1,14): error CS0234: The type or namespace name 'Shared' does not exist in the namespace 'Nexora' (are you missing an assembly reference?) [C:\Users\Deven\Desktop\erp\nexora\backend\src\Nexora.Modules.Onboarding\Nexora.Modules.Onboarding.csproj]
C:\Users\Deven\Desktop\erp\nexora\backend\src\Nexora.Modules.Projects\Controllers\ReimbursementController.cs(2,14): error CS0234: The type or namespace name 'Shared' does not exist in the namespace 'Nexora' (are you missing an assembly reference?) [C:\Users\Deven\Desktop\erp\nexora\backend\src\Nexora.Modules.Projects\Nexora.Modules.Projects.csproj]
C:\Users\Deven\Desktop\erp\nexora\backend\src\Nexora.Modules.Onboarding\Controllers\FnfController.cs(19,22): error CS0246: The type or namespace name 'NexoraDbContext' could not be found (are you missing a using directive or an assembly reference?) [C:\Users\Deven\Desktop\erp\nexora\backend\src\Nexora.Modules.Onboarding\Nexora.Modules.Onboarding.csproj]
C:\Users\Deven\Desktop\erp\nexora\backend\src\Nexora.Modules.Projects\Controllers\ReimbursementController.cs(4,22): error CS0234: The type or namespace name 'Finance' does not exist in the namespace 'Nexora.Modules' (are you missing an assembly reference?) [C:\Users\Deven\Desktop\erp\nexora\backend\src\Nexora.Modules.Projects\Nexora.Modules.Projects.csproj]
C:\Users\Deven\Desktop\erp\nexora\backend\src\Nexora.Modules.Projects\Controllers\ReimbursementController.cs(5,14): error CS0234: The type or namespace name 'Shared' does not exist in the namespace 'Nexora' (are you missing an assembly reference?) [C:\Users\Deven\Desktop\erp\nexora\backend\src\Nexora.Modules.Projects\Nexora.Modules.Projects.csproj]
C:\Users\Deven\Desktop\erp\nexora\backend\src\Nexora.Modules.Onboarding\Controllers\FnfController.cs(20,26): error CS0246: The type or namespace name 'NexoraDbContext' could not be found (are you missing a using directive or an assembly reference?) [C:\Users\Deven\Desktop\erp\nexora\backend\src\Nexora.Modules.Onboarding\Nexora.Modules.Onboarding.csproj]
C:\Users\Deven\Desktop\erp\nexora\backend\src\Nexora.Modules.Projects\Controllers\ReimbursementController.cs(6,22): error CS0234: The type or namespace name 'Identity' does not exist in the namespace 'Nexora.Modules' (are you missing an assembly reference?) [C:\Users\Deven\Desktop\erp\nexora\backend\src\Nexora.Modules.Projects\Nexora.Modules.Projects.csproj]
C:\Users\Deven\Desktop\erp\nexora\backend\src\Nexora.Modules.Onboarding\Controllers\FnfController.cs(30,6): error CS0246: The type or namespace name 'RequirePermissionAttribute' could not be found (are you missing a using directive or an assembly reference?) [C:\Users\Deven\Desktop\erp\nexora\backend\src\Nexora.Modules.Onboarding\Nexora.Modules.Onboarding.csproj]
C:\Users\Deven\Desktop\erp\nexora\backend\src\Nexora.Modules.Projects\Controllers\ReimbursementController.cs(8,22): error CS0234: The type or namespace name 'Workflow' does not exist in the namespace 'Nexora.Modules' (are you missing an assembly reference?) [C:\Users\Deven\Desktop\erp\nexora\backend\src\Nexora.Modules.Projects\Nexora.Modules.Projects.csproj]
C:\Users\Deven\Desktop\erp\nexora\backend\src\Nexora.Modules.Projects\Controllers\ReimbursementController.cs(9,22): error CS0234: The type or namespace name 'Finance' does not exist in the namespace 'Nexora.Modules' (are you missing an assembly reference?) [C:\Users\Deven\Desktop\erp\nexora\backend\src\Nexora.Modules.Projects\Nexora.Modules.Projects.csproj]
C:\Users\Deven\Desktop\erp\nexora\backend\src\Nexora.Modules.Onboarding\Controllers\FnfController.cs(30,6): error CS0246: The type or namespace name 'RequirePermission' could not be found (are you missing a using directive or an assembly reference?) [C:\Users\Deven\Desktop\erp\nexora\backend\src\Nexora.Modules.Onboarding\Nexora.Modules.Onboarding.csproj]
C:\Users\Deven\Desktop\erp\nexora\backend\src\Nexora.Modules.Projects\Controllers\ReimbursementController.cs(10,14): error CS0234: The type or namespace name 'Shared' does not exist in the namespace 'Nexora' (are you missing an assembly reference?) [C:\Users\Deven\Desktop\erp\nexora\backend\src\Nexora.Modules.Projects\Nexora.Modules.Projects.csproj]
C:\Users\Deven\Desktop\erp\nexora\backend\src\Nexora.Modules.Projects\Controllers\ReimbursementController.cs(11,22): error CS0234: The type or namespace name 'Workflow' does not exist in the namespace 'Nexora.Modules' (are you missing an assembly reference?) [C:\Users\Deven\Desktop\erp\nexora\backend\src\Nexora.Modules.Projects\Nexora.Modules.Projects.csproj]
C:\Users\Deven\Desktop\erp\nexora\backend\src\Nexora.Modules.Projects\Controllers\ReimbursementController.cs(14,17): error CS0234: The type or namespace name 'EntityFrameworkCore' does not exist in the namespace 'Microsoft' (are you missing an assembly reference?) [C:\Users\Deven\Desktop\erp\nexora\backend\src\Nexora.Modules.Projects\Nexora.Modules.Projects.csproj]
C:\Users\Deven\Desktop\erp\nexora\backend\src\Nexora.Modules.Projects\Entities\Customer.cs(1,14): error CS0234: The type or namespace name 'Shared' does not exist in the namespace 'Nexora' (are you missing an assembly reference?) [C:\Users\Deven\Desktop\erp\nexora\backend\src\Nexora.Modules.Projects\Nexora.Modules.Projects.csproj]
C:\Users\Deven\Desktop\erp\nexora\backend\src\Nexora.Modules.Projects\Entities\ProjectEntity.cs(1,14): error CS0234: The type or namespace name 'Shared' does not exist in the namespace 'Nexora' (are you missing an assembly reference?) [C:\Users\Deven\Desktop\erp\nexora\backend\src\Nexora.Modules.Projects\Nexora.Modules.Projects.csproj]
C:\Users\Deven\Desktop\erp\nexora\backend\src\Nexora.Modules.Projects\Entities\ProjectExpense.cs(1,14): error CS0234: The type or namespace name 'Shared' does not exist in the namespace 'Nexora' (are you missing an assembly reference?) [C:\Users\Deven\Desktop\erp\nexora\backend\src\Nexora.Modules.Projects\Nexora.Modules.Projects.csproj]
C:\Users\Deven\Desktop\erp\nexora\backend\src\Nexora.Modules.Projects\Entities\ProjectMember.cs(1,14): error CS0234: The type or namespace name 'Shared' does not exist in the namespace 'Nexora' (are you missing an assembly reference?) [C:\Users\Deven\Desktop\erp\nexora\backend\src\Nexora.Modules.Projects\Nexora.Modules.Projects.csproj]
C:\Users\Deven\Desktop\erp\nexora\backend\src\Nexora.Modules.Onboarding\Controllers\FnfController.cs(30,24): error CS0103: The name 'Permission' does not exist in the current context [C:\Users\Deven\Desktop\erp\nexora\backend\src\Nexora.Modules.Onboarding\Nexora.Modules.Onboarding.csproj]
C:\Users\Deven\Desktop\erp\nexora\backend\src\Nexora.Modules.Projects\Entities\ProjectMilestone.cs(1,14): error CS0234: The type or namespace name 'Shared' does not exist in the namespace 'Nexora' (are you missing an assembly reference?) [C:\Users\Deven\Desktop\erp\nexora\backend\src\Nexora.Modules.Projects\Nexora.Modules.Projects.csproj]
C:\Users\Deven\Desktop\erp\nexora\backend\src\Nexora.Modules.Projects\Entities\ProjectTask.cs(1,14): error CS0234: The type or namespace name 'Shared' does not exist in the namespace 'Nexora' (are you missing an assembly reference?) [C:\Users\Deven\Desktop\erp\nexora\backend\src\Nexora.Modules.Projects\Nexora.Modules.Projects.csproj]
C:\Users\Deven\Desktop\erp\nexora\backend\src\Nexora.Modules.Onboarding\Entities\FnfCase.cs(28,24): error CS0246: The type or namespace name 'TenantEntity' could not be found (are you missing a using directive or an assembly reference?) [C:\Users\Deven\Desktop\erp\nexora\backend\src\Nexora.Modules.Onboarding\Nexora.Modules.Onboarding.csproj]
C:\Users\Deven\Desktop\erp\nexora\backend\src\Nexora.Modules.Projects\Entities\ReimbursementRequest.cs(1,14): error CS0234: The type or namespace name 'Shared' does not exist in the namespace 'Nexora' (are you missing an assembly reference?) [C:\Users\Deven\Desktop\erp\nexora\backend\src\Nexora.Modules.Projects\Nexora.Modules.Projects.csproj]
C:\Users\Deven\Desktop\erp\nexora\backend\src\Nexora.Modules.Projects\Entities\Customer.cs(5,25): error CS0246: The type or namespace name 'TenantEntity' could not be found (are you missing a using directive or an assembly reference?) [C:\Users\Deven\Desktop\erp\nexora\backend\src\Nexora.Modules.Projects\Nexora.Modules.Projects.csproj]
C:\Users\Deven\Desktop\erp\nexora\backend\src\Nexora.Modules.Projects\Entities\ProjectEntity.cs(8,30): error CS0246: The type or namespace name 'TenantEntity' could not be found (are you missing a using directive or an assembly reference?) [C:\Users\Deven\Desktop\erp\nexora\backend\src\Nexora.Modules.Projects\Nexora.Modules.Projects.csproj]
C:\Users\Deven\Desktop\erp\nexora\backend\src\Nexora.Modules.Projects\Entities\ProjectMember.cs(8,30): error CS0246: The type or namespace name 'TenantEntity' could not be found (are you missing a using directive or an assembly reference?) [C:\Users\Deven\Desktop\erp\nexora\backend\src\Nexora.Modules.Projects\Nexora.Modules.Projects.csproj]
C:\Users\Deven\Desktop\erp\nexora\backend\src\Nexora.Modules.Projects\Entities\ProjectExpense.cs(10,31): error CS0246: The type or namespace name 'TenantEntity' could not be found (are you missing a using directive or an assembly reference?) [C:\Users\Deven\Desktop\erp\nexora\backend\src\Nexora.Modules.Projects\Nexora.Modules.Projects.csproj]
C:\Users\Deven\Desktop\erp\nexora\backend\src\Nexora.Modules.Projects\Entities\ProjectMilestone.cs(9,33): error CS0246: The type or namespace name 'TenantEntity' could not be found (are you missing a using directive or an assembly reference?) [C:\Users\Deven\Desktop\erp\nexora\backend\src\Nexora.Modules.Projects\Nexora.Modules.Projects.csproj]
C:\Users\Deven\Desktop\erp\nexora\backend\src\Nexora.Modules.Onboarding\Entities\FnfCase.cs(36,33): error CS0246: The type or namespace name 'TenantEntity' could not be found (are you missing a using directive or an assembly reference?) [C:\Users\Deven\Desktop\erp\nexora\backend\src\Nexora.Modules.Onboarding\Nexora.Modules.Onboarding.csproj]
C:\Users\Deven\Desktop\erp\nexora\backend\src\Nexora.Modules.Projects\Entities\ProjectTask.cs(10,28): error CS0246: The type or namespace name 'TenantEntity' could not be found (are you missing a using directive or an assembly reference?) [C:\Users\Deven\Desktop\erp\nexora\backend\src\Nexora.Modules.Projects\Nexora.Modules.Projects.csproj]
C:\Users\Deven\Desktop\erp\nexora\backend\src\Nexora.Modules.Onboarding\Controllers\FnfController.cs(37,6): error CS0246: The type or namespace name 'RequirePermissionAttribute' could not be found (are you missing a using directive or an assembly reference?) [C:\Users\Deven\Desktop\erp\nexora\backend\src\Nexora.Modules.Onboarding\Nexora.Modules.Onboarding.csproj]
C:\Users\Deven\Desktop\erp\nexora\backend\src\Nexora.Modules.Projects\Controllers\CustomersController.cs(17,22): error CS0246: The type or namespace name 'NexoraDbContext' could not be found (are you missing a using directive or an assembly reference?) [C:\Users\Deven\Desktop\erp\nexora\backend\src\Nexora.Modules.Projects\Nexora.Modules.Projects.csproj]
C:\Users\Deven\Desktop\erp\nexora\backend\src\Nexora.Modules.Projects\Entities\ReimbursementRequest.cs(10,37): error CS0246: The type or namespace name 'TenantEntity' could not be found (are you missing a using directive or an assembly reference?) [C:\Users\Deven\Desktop\erp\nexora\backend\src\Nexora.Modules.Projects\Nexora.Modules.Projects.csproj]
C:\Users\Deven\Desktop\erp\nexora\backend\src\Nexora.Modules.Projects\Controllers\CustomersController.cs(18,32): error CS0246: The type or namespace name 'NexoraDbContext' could not be found (are you missing a using directive or an assembly reference?) [C:\Users\Deven\Desktop\erp\nexora\backend\src\Nexora.Modules.Projects\Nexora.Modules.Projects.csproj]
C:\Users\Deven\Desktop\erp\nexora\backend\src\Nexora.Modules.Onboarding\Controllers\FnfController.cs(37,6): error CS0246: The type or namespace name 'RequirePermission' could not be found (are you missing a using directive or an assembly reference?) [C:\Users\Deven\Desktop\erp\nexora\backend\src\Nexora.Modules.Onboarding\Nexora.Modules.Onboarding.csproj]
C:\Users\Deven\Desktop\erp\nexora\backend\src\Nexora.Modules.Projects\Contracts\ProjectContracts.cs(16,83): error CS0246: The type or namespace name 'Erp' could not be found (are you missing a using directive or an assembly reference?) [C:\Users\Deven\Desktop\erp\nexora\backend\src\Nexora.Modules.Projects\Nexora.Modules.Projects.csproj]
C:\Users\Deven\Desktop\erp\nexora\backend\src\Nexora.Modules.Projects\Controllers\ProjectsController.cs(32,70): error CS0246: The type or namespace name 'ScopeDecision' could not be found (are you missing a using directive or an assembly reference?) [C:\Users\Deven\Desktop\erp\nexora\backend\src\Nexora.Modules.Projects\Nexora.Modules.Projects.csproj]
C:\Users\Deven\Desktop\erp\nexora\backend\src\Nexora.Modules.Projects\Controllers\CustomersController.cs(21,6): error CS0246: The type or namespace name 'RequirePermissionAttribute' could not be found (are you missing a using directive or an assembly reference?) [C:\Users\Deven\Desktop\erp\nexora\backend\src\Nexora.Modules.Projects\Nexora.Modules.Projects.csproj]
C:\Users\Deven\Desktop\erp\nexora\backend\src\Nexora.Modules.Projects\Controllers\CustomersController.cs(21,6): error CS0246: The type or namespace name 'RequirePermission' could not be found (are you missing a using directive or an assembly reference?) [C:\Users\Deven\Desktop\erp\nexora\backend\src\Nexora.Modules.Projects\Nexora.Modules.Projects.csproj]
C:\Users\Deven\Desktop\erp\nexora\backend\src\Nexora.Modules.Projects\Controllers\CustomersController.cs(21,24): error CS0103: The name 'Permission' does not exist in the current context [C:\Users\Deven\Desktop\erp\nexora\backend\src\Nexora.Modules.Projects\Nexora.Modules.Projects.csproj]
C:\Users\Deven\Desktop\erp\nexora\backend\src\Nexora.Modules.Projects\Controllers\ProjectExpensesController.cs(27,22): error CS0246: The type or namespace name 'NexoraDbContext' could not be found (are you missing a using directive or an assembly reference?) [C:\Users\Deven\Desktop\erp\nexora\backend\src\Nexora.Modules.Projects\Nexora.Modules.Projects.csproj]
C:\Users\Deven\Desktop\erp\nexora\backend\src\Nexora.Modules.Onboarding\Controllers\FnfController.cs(37,24): error CS0103: The name 'Permission' does not exist in the current context [C:\Users\Deven\Desktop\erp\nexora\backend\src\Nexora.Modules.Onboarding\Nexora.Modules.Onboarding.csproj]
C:\Users\Deven\Desktop\erp\nexora\backend\src\Nexora.Modules.Projects\Contracts\ProjectContracts.cs(36,39): error CS0246: The type or namespace name 'Erp' could not be found (are you missing a using directive or an assembly reference?) [C:\Users\Deven\Desktop\erp\nexora\backend\src\Nexora.Modules.Projects\Nexora.Modules.Projects.csproj]
C:\Users\Deven\Desktop\erp\nexora\backend\src\Nexora.Modules.Projects\Controllers\ProjectExpensesController.cs(28,22): error CS0246: The type or namespace name 'IApprovalWorkflowService' could not be found (are you missing a using directive or an assembly reference?) [C:\Users\Deven\Desktop\erp\nexora\backend\src\Nexora.Modules.Projects\Nexora.Modules.Projects.csproj]
C:\Users\Deven\Desktop\erp\nexora\backend\src\Nexora.Modules.Onboarding\Controllers\FnfController.cs(45,6): error CS0246: The type or namespace name 'RequirePermissionAttribute' could not be found (are you missing a using directive or an assembly reference?) [C:\Users\Deven\Desktop\erp\nexora\backend\src\Nexora.Modules.Onboarding\Nexora.Modules.Onboarding.csproj]
C:\Users\Deven\Desktop\erp\nexora\backend\src\Nexora.Modules.Projects\Controllers\CustomersController.cs(32,6): error CS0246: The type or namespace name 'RequirePermissionAttribute' could not be found (are you missing a using directive or an assembly reference?) [C:\Users\Deven\Desktop\erp\nexora\backend\src\Nexora.Modules.Projects\Nexora.Modules.Projects.csproj]
C:\Users\Deven\Desktop\erp\nexora\backend\src\Nexora.Modules.Projects\Controllers\CustomersController.cs(32,6): error CS0246: The type or namespace name 'RequirePermission' could not be found (are you missing a using directive or an assembly reference?) [C:\Users\Deven\Desktop\erp\nexora\backend\src\Nexora.Modules.Projects\Nexora.Modules.Projects.csproj]
C:\Users\Deven\Desktop\erp\nexora\backend\src\Nexora.Modules.Onboarding\Controllers\FnfController.cs(45,6): error CS0246: The type or namespace name 'RequirePermission' could not be found (are you missing a using directive or an assembly reference?) [C:\Users\Deven\Desktop\erp\nexora\backend\src\Nexora.Modules.Onboarding\Nexora.Modules.Onboarding.csproj]
C:\Users\Deven\Desktop\erp\nexora\backend\src\Nexora.Modules.Projects\Controllers\CustomersController.cs(32,24): error CS0103: The name 'Permission' does not exist in the current context [C:\Users\Deven\Desktop\erp\nexora\backend\src\Nexora.Modules.Projects\Nexora.Modules.Projects.csproj]
C:\Users\Deven\Desktop\erp\nexora\backend\src\Nexora.Modules.Onboarding\Controllers\FnfController.cs(45,24): error CS0103: The name 'Permission' does not exist in the current context [C:\Users\Deven\Desktop\erp\nexora\backend\src\Nexora.Modules.Onboarding\Nexora.Modules.Onboarding.csproj]
C:\Users\Deven\Desktop\erp\nexora\backend\src\Nexora.Modules.Onboarding\Entities\OnboardingTask.cs(26,31): error CS0246: The type or namespace name 'TenantEntity' could not be found (are you missing a using directive or an assembly reference?) [C:\Users\Deven\Desktop\erp\nexora\backend\src\Nexora.Modules.Onboarding\Nexora.Modules.Onboarding.csproj]
C:\Users\Deven\Desktop\erp\nexora\backend\src\Nexora.Modules.Onboarding\Controllers\FnfController.cs(53,6): error CS0246: The type or namespace name 'RequirePermissionAttribute' could not be found (are you missing a using directive or an assembly reference?) [C:\Users\Deven\Desktop\erp\nexora\backend\src\Nexora.Modules.Onboarding\Nexora.Modules.Onboarding.csproj]
C:\Users\Deven\Desktop\erp\nexora\backend\src\Nexora.Modules.Projects\Contracts\ProjectContracts.cs(34,40): error CS0246: The type or namespace name 'Erp' could not be found (are you missing a using directive or an assembly reference?) [C:\Users\Deven\Desktop\erp\nexora\backend\src\Nexora.Modules.Projects\Nexora.Modules.Projects.csproj]
C:\Users\Deven\Desktop\erp\nexora\backend\src\Nexora.Modules.Projects\Controllers\ProjectExpensesController.cs(29,22): error CS0246: The type or namespace name 'IAccountingPostingService' could not be found (are you missing a using directive or an assembly reference?) [C:\Users\Deven\Desktop\erp\nexora\backend\src\Nexora.Modules.Projects\Nexora.Modules.Projects.csproj]
C:\Users\Deven\Desktop\erp\nexora\backend\src\Nexora.Modules.Projects\Controllers\ProjectsController.cs(19,22): error CS0246: The type or namespace name 'NexoraDbContext' could not be found (are you missing a using directive or an assembly reference?) [C:\Users\Deven\Desktop\erp\nexora\backend\src\Nexora.Modules.Projects\Nexora.Modules.Projects.csproj]
C:\Users\Deven\Desktop\erp\nexora\backend\src\Nexora.Modules.Onboarding\Controllers\FnfController.cs(53,6): error CS0246: The type or namespace name 'RequirePermission' could not be found (are you missing a using directive or an assembly reference?) [C:\Users\Deven\Desktop\erp\nexora\backend\src\Nexora.Modules.Onboarding\Nexora.Modules.Onboarding.csproj]
C:\Users\Deven\Desktop\erp\nexora\backend\src\Nexora.Modules.Onboarding\Controllers\FnfController.cs(53,24): error CS0103: The name 'Permission' does not exist in the current context [C:\Users\Deven\Desktop\erp\nexora\backend\src\Nexora.Modules.Onboarding\Nexora.Modules.Onboarding.csproj]
C:\Users\Deven\Desktop\erp\nexora\backend\src\Nexora.Modules.Projects\Controllers\ProjectsController.cs(20,22): error CS0246: The type or namespace name 'DataScopeService' could not be found (are you missing a using directive or an assembly reference?) [C:\Users\Deven\Desktop\erp\nexora\backend\src\Nexora.Modules.Projects\Nexora.Modules.Projects.csproj]
C:\Users\Deven\Desktop\erp\nexora\backend\src\Nexora.Modules.Onboarding\Controllers\FnfController.cs(90,6): error CS0246: The type or namespace name 'RequirePermissionAttribute' could not be found (are you missing a using directive or an assembly reference?) [C:\Users\Deven\Desktop\erp\nexora\backend\src\Nexora.Modules.Onboarding\Nexora.Modules.Onboarding.csproj]
C:\Users\Deven\Desktop\erp\nexora\backend\src\Nexora.Modules.Projects\Controllers\ProjectExpensesController.cs(31,38): error CS0246: The type or namespace name 'NexoraDbContext' could not be found (are you missing a using directive or an assembly reference?) [C:\Users\Deven\Desktop\erp\nexora\backend\src\Nexora.Modules.Projects\Nexora.Modules.Projects.csproj]
C:\Users\Deven\Desktop\erp\nexora\backend\src\Nexora.Modules.Onboarding\Controllers\FnfController.cs(90,6): error CS0246: The type or namespace name 'RequirePermission' could not be found (are you missing a using directive or an assembly reference?) [C:\Users\Deven\Desktop\erp\nexora\backend\src\Nexora.Modules.Onboarding\Nexora.Modules.Onboarding.csproj]
C:\Users\Deven\Desktop\erp\nexora\backend\src\Nexora.Modules.Projects\Controllers\ProjectExpensesController.cs(31,58): error CS0246: The type or namespace name 'IApprovalWorkflowService' could not be found (are you missing a using directive or an assembly reference?) [C:\Users\Deven\Desktop\erp\nexora\backend\src\Nexora.Modules.Projects\Nexora.Modules.Projects.csproj]
C:\Users\Deven\Desktop\erp\nexora\backend\src\Nexora.Modules.Projects\Controllers\ProjectExpensesController.cs(31,93): error CS0246: The type or namespace name 'IAccountingPostingService' could not be found (are you missing a using directive or an assembly reference?) [C:\Users\Deven\Desktop\erp\nexora\backend\src\Nexora.Modules.Projects\Nexora.Modules.Projects.csproj]
C:\Users\Deven\Desktop\erp\nexora\backend\src\Nexora.Modules.Projects\Controllers\ProjectsController.cs(21,31): error CS0246: The type or namespace name 'NexoraDbContext' could not be found (are you missing a using directive or an assembly reference?) [C:\Users\Deven\Desktop\erp\nexora\backend\src\Nexora.Modules.Projects\Nexora.Modules.Projects.csproj]
C:\Users\Deven\Desktop\erp\nexora\backend\src\Nexora.Modules.Onboarding\Controllers\FnfController.cs(90,24): error CS0103: The name 'Permission' does not exist in the current context [C:\Users\Deven\Desktop\erp\nexora\backend\src\Nexora.Modules.Onboarding\Nexora.Modules.Onboarding.csproj]
C:\Users\Deven\Desktop\erp\nexora\backend\src\Nexora.Modules.Projects\Controllers\ProjectsController.cs(21,51): error CS0246: The type or namespace name 'DataScopeService' could not be found (are you missing a using directive or an assembly reference?) [C:\Users\Deven\Desktop\erp\nexora\backend\src\Nexora.Modules.Projects\Nexora.Modules.Projects.csproj]
C:\Users\Deven\Desktop\erp\nexora\backend\src\Nexora.Modules.Onboarding\Controllers\FnfController.cs(107,6): error CS0246: The type or namespace name 'RequirePermissionAttribute' could not be found (are you missing a using directive or an assembly reference?) [C:\Users\Deven\Desktop\erp\nexora\backend\src\Nexora.Modules.Onboarding\Nexora.Modules.Onboarding.csproj]
C:\Users\Deven\Desktop\erp\nexora\backend\src\Nexora.Modules.Projects\Contracts\ProjectContracts.cs(46,77): error CS0246: The type or namespace name 'Erp' could not be found (are you missing a using directive or an assembly reference?) [C:\Users\Deven\Desktop\erp\nexora\backend\src\Nexora.Modules.Projects\Nexora.Modules.Projects.csproj]
C:\Users\Deven\Desktop\erp\nexora\backend\src\Nexora.Modules.Onboarding\Controllers\FnfController.cs(107,6): error CS0246: The type or namespace name 'RequirePermission' could not be found (are you missing a using directive or an assembly reference?) [C:\Users\Deven\Desktop\erp\nexora\backend\src\Nexora.Modules.Onboarding\Nexora.Modules.Onboarding.csproj]
C:\Users\Deven\Desktop\erp\nexora\backend\src\Nexora.Modules.Projects\Controllers\ReimbursementController.cs(26,22): error CS0246: The type or namespace name 'NexoraDbContext' could not be found (are you missing a using directive or an assembly reference?) [C:\Users\Deven\Desktop\erp\nexora\backend\src\Nexora.Modules.Projects\Nexora.Modules.Projects.csproj]
C:\Users\Deven\Desktop\erp\nexora\backend\src\Nexora.Modules.Onboarding\Controllers\FnfController.cs(107,24): error CS0103: The name 'Permission' does not exist in the current context [C:\Users\Deven\Desktop\erp\nexora\backend\src\Nexora.Modules.Onboarding\Nexora.Modules.Onboarding.csproj]
C:\Users\Deven\Desktop\erp\nexora\backend\src\Nexora.Modules.Projects\Controllers\ReimbursementController.cs(27,22): error CS0246: The type or namespace name 'IApprovalWorkflowService' could not be found (are you missing a using directive or an assembly reference?) [C:\Users\Deven\Desktop\erp\nexora\backend\src\Nexora.Modules.Projects\Nexora.Modules.Projects.csproj]
C:\Users\Deven\Desktop\erp\nexora\backend\src\Nexora.Modules.Projects\Controllers\ProjectsController.cs(70,6): error CS0246: The type or namespace name 'RequirePermissionAttribute' could not be found (are you missing a using directive or an assembly reference?) [C:\Users\Deven\Desktop\erp\nexora\backend\src\Nexora.Modules.Projects\Nexora.Modules.Projects.csproj]
C:\Users\Deven\Desktop\erp\nexora\backend\src\Nexora.Modules.Onboarding\Controllers\OnboardingController.cs(19,22): error CS0246: The type or namespace name 'NexoraDbContext' could not be found (are you missing a using directive or an assembly reference?) [C:\Users\Deven\Desktop\erp\nexora\backend\src\Nexora.Modules.Onboarding\Nexora.Modules.Onboarding.csproj]
C:\Users\Deven\Desktop\erp\nexora\backend\src\Nexora.Modules.Projects\Controllers\ProjectsController.cs(70,6): error CS0246: The type or namespace name 'RequirePermission' could not be found (are you missing a using directive or an assembly reference?) [C:\Users\Deven\Desktop\erp\nexora\backend\src\Nexora.Modules.Projects\Nexora.Modules.Projects.csproj]
C:\Users\Deven\Desktop\erp\nexora\backend\src\Nexora.Modules.Onboarding\Controllers\OnboardingController.cs(20,33): error CS0246: The type or namespace name 'NexoraDbContext' could not be found (are you missing a using directive or an assembly reference?) [C:\Users\Deven\Desktop\erp\nexora\backend\src\Nexora.Modules.Onboarding\Nexora.Modules.Onboarding.csproj]
C:\Users\Deven\Desktop\erp\nexora\backend\src\Nexora.Modules.Projects\Controllers\ProjectsController.cs(70,24): error CS0103: The name 'Permission' does not exist in the current context [C:\Users\Deven\Desktop\erp\nexora\backend\src\Nexora.Modules.Projects\Nexora.Modules.Projects.csproj]
C:\Users\Deven\Desktop\erp\nexora\backend\src\Nexora.Modules.Projects\Controllers\ProjectExpensesController.cs(44,6): error CS0246: The type or namespace name 'RequirePermissionAttribute' could not be found (are you missing a using directive or an assembly reference?) [C:\Users\Deven\Desktop\erp\nexora\backend\src\Nexora.Modules.Projects\Nexora.Modules.Projects.csproj]
C:\Users\Deven\Desktop\erp\nexora\backend\src\Nexora.Modules.Onboarding\Controllers\OnboardingController.cs(32,6): error CS0246: The type or namespace name 'RequirePermissionAttribute' could not be found (are you missing a using directive or an assembly reference?) [C:\Users\Deven\Desktop\erp\nexora\backend\src\Nexora.Modules.Onboarding\Nexora.Modules.Onboarding.csproj]
C:\Users\Deven\Desktop\erp\nexora\backend\src\Nexora.Modules.Projects\Controllers\ProjectExpensesController.cs(44,6): error CS0246: The type or namespace name 'RequirePermission' could not be found (are you missing a using directive or an assembly reference?) [C:\Users\Deven\Desktop\erp\nexora\backend\src\Nexora.Modules.Projects\Nexora.Modules.Projects.csproj]
C:\Users\Deven\Desktop\erp\nexora\backend\src\Nexora.Modules.Projects\Controllers\ProjectExpensesController.cs(44,24): error CS0103: The name 'Permission' does not exist in the current context [C:\Users\Deven\Desktop\erp\nexora\backend\src\Nexora.Modules.Projects\Nexora.Modules.Projects.csproj]
C:\Users\Deven\Desktop\erp\nexora\backend\src\Nexora.Modules.Onboarding\Controllers\OnboardingController.cs(32,6): error CS0246: The type or namespace name 'RequirePermission' could not be found (are you missing a using directive or an assembly reference?) [C:\Users\Deven\Desktop\erp\nexora\backend\src\Nexora.Modules.Onboarding\Nexora.Modules.Onboarding.csproj]
C:\Users\Deven\Desktop\erp\nexora\backend\src\Nexora.Modules.Projects\Controllers\ReimbursementController.cs(28,22): error CS0246: The type or namespace name 'IAccountingPostingService' could not be found (are you missing a using directive or an assembly reference?) [C:\Users\Deven\Desktop\erp\nexora\backend\src\Nexora.Modules.Projects\Nexora.Modules.Projects.csproj]
C:\Users\Deven\Desktop\erp\nexora\backend\src\Nexora.Modules.Onboarding\Controllers\OnboardingController.cs(32,24): error CS0103: The name 'Permission' does not exist in the current context [C:\Users\Deven\Desktop\erp\nexora\backend\src\Nexora.Modules.Onboarding\Nexora.Modules.Onboarding.csproj]
C:\Users\Deven\Desktop\erp\nexora\backend\src\Nexora.Modules.Projects\Controllers\ProjectsController.cs(93,6): error CS0246: The type or namespace name 'RequirePermissionAttribute' could not be found (are you missing a using directive or an assembly reference?) [C:\Users\Deven\Desktop\erp\nexora\backend\src\Nexora.Modules.Projects\Nexora.Modules.Projects.csproj]
C:\Users\Deven\Desktop\erp\nexora\backend\src\Nexora.Modules.Onboarding\Controllers\OnboardingController.cs(41,6): error CS0246: The type or namespace name 'RequirePermissionAttribute' could not be found (are you missing a using directive or an assembly reference?) [C:\Users\Deven\Desktop\erp\nexora\backend\src\Nexora.Modules.Onboarding\Nexora.Modules.Onboarding.csproj]
C:\Users\Deven\Desktop\erp\nexora\backend\src\Nexora.Modules.Projects\Controllers\ProjectsController.cs(93,6): error CS0246: The type or namespace name 'RequirePermission' could not be found (are you missing a using directive or an assembly reference?) [C:\Users\Deven\Desktop\erp\nexora\backend\src\Nexora.Modules.Projects\Nexora.Modules.Projects.csproj]
C:\Users\Deven\Desktop\erp\nexora\backend\src\Nexora.Modules.Onboarding\Controllers\OnboardingController.cs(41,6): error CS0246: The type or namespace name 'RequirePermission' could not be found (are you missing a using directive or an assembly reference?) [C:\Users\Deven\Desktop\erp\nexora\backend\src\Nexora.Modules.Onboarding\Nexora.Modules.Onboarding.csproj]
C:\Users\Deven\Desktop\erp\nexora\backend\src\Nexora.Modules.Projects\Controllers\ProjectsController.cs(93,24): error CS0103: The name 'Permission' does not exist in the current context [C:\Users\Deven\Desktop\erp\nexora\backend\src\Nexora.Modules.Projects\Nexora.Modules.Projects.csproj]
C:\Users\Deven\Desktop\erp\nexora\backend\src\Nexora.Modules.Onboarding\Controllers\OnboardingController.cs(41,24): error CS0103: The name 'Permission' does not exist in the current context [C:\Users\Deven\Desktop\erp\nexora\backend\src\Nexora.Modules.Onboarding\Nexora.Modules.Onboarding.csproj]
C:\Users\Deven\Desktop\erp\nexora\backend\src\Nexora.Modules.Projects\Controllers\ProjectExpensesController.cs(52,6): error CS0246: The type or namespace name 'RequirePermissionAttribute' could not be found (are you missing a using directive or an assembly reference?) [C:\Users\Deven\Desktop\erp\nexora\backend\src\Nexora.Modules.Projects\Nexora.Modules.Projects.csproj]
C:\Users\Deven\Desktop\erp\nexora\backend\src\Nexora.Modules.Onboarding\Controllers\OnboardingController.cs(49,6): error CS0246: The type or namespace name 'RequirePermissionAttribute' could not be found (are you missing a using directive or an assembly reference?) [C:\Users\Deven\Desktop\erp\nexora\backend\src\Nexora.Modules.Onboarding\Nexora.Modules.Onboarding.csproj]
C:\Users\Deven\Desktop\erp\nexora\backend\src\Nexora.Modules.Projects\Controllers\ProjectExpensesController.cs(52,6): error CS0246: The type or namespace name 'RequirePermission' could not be found (are you missing a using directive or an assembly reference?) [C:\Users\Deven\Desktop\erp\nexora\backend\src\Nexora.Modules.Projects\Nexora.Modules.Projects.csproj]
C:\Users\Deven\Desktop\erp\nexora\backend\src\Nexora.Modules.Onboarding\Controllers\OnboardingController.cs(49,6): error CS0246: The type or namespace name 'RequirePermission' could not be found (are you missing a using directive or an assembly reference?) [C:\Users\Deven\Desktop\erp\nexora\backend\src\Nexora.Modules.Onboarding\Nexora.Modules.Onboarding.csproj]
C:\Users\Deven\Desktop\erp\nexora\backend\src\Nexora.Modules.Projects\Controllers\ProjectExpensesController.cs(52,24): error CS0103: The name 'Permission' does not exist in the current context [C:\Users\Deven\Desktop\erp\nexora\backend\src\Nexora.Modules.Projects\Nexora.Modules.Projects.csproj]
C:\Users\Deven\Desktop\erp\nexora\backend\src\Nexora.Modules.Onboarding\Controllers\OnboardingController.cs(49,24): error CS0103: The name 'Permission' does not exist in the current context [C:\Users\Deven\Desktop\erp\nexora\backend\src\Nexora.Modules.Onboarding\Nexora.Modules.Onboarding.csproj]
C:\Users\Deven\Desktop\erp\nexora\backend\src\Nexora.Modules.Onboarding\Controllers\OnboardingController.cs(60,6): error CS0246: The type or namespace name 'RequirePermissionAttribute' could not be found (are you missing a using directive or an assembly reference?) [C:\Users\Deven\Desktop\erp\nexora\backend\src\Nexora.Modules.Onboarding\Nexora.Modules.Onboarding.csproj]
C:\Users\Deven\Desktop\erp\nexora\backend\src\Nexora.Modules.Projects\Controllers\ReimbursementController.cs(30,36): error CS0246: The type or namespace name 'NexoraDbContext' could not be found (are you missing a using directive or an assembly reference?) [C:\Users\Deven\Desktop\erp\nexora\backend\src\Nexora.Modules.Projects\Nexora.Modules.Projects.csproj]
C:\Users\Deven\Desktop\erp\nexora\backend\src\Nexora.Modules.Projects\Controllers\ReimbursementController.cs(30,56): error CS0246: The type or namespace name 'IApprovalWorkflowService' could not be found (are you missing a using directive or an assembly reference?) [C:\Users\Deven\Desktop\erp\nexora\backend\src\Nexora.Modules.Projects\Nexora.Modules.Projects.csproj]
C:\Users\Deven\Desktop\erp\nexora\backend\src\Nexora.Modules.Onboarding\Controllers\OnboardingController.cs(60,6): error CS0246: The type or namespace name 'RequirePermission' could not be found (are you missing a using directive or an assembly reference?) [C:\Users\Deven\Desktop\erp\nexora\backend\src\Nexora.Modules.Onboarding\Nexora.Modules.Onboarding.csproj]
C:\Users\Deven\Desktop\erp\nexora\backend\src\Nexora.Modules.Onboarding\Controllers\OnboardingController.cs(60,24): error CS0103: The name 'Permission' does not exist in the current context [C:\Users\Deven\Desktop\erp\nexora\backend\src\Nexora.Modules.Onboarding\Nexora.Modules.Onboarding.csproj]
C:\Users\Deven\Desktop\erp\nexora\backend\src\Nexora.Modules.Projects\Controllers\ReimbursementController.cs(30,91): error CS0246: The type or namespace name 'IAccountingPostingService' could not be found (are you missing a using directive or an assembly reference?) [C:\Users\Deven\Desktop\erp\nexora\backend\src\Nexora.Modules.Projects\Nexora.Modules.Projects.csproj]
C:\Users\Deven\Desktop\erp\nexora\backend\src\Nexora.Modules.Onboarding\Controllers\OnboardingController.cs(74,6): error CS0246: The type or namespace name 'RequirePermissionAttribute' could not be found (are you missing a using directive or an assembly reference?) [C:\Users\Deven\Desktop\erp\nexora\backend\src\Nexora.Modules.Onboarding\Nexora.Modules.Onboarding.csproj]
C:\Users\Deven\Desktop\erp\nexora\backend\src\Nexora.Modules.Projects\Controllers\ProjectsController.cs(115,6): error CS0246: The type or namespace name 'RequirePermissionAttribute' could not be found (are you missing a using directive or an assembly reference?) [C:\Users\Deven\Desktop\erp\nexora\backend\src\Nexora.Modules.Projects\Nexora.Modules.Projects.csproj]
C:\Users\Deven\Desktop\erp\nexora\backend\src\Nexora.Modules.Onboarding\Controllers\OnboardingController.cs(74,6): error CS0246: The type or namespace name 'RequirePermission' could not be found (are you missing a using directive or an assembly reference?) [C:\Users\Deven\Desktop\erp\nexora\backend\src\Nexora.Modules.Onboarding\Nexora.Modules.Onboarding.csproj]
C:\Users\Deven\Desktop\erp\nexora\backend\src\Nexora.Modules.Projects\Controllers\ProjectsController.cs(115,6): error CS0246: The type or namespace name 'RequirePermission' could not be found (are you missing a using directive or an assembly reference?) [C:\Users\Deven\Desktop\erp\nexora\backend\src\Nexora.Modules.Projects\Nexora.Modules.Projects.csproj]
C:\Users\Deven\Desktop\erp\nexora\backend\src\Nexora.Modules.Onboarding\Controllers\OnboardingController.cs(74,24): error CS0103: The name 'Permission' does not exist in the current context [C:\Users\Deven\Desktop\erp\nexora\backend\src\Nexora.Modules.Onboarding\Nexora.Modules.Onboarding.csproj]
C:\Users\Deven\Desktop\erp\nexora\backend\src\Nexora.Modules.Projects\Controllers\ProjectsController.cs(115,24): error CS0103: The name 'Permission' does not exist in the current context [C:\Users\Deven\Desktop\erp\nexora\backend\src\Nexora.Modules.Projects\Nexora.Modules.Projects.csproj]
C:\Users\Deven\Desktop\erp\nexora\backend\src\Nexora.Modules.Onboarding\Controllers\OnboardingController.cs(106,6): error CS0246: The type or namespace name 'RequirePermissionAttribute' could not be found (are you missing a using directive or an assembly reference?) [C:\Users\Deven\Desktop\erp\nexora\backend\src\Nexora.Modules.Onboarding\Nexora.Modules.Onboarding.csproj]
C:\Users\Deven\Desktop\erp\nexora\backend\src\Nexora.Modules.Projects\Controllers\ProjectExpensesController.cs(63,6): error CS0246: The type or namespace name 'RequirePermissionAttribute' could not be found (are you missing a using directive or an assembly reference?) [C:\Users\Deven\Desktop\erp\nexora\backend\src\Nexora.Modules.Projects\Nexora.Modules.Projects.csproj]
C:\Users\Deven\Desktop\erp\nexora\backend\src\Nexora.Modules.Projects\Controllers\ProjectExpensesController.cs(63,6): error CS0246: The type or namespace name 'RequirePermission' could not be found (are you missing a using directive or an assembly reference?) [C:\Users\Deven\Desktop\erp\nexora\backend\src\Nexora.Modules.Projects\Nexora.Modules.Projects.csproj]
C:\Users\Deven\Desktop\erp\nexora\backend\src\Nexora.Modules.Onboarding\Controllers\OnboardingController.cs(106,6): error CS0246: The type or namespace name 'RequirePermission' could not be found (are you missing a using directive or an assembly reference?) [C:\Users\Deven\Desktop\erp\nexora\backend\src\Nexora.Modules.Onboarding\Nexora.Modules.Onboarding.csproj]
C:\Users\Deven\Desktop\erp\nexora\backend\src\Nexora.Modules.Projects\Controllers\ProjectExpensesController.cs(63,24): error CS0103: The name 'Permission' does not exist in the current context [C:\Users\Deven\Desktop\erp\nexora\backend\src\Nexora.Modules.Projects\Nexora.Modules.Projects.csproj]
C:\Users\Deven\Desktop\erp\nexora\backend\src\Nexora.Modules.Projects\Controllers\ProjectsController.cs(147,6): error CS0246: The type or namespace name 'RequirePermissionAttribute' could not be found (are you missing a using directive or an assembly reference?) [C:\Users\Deven\Desktop\erp\nexora\backend\src\Nexora.Modules.Projects\Nexora.Modules.Projects.csproj]
C:\Users\Deven\Desktop\erp\nexora\backend\src\Nexora.Modules.Onboarding\Controllers\OnboardingController.cs(106,24): error CS0103: The name 'Permission' does not exist in the current context [C:\Users\Deven\Desktop\erp\nexora\backend\src\Nexora.Modules.Onboarding\Nexora.Modules.Onboarding.csproj]
C:\Users\Deven\Desktop\erp\nexora\backend\src\Nexora.Modules.Projects\Controllers\ProjectsController.cs(147,6): error CS0246: The type or namespace name 'RequirePermission' could not be found (are you missing a using directive or an assembly reference?) [C:\Users\Deven\Desktop\erp\nexora\backend\src\Nexora.Modules.Projects\Nexora.Modules.Projects.csproj]
C:\Users\Deven\Desktop\erp\nexora\backend\src\Nexora.Modules.Onboarding\Controllers\OnboardingController.cs(129,6): error CS0246: The type or namespace name 'RequirePermissionAttribute' could not be found (are you missing a using directive or an assembly reference?) [C:\Users\Deven\Desktop\erp\nexora\backend\src\Nexora.Modules.Onboarding\Nexora.Modules.Onboarding.csproj]
C:\Users\Deven\Desktop\erp\nexora\backend\src\Nexora.Modules.Projects\Controllers\ProjectsController.cs(147,24): error CS0103: The name 'Permission' does not exist in the current context [C:\Users\Deven\Desktop\erp\nexora\backend\src\Nexora.Modules.Projects\Nexora.Modules.Projects.csproj]
C:\Users\Deven\Desktop\erp\nexora\backend\src\Nexora.Modules.Onboarding\Controllers\OnboardingController.cs(129,6): error CS0246: The type or namespace name 'RequirePermission' could not be found (are you missing a using directive or an assembly reference?) [C:\Users\Deven\Desktop\erp\nexora\backend\src\Nexora.Modules.Onboarding\Nexora.Modules.Onboarding.csproj]
C:\Users\Deven\Desktop\erp\nexora\backend\src\Nexora.Modules.Projects\Controllers\ReimbursementController.cs(43,6): error CS0246: The type or namespace name 'RequirePermissionAttribute' could not be found (are you missing a using directive or an assembly reference?) [C:\Users\Deven\Desktop\erp\nexora\backend\src\Nexora.Modules.Projects\Nexora.Modules.Projects.csproj]
C:\Users\Deven\Desktop\erp\nexora\backend\src\Nexora.Modules.Onboarding\Controllers\OnboardingController.cs(129,24): error CS0103: The name 'Permission' does not exist in the current context [C:\Users\Deven\Desktop\erp\nexora\backend\src\Nexora.Modules.Onboarding\Nexora.Modules.Onboarding.csproj]
C:\Users\Deven\Desktop\erp\nexora\backend\src\Nexora.Modules.Projects\Controllers\ReimbursementController.cs(43,6): error CS0246: The type or namespace name 'RequirePermission' could not be found (are you missing a using directive or an assembly reference?) [C:\Users\Deven\Desktop\erp\nexora\backend\src\Nexora.Modules.Projects\Nexora.Modules.Projects.csproj]
C:\Users\Deven\Desktop\erp\nexora\backend\src\Nexora.Modules.Projects\Controllers\ReimbursementController.cs(43,24): error CS0103: The name 'Permission' does not exist in the current context [C:\Users\Deven\Desktop\erp\nexora\backend\src\Nexora.Modules.Projects\Nexora.Modules.Projects.csproj]
C:\Users\Deven\Desktop\erp\nexora\backend\src\Nexora.Modules.Projects\Controllers\ProjectExpensesController.cs(83,6): error CS0246: The type or namespace name 'RequirePermissionAttribute' could not be found (are you missing a using directive or an assembly reference?) [C:\Users\Deven\Desktop\erp\nexora\backend\src\Nexora.Modules.Projects\Nexora.Modules.Projects.csproj]
C:\Users\Deven\Desktop\erp\nexora\backend\src\Nexora.Modules.Projects\Controllers\ProjectExpensesController.cs(83,6): error CS0246: The type or namespace name 'RequirePermission' could not be found (are you missing a using directive or an assembly reference?) [C:\Users\Deven\Desktop\erp\nexora\backend\src\Nexora.Modules.Projects\Nexora.Modules.Projects.csproj]
C:\Users\Deven\Desktop\erp\nexora\backend\src\Nexora.Modules.Projects\Controllers\ProjectExpensesController.cs(83,24): error CS0103: The name 'Permission' does not exist in the current context [C:\Users\Deven\Desktop\erp\nexora\backend\src\Nexora.Modules.Projects\Nexora.Modules.Projects.csproj]
C:\Users\Deven\Desktop\erp\nexora\backend\src\Nexora.Modules.Projects\Controllers\ProjectsController.cs(172,6): error CS0246: The type or namespace name 'RequirePermissionAttribute' could not be found (are you missing a using directive or an assembly reference?) [C:\Users\Deven\Desktop\erp\nexora\backend\src\Nexora.Modules.Projects\Nexora.Modules.Projects.csproj]
C:\Users\Deven\Desktop\erp\nexora\backend\src\Nexora.Modules.Projects\Controllers\ProjectsController.cs(172,6): error CS0246: The type or namespace name 'RequirePermission' could not be found (are you missing a using directive or an assembly reference?) [C:\Users\Deven\Desktop\erp\nexora\backend\src\Nexora.Modules.Projects\Nexora.Modules.Projects.csproj]
C:\Users\Deven\Desktop\erp\nexora\backend\src\Nexora.Modules.Projects\Controllers\ProjectsController.cs(172,24): error CS0103: The name 'Permission' does not exist in the current context [C:\Users\Deven\Desktop\erp\nexora\backend\src\Nexora.Modules.Projects\Nexora.Modules.Projects.csproj]
C:\Users\Deven\Desktop\erp\nexora\backend\src\Nexora.Modules.Projects\Controllers\ReimbursementController.cs(51,6): error CS0246: The type or namespace name 'RequirePermissionAttribute' could not be found (are you missing a using directive or an assembly reference?) [C:\Users\Deven\Desktop\erp\nexora\backend\src\Nexora.Modules.Projects\Nexora.Modules.Projects.csproj]
C:\Users\Deven\Desktop\erp\nexora\backend\src\Nexora.Modules.Projects\Controllers\ReimbursementController.cs(51,6): error CS0246: The type or namespace name 'RequirePermission' could not be found (are you missing a using directive or an assembly reference?) [C:\Users\Deven\Desktop\erp\nexora\backend\src\Nexora.Modules.Projects\Nexora.Modules.Projects.csproj]
C:\Users\Deven\Desktop\erp\nexora\backend\src\Nexora.Modules.Projects\Controllers\ReimbursementController.cs(51,24): error CS0103: The name 'Permission' does not exist in the current context [C:\Users\Deven\Desktop\erp\nexora\backend\src\Nexora.Modules.Projects\Nexora.Modules.Projects.csproj]
C:\Users\Deven\Desktop\erp\nexora\backend\src\Nexora.Modules.Projects\Controllers\ProjectsController.cs(189,6): error CS0246: The type or namespace name 'RequirePermissionAttribute' could not be found (are you missing a using directive or an assembly reference?) [C:\Users\Deven\Desktop\erp\nexora\backend\src\Nexora.Modules.Projects\Nexora.Modules.Projects.csproj]
C:\Users\Deven\Desktop\erp\nexora\backend\src\Nexora.Modules.Projects\Controllers\ProjectsController.cs(189,6): error CS0246: The type or namespace name 'RequirePermission' could not be found (are you missing a using directive or an assembly reference?) [C:\Users\Deven\Desktop\erp\nexora\backend\src\Nexora.Modules.Projects\Nexora.Modules.Projects.csproj]
C:\Users\Deven\Desktop\erp\nexora\backend\src\Nexora.Modules.Projects\Controllers\ProjectsController.cs(189,24): error CS0103: The name 'Permission' does not exist in the current context [C:\Users\Deven\Desktop\erp\nexora\backend\src\Nexora.Modules.Projects\Nexora.Modules.Projects.csproj]
C:\Users\Deven\Desktop\erp\nexora\backend\src\Nexora.Modules.Projects\Controllers\ReimbursementController.cs(66,6): error CS0246: The type or namespace name 'RequirePermissionAttribute' could not be found (are you missing a using directive or an assembly reference?) [C:\Users\Deven\Desktop\erp\nexora\backend\src\Nexora.Modules.Projects\Nexora.Modules.Projects.csproj]
C:\Users\Deven\Desktop\erp\nexora\backend\src\Nexora.Modules.Projects\Controllers\ReimbursementController.cs(66,6): error CS0246: The type or namespace name 'RequirePermission' could not be found (are you missing a using directive or an assembly reference?) [C:\Users\Deven\Desktop\erp\nexora\backend\src\Nexora.Modules.Projects\Nexora.Modules.Projects.csproj]
C:\Users\Deven\Desktop\erp\nexora\backend\src\Nexora.Modules.Projects\Controllers\ReimbursementController.cs(66,24): error CS0103: The name 'Permission' does not exist in the current context [C:\Users\Deven\Desktop\erp\nexora\backend\src\Nexora.Modules.Projects\Nexora.Modules.Projects.csproj]
C:\Users\Deven\Desktop\erp\nexora\backend\src\Nexora.Modules.Projects\Controllers\ProjectsController.cs(201,6): error CS0246: The type or namespace name 'RequirePermissionAttribute' could not be found (are you missing a using directive or an assembly reference?) [C:\Users\Deven\Desktop\erp\nexora\backend\src\Nexora.Modules.Projects\Nexora.Modules.Projects.csproj]
C:\Users\Deven\Desktop\erp\nexora\backend\src\Nexora.Modules.Projects\Controllers\ProjectsController.cs(201,6): error CS0246: The type or namespace name 'RequirePermission' could not be found (are you missing a using directive or an assembly reference?) [C:\Users\Deven\Desktop\erp\nexora\backend\src\Nexora.Modules.Projects\Nexora.Modules.Projects.csproj]
C:\Users\Deven\Desktop\erp\nexora\backend\src\Nexora.Modules.Projects\Controllers\ProjectsController.cs(201,24): error CS0103: The name 'Permission' does not exist in the current context [C:\Users\Deven\Desktop\erp\nexora\backend\src\Nexora.Modules.Projects\Nexora.Modules.Projects.csproj]
C:\Users\Deven\Desktop\erp\nexora\backend\src\Nexora.Modules.Projects\Controllers\ReimbursementController.cs(76,6): error CS0246: The type or namespace name 'RequirePermissionAttribute' could not be found (are you missing a using directive or an assembly reference?) [C:\Users\Deven\Desktop\erp\nexora\backend\src\Nexora.Modules.Projects\Nexora.Modules.Projects.csproj]
C:\Users\Deven\Desktop\erp\nexora\backend\src\Nexora.Modules.Projects\Controllers\ReimbursementController.cs(76,6): error CS0246: The type or namespace name 'RequirePermission' could not be found (are you missing a using directive or an assembly reference?) [C:\Users\Deven\Desktop\erp\nexora\backend\src\Nexora.Modules.Projects\Nexora.Modules.Projects.csproj]
C:\Users\Deven\Desktop\erp\nexora\backend\src\Nexora.Modules.Projects\Controllers\ReimbursementController.cs(76,24): error CS0103: The name 'Permission' does not exist in the current context [C:\Users\Deven\Desktop\erp\nexora\backend\src\Nexora.Modules.Projects\Nexora.Modules.Projects.csproj]
C:\Users\Deven\Desktop\erp\nexora\backend\src\Nexora.Modules.Projects\Controllers\ProjectsController.cs(228,6): error CS0246: The type or namespace name 'RequirePermissionAttribute' could not be found (are you missing a using directive or an assembly reference?) [C:\Users\Deven\Desktop\erp\nexora\backend\src\Nexora.Modules.Projects\Nexora.Modules.Projects.csproj]
C:\Users\Deven\Desktop\erp\nexora\backend\src\Nexora.Modules.Projects\Controllers\ProjectsController.cs(228,6): error CS0246: The type or namespace name 'RequirePermission' could not be found (are you missing a using directive or an assembly reference?) [C:\Users\Deven\Desktop\erp\nexora\backend\src\Nexora.Modules.Projects\Nexora.Modules.Projects.csproj]
C:\Users\Deven\Desktop\erp\nexora\backend\src\Nexora.Modules.Projects\Controllers\ProjectsController.cs(228,24): error CS0103: The name 'Permission' does not exist in the current context [C:\Users\Deven\Desktop\erp\nexora\backend\src\Nexora.Modules.Projects\Nexora.Modules.Projects.csproj]
C:\Users\Deven\Desktop\erp\nexora\backend\src\Nexora.Modules.Projects\Controllers\ProjectsController.cs(243,6): error CS0246: The type or namespace name 'RequirePermissionAttribute' could not be found (are you missing a using directive or an assembly reference?) [C:\Users\Deven\Desktop\erp\nexora\backend\src\Nexora.Modules.Projects\Nexora.Modules.Projects.csproj]
C:\Users\Deven\Desktop\erp\nexora\backend\src\Nexora.Modules.Projects\Controllers\ProjectsController.cs(243,6): error CS0246: The type or namespace name 'RequirePermission' could not be found (are you missing a using directive or an assembly reference?) [C:\Users\Deven\Desktop\erp\nexora\backend\src\Nexora.Modules.Projects\Nexora.Modules.Projects.csproj]
C:\Users\Deven\Desktop\erp\nexora\backend\src\Nexora.Modules.Projects\Controllers\ProjectsController.cs(243,24): error CS0103: The name 'Permission' does not exist in the current context [C:\Users\Deven\Desktop\erp\nexora\backend\src\Nexora.Modules.Projects\Nexora.Modules.Projects.csproj]
C:\Users\Deven\Desktop\erp\nexora\backend\src\Nexora.Modules.Projects\Controllers\ReimbursementController.cs(101,6): error CS0246: The type or namespace name 'RequirePermissionAttribute' could not be found (are you missing a using directive or an assembly reference?) [C:\Users\Deven\Desktop\erp\nexora\backend\src\Nexora.Modules.Projects\Nexora.Modules.Projects.csproj]
C:\Users\Deven\Desktop\erp\nexora\backend\src\Nexora.Modules.Projects\Controllers\ReimbursementController.cs(101,6): error CS0246: The type or namespace name 'RequirePermission' could not be found (are you missing a using directive or an assembly reference?) [C:\Users\Deven\Desktop\erp\nexora\backend\src\Nexora.Modules.Projects\Nexora.Modules.Projects.csproj]
C:\Users\Deven\Desktop\erp\nexora\backend\src\Nexora.Modules.Projects\Controllers\ReimbursementController.cs(101,24): error CS0103: The name 'Permission' does not exist in the current context [C:\Users\Deven\Desktop\erp\nexora\backend\src\Nexora.Modules.Projects\Nexora.Modules.Projects.csproj]
C:\Users\Deven\Desktop\erp\nexora\backend\src\Nexora.Modules.Projects\Controllers\ProjectsController.cs(258,6): error CS0246: The type or namespace name 'RequirePermissionAttribute' could not be found (are you missing a using directive or an assembly reference?) [C:\Users\Deven\Desktop\erp\nexora\backend\src\Nexora.Modules.Projects\Nexora.Modules.Projects.csproj]
C:\Users\Deven\Desktop\erp\nexora\backend\src\Nexora.Modules.Projects\Controllers\ProjectsController.cs(258,6): error CS0246: The type or namespace name 'RequirePermission' could not be found (are you missing a using directive or an assembly reference?) [C:\Users\Deven\Desktop\erp\nexora\backend\src\Nexora.Modules.Projects\Nexora.Modules.Projects.csproj]
C:\Users\Deven\Desktop\erp\nexora\backend\src\Nexora.Modules.Projects\Controllers\ProjectsController.cs(258,24): error CS0103: The name 'Permission' does not exist in the current context [C:\Users\Deven\Desktop\erp\nexora\backend\src\Nexora.Modules.Projects\Nexora.Modules.Projects.csproj]
C:\Users\Deven\Desktop\erp\nexora\backend\src\Nexora.Modules.Projects\Controllers\ProjectsController.cs(281,6): error CS0246: The type or namespace name 'RequirePermissionAttribute' could not be found (are you missing a using directive or an assembly reference?) [C:\Users\Deven\Desktop\erp\nexora\backend\src\Nexora.Modules.Projects\Nexora.Modules.Projects.csproj]
C:\Users\Deven\Desktop\erp\nexora\backend\src\Nexora.Modules.Projects\Controllers\ProjectsController.cs(281,6): error CS0246: The type or namespace name 'RequirePermission' could not be found (are you missing a using directive or an assembly reference?) [C:\Users\Deven\Desktop\erp\nexora\backend\src\Nexora.Modules.Projects\Nexora.Modules.Projects.csproj]
C:\Users\Deven\Desktop\erp\nexora\backend\src\Nexora.Modules.Projects\Controllers\ProjectsController.cs(281,24): error CS0103: The name 'Permission' does not exist in the current context [C:\Users\Deven\Desktop\erp\nexora\backend\src\Nexora.Modules.Projects\Nexora.Modules.Projects.csproj]
C:\Users\Deven\Desktop\erp\nexora\backend\src\Nexora.Modules.Projects\Controllers\ProjectsController.cs(342,6): error CS0246: The type or namespace name 'RequirePermissionAttribute' could not be found (are you missing a using directive or an assembly reference?) [C:\Users\Deven\Desktop\erp\nexora\backend\src\Nexora.Modules.Projects\Nexora.Modules.Projects.csproj]
C:\Users\Deven\Desktop\erp\nexora\backend\src\Nexora.Modules.Projects\Controllers\ProjectsController.cs(342,6): error CS0246: The type or namespace name 'RequirePermission' could not be found (are you missing a using directive or an assembly reference?) [C:\Users\Deven\Desktop\erp\nexora\backend\src\Nexora.Modules.Projects\Nexora.Modules.Projects.csproj]
C:\Users\Deven\Desktop\erp\nexora\backend\src\Nexora.Modules.Projects\Controllers\ProjectsController.cs(342,24): error CS0103: The name 'Permission' does not exist in the current context [C:\Users\Deven\Desktop\erp\nexora\backend\src\Nexora.Modules.Projects\Nexora.Modules.Projects.csproj]
C:\Users\Deven\Desktop\erp\nexora\backend\src\Nexora.Modules.Projects\Controllers\ProjectsController.cs(354,6): error CS0246: The type or namespace name 'RequirePermissionAttribute' could not be found (are you missing a using directive or an assembly reference?) [C:\Users\Deven\Desktop\erp\nexora\backend\src\Nexora.Modules.Projects\Nexora.Modules.Projects.csproj]
C:\Users\Deven\Desktop\erp\nexora\backend\src\Nexora.Modules.Projects\Controllers\ProjectsController.cs(354,6): error CS0246: The type or namespace name 'RequirePermission' could not be found (are you missing a using directive or an assembly reference?) [C:\Users\Deven\Desktop\erp\nexora\backend\src\Nexora.Modules.Projects\Nexora.Modules.Projects.csproj]
C:\Users\Deven\Desktop\erp\nexora\backend\src\Nexora.Modules.Projects\Controllers\ProjectsController.cs(354,24): error CS0103: The name 'Permission' does not exist in the current context [C:\Users\Deven\Desktop\erp\nexora\backend\src\Nexora.Modules.Projects\Nexora.Modules.Projects.csproj]
C:\Users\Deven\Desktop\erp\nexora\backend\src\Nexora.Modules.Projects\Controllers\ProjectsController.cs(373,6): error CS0246: The type or namespace name 'RequirePermissionAttribute' could not be found (are you missing a using directive or an assembly reference?) [C:\Users\Deven\Desktop\erp\nexora\backend\src\Nexora.Modules.Projects\Nexora.Modules.Projects.csproj]
C:\Users\Deven\Desktop\erp\nexora\backend\src\Nexora.Modules.Projects\Controllers\ProjectsController.cs(373,6): error CS0246: The type or namespace name 'RequirePermission' could not be found (are you missing a using directive or an assembly reference?) [C:\Users\Deven\Desktop\erp\nexora\backend\src\Nexora.Modules.Projects\Nexora.Modules.Projects.csproj]
C:\Users\Deven\Desktop\erp\nexora\backend\src\Nexora.Modules.Projects\Controllers\ProjectsController.cs(373,24): error CS0103: The name 'Permission' does not exist in the current context [C:\Users\Deven\Desktop\erp\nexora\backend\src\Nexora.Modules.Projects\Nexora.Modules.Projects.csproj]
C:\Users\Deven\Desktop\erp\nexora\backend\src\Nexora.Modules.Projects\Controllers\ProjectsController.cs(389,6): error CS0246: The type or namespace name 'RequirePermissionAttribute' could not be found (are you missing a using directive or an assembly reference?) [C:\Users\Deven\Desktop\erp\nexora\backend\src\Nexora.Modules.Projects\Nexora.Modules.Projects.csproj]
C:\Users\Deven\Desktop\erp\nexora\backend\src\Nexora.Modules.Projects\Controllers\ProjectsController.cs(389,6): error CS0246: The type or namespace name 'RequirePermission' could not be found (are you missing a using directive or an assembly reference?) [C:\Users\Deven\Desktop\erp\nexora\backend\src\Nexora.Modules.Projects\Nexora.Modules.Projects.csproj]
C:\Users\Deven\Desktop\erp\nexora\backend\src\Nexora.Modules.Projects\Controllers\ProjectsController.cs(389,24): error CS0103: The name 'Permission' does not exist in the current context [C:\Users\Deven\Desktop\erp\nexora\backend\src\Nexora.Modules.Projects\Nexora.Modules.Projects.csproj]
C:\Users\Deven\Desktop\erp\nexora\backend\src\Nexora.Modules.Projects\Controllers\ProjectsController.cs(403,6): error CS0246: The type or namespace name 'RequirePermissionAttribute' could not be found (are you missing a using directive or an assembly reference?) [C:\Users\Deven\Desktop\erp\nexora\backend\src\Nexora.Modules.Projects\Nexora.Modules.Projects.csproj]
C:\Users\Deven\Desktop\erp\nexora\backend\src\Nexora.Modules.Projects\Controllers\ProjectsController.cs(403,6): error CS0246: The type or namespace name 'RequirePermission' could not be found (are you missing a using directive or an assembly reference?) [C:\Users\Deven\Desktop\erp\nexora\backend\src\Nexora.Modules.Projects\Nexora.Modules.Projects.csproj]
C:\Users\Deven\Desktop\erp\nexora\backend\src\Nexora.Modules.Projects\Controllers\ProjectsController.cs(403,24): error CS0103: The name 'Permission' does not exist in the current context [C:\Users\Deven\Desktop\erp\nexora\backend\src\Nexora.Modules.Projects\Nexora.Modules.Projects.csproj]
C:\Users\Deven\Desktop\erp\nexora\backend\src\Nexora.Modules.Projects\Controllers\ProjectsController.cs(419,6): error CS0246: The type or namespace name 'RequirePermissionAttribute' could not be found (are you missing a using directive or an assembly reference?) [C:\Users\Deven\Desktop\erp\nexora\backend\src\Nexora.Modules.Projects\Nexora.Modules.Projects.csproj]
C:\Users\Deven\Desktop\erp\nexora\backend\src\Nexora.Modules.Projects\Controllers\ProjectsController.cs(419,6): error CS0246: The type or namespace name 'RequirePermission' could not be found (are you missing a using directive or an assembly reference?) [C:\Users\Deven\Desktop\erp\nexora\backend\src\Nexora.Modules.Projects\Nexora.Modules.Projects.csproj]
C:\Users\Deven\Desktop\erp\nexora\backend\src\Nexora.Modules.Projects\Controllers\ProjectsController.cs(419,24): error CS0103: The name 'Permission' does not exist in the current context [C:\Users\Deven\Desktop\erp\nexora\backend\src\Nexora.Modules.Projects\Nexora.Modules.Projects.csproj]
C:\Users\Deven\Desktop\erp\nexora\backend\src\Nexora.Modules.Projects\Controllers\ProjectsController.cs(440,6): error CS0246: The type or namespace name 'RequirePermissionAttribute' could not be found (are you missing a using directive or an assembly reference?) [C:\Users\Deven\Desktop\erp\nexora\backend\src\Nexora.Modules.Projects\Nexora.Modules.Projects.csproj]
C:\Users\Deven\Desktop\erp\nexora\backend\src\Nexora.Modules.Projects\Controllers\ProjectsController.cs(440,6): error CS0246: The type or namespace name 'RequirePermission' could not be found (are you missing a using directive or an assembly reference?) [C:\Users\Deven\Desktop\erp\nexora\backend\src\Nexora.Modules.Projects\Nexora.Modules.Projects.csproj]
C:\Users\Deven\Desktop\erp\nexora\backend\src\Nexora.Modules.Projects\Controllers\ProjectsController.cs(440,24): error CS0103: The name 'Permission' does not exist in the current context [C:\Users\Deven\Desktop\erp\nexora\backend\src\Nexora.Modules.Projects\Nexora.Modules.Projects.csproj]
C:\Users\Deven\Desktop\erp\nexora\backend\src\Nexora.Modules.Projects\Controllers\ProjectsController.cs(454,6): error CS0246: The type or namespace name 'RequirePermissionAttribute' could not be found (are you missing a using directive or an assembly reference?) [C:\Users\Deven\Desktop\erp\nexora\backend\src\Nexora.Modules.Projects\Nexora.Modules.Projects.csproj]
C:\Users\Deven\Desktop\erp\nexora\backend\src\Nexora.Modules.Projects\Controllers\ProjectsController.cs(454,6): error CS0246: The type or namespace name 'RequirePermission' could not be found (are you missing a using directive or an assembly reference?) [C:\Users\Deven\Desktop\erp\nexora\backend\src\Nexora.Modules.Projects\Nexora.Modules.Projects.csproj]
C:\Users\Deven\Desktop\erp\nexora\backend\src\Nexora.Modules.Projects\Controllers\ProjectsController.cs(454,24): error CS0103: The name 'Permission' does not exist in the current context [C:\Users\Deven\Desktop\erp\nexora\backend\src\Nexora.Modules.Projects\Nexora.Modules.Projects.csproj]
C:\Users\Deven\Desktop\erp\nexora\backend\src\Nexora.Modules.Projects\Controllers\ProjectsController.cs(468,6): error CS0246: The type or namespace name 'RequirePermissionAttribute' could not be found (are you missing a using directive or an assembly reference?) [C:\Users\Deven\Desktop\erp\nexora\backend\src\Nexora.Modules.Projects\Nexora.Modules.Projects.csproj]
C:\Users\Deven\Desktop\erp\nexora\backend\src\Nexora.Modules.Projects\Controllers\ProjectsController.cs(468,6): error CS0246: The type or namespace name 'RequirePermission' could not be found (are you missing a using directive or an assembly reference?) [C:\Users\Deven\Desktop\erp\nexora\backend\src\Nexora.Modules.Projects\Nexora.Modules.Projects.csproj]
C:\Users\Deven\Desktop\erp\nexora\backend\src\Nexora.Modules.Projects\Controllers\ProjectsController.cs(468,24): error CS0103: The name 'Permission' does not exist in the current context [C:\Users\Deven\Desktop\erp\nexora\backend\src\Nexora.Modules.Projects\Nexora.Modules.Projects.csproj]
C:\Users\Deven\Desktop\erp\nexora\backend\src\Nexora.Modules.Projects\Controllers\ProjectsController.cs(489,6): error CS0246: The type or namespace name 'RequirePermissionAttribute' could not be found (are you missing a using directive or an assembly reference?) [C:\Users\Deven\Desktop\erp\nexora\backend\src\Nexora.Modules.Projects\Nexora.Modules.Projects.csproj]
C:\Users\Deven\Desktop\erp\nexora\backend\src\Nexora.Modules.Projects\Controllers\ProjectsController.cs(489,6): error CS0246: The type or namespace name 'RequirePermission' could not be found (are you missing a using directive or an assembly reference?) [C:\Users\Deven\Desktop\erp\nexora\backend\src\Nexora.Modules.Projects\Nexora.Modules.Projects.csproj]
C:\Users\Deven\Desktop\erp\nexora\backend\src\Nexora.Modules.Projects\Controllers\ProjectsController.cs(489,24): error CS0103: The name 'Permission' does not exist in the current context [C:\Users\Deven\Desktop\erp\nexora\backend\src\Nexora.Modules.Projects\Nexora.Modules.Projects.csproj]
C:\Users\Deven\Desktop\erp\nexora\backend\src\Nexora.Modules.Reporting\Controllers\AuditLogController.cs(1,14): error CS0234: The type or namespace name 'Shared' does not exist in the namespace 'Nexora' (are you missing an assembly reference?) [C:\Users\Deven\Desktop\erp\nexora\backend\src\Nexora.Modules.Reporting\Nexora.Modules.Reporting.csproj]
C:\Users\Deven\Desktop\erp\nexora\backend\src\Nexora.Modules.Reporting\Controllers\AuditLogController.cs(2,22): error CS0234: The type or namespace name 'Identity' does not exist in the namespace 'Nexora.Modules' (are you missing an assembly reference?) [C:\Users\Deven\Desktop\erp\nexora\backend\src\Nexora.Modules.Reporting\Nexora.Modules.Reporting.csproj]
C:\Users\Deven\Desktop\erp\nexora\backend\src\Nexora.Modules.Reporting\Controllers\AuditLogController.cs(3,14): error CS0234: The type or namespace name 'Shared' does not exist in the namespace 'Nexora' (are you missing an assembly reference?) [C:\Users\Deven\Desktop\erp\nexora\backend\src\Nexora.Modules.Reporting\Nexora.Modules.Reporting.csproj]
C:\Users\Deven\Desktop\erp\nexora\backend\src\Nexora.Modules.Reporting\Controllers\AuditLogController.cs(6,17): error CS0234: The type or namespace name 'EntityFrameworkCore' does not exist in the namespace 'Microsoft' (are you missing an assembly reference?) [C:\Users\Deven\Desktop\erp\nexora\backend\src\Nexora.Modules.Reporting\Nexora.Modules.Reporting.csproj]
C:\Users\Deven\Desktop\erp\nexora\backend\src\Nexora.Modules.Reporting\Controllers\DashboardController.cs(2,14): error CS0234: The type or namespace name 'Shared' does not exist in the namespace 'Nexora' (are you missing an assembly reference?) [C:\Users\Deven\Desktop\erp\nexora\backend\src\Nexora.Modules.Reporting\Nexora.Modules.Reporting.csproj]
C:\Users\Deven\Desktop\erp\nexora\backend\src\Nexora.Modules.Reporting\Controllers\DashboardController.cs(4,22): error CS0234: The type or namespace name 'Identity' does not exist in the namespace 'Nexora.Modules' (are you missing an assembly reference?) [C:\Users\Deven\Desktop\erp\nexora\backend\src\Nexora.Modules.Reporting\Nexora.Modules.Reporting.csproj]
C:\Users\Deven\Desktop\erp\nexora\backend\src\Nexora.Modules.Reporting\Controllers\DashboardController.cs(5,22): error CS0234: The type or namespace name 'HR' does not exist in the namespace 'Nexora.Modules' (are you missing an assembly reference?) [C:\Users\Deven\Desktop\erp\nexora\backend\src\Nexora.Modules.Reporting\Nexora.Modules.Reporting.csproj]
C:\Users\Deven\Desktop\erp\nexora\backend\src\Nexora.Modules.Reporting\Controllers\DashboardController.cs(6,22): error CS0234: The type or namespace name 'Projects' does not exist in the namespace 'Nexora.Modules' (are you missing an assembly reference?) [C:\Users\Deven\Desktop\erp\nexora\backend\src\Nexora.Modules.Reporting\Nexora.Modules.Reporting.csproj]
C:\Users\Deven\Desktop\erp\nexora\backend\src\Nexora.Modules.Reporting\Controllers\DashboardController.cs(7,22): error CS0234: The type or namespace name 'Projects' does not exist in the namespace 'Nexora.Modules' (are you missing an assembly reference?) [C:\Users\Deven\Desktop\erp\nexora\backend\src\Nexora.Modules.Reporting\Nexora.Modules.Reporting.csproj]
C:\Users\Deven\Desktop\erp\nexora\backend\src\Nexora.Modules.Reporting\Controllers\DashboardController.cs(8,22): error CS0234: The type or namespace name 'HR' does not exist in the namespace 'Nexora.Modules' (are you missing an assembly reference?) [C:\Users\Deven\Desktop\erp\nexora\backend\src\Nexora.Modules.Reporting\Nexora.Modules.Reporting.csproj]
C:\Users\Deven\Desktop\erp\nexora\backend\src\Nexora.Modules.Reporting\Controllers\DashboardController.cs(9,14): error CS0234: The type or namespace name 'Shared' does not exist in the namespace 'Nexora' (are you missing an assembly reference?) [C:\Users\Deven\Desktop\erp\nexora\backend\src\Nexora.Modules.Reporting\Nexora.Modules.Reporting.csproj]
C:\Users\Deven\Desktop\erp\nexora\backend\src\Nexora.Modules.Reporting\Controllers\DashboardController.cs(12,17): error CS0234: The type or namespace name 'EntityFrameworkCore' does not exist in the namespace 'Microsoft' (are you missing an assembly reference?) [C:\Users\Deven\Desktop\erp\nexora\backend\src\Nexora.Modules.Reporting\Nexora.Modules.Reporting.csproj]
C:\Users\Deven\Desktop\erp\nexora\backend\src\Nexora.Modules.Reporting\Controllers\ReportsController.cs(2,14): error CS0234: The type or namespace name 'Shared' does not exist in the namespace 'Nexora' (are you missing an assembly reference?) [C:\Users\Deven\Desktop\erp\nexora\backend\src\Nexora.Modules.Reporting\Nexora.Modules.Reporting.csproj]
C:\Users\Deven\Desktop\erp\nexora\backend\src\Nexora.Modules.Reporting\Controllers\ReportsController.cs(4,22): error CS0234: The type or namespace name 'Identity' does not exist in the namespace 'Nexora.Modules' (are you missing an assembly reference?) [C:\Users\Deven\Desktop\erp\nexora\backend\src\Nexora.Modules.Reporting\Nexora.Modules.Reporting.csproj]
C:\Users\Deven\Desktop\erp\nexora\backend\src\Nexora.Modules.Reporting\Controllers\ReportsController.cs(5,22): error CS0234: The type or namespace name 'Projects' does not exist in the namespace 'Nexora.Modules' (are you missing an assembly reference?) [C:\Users\Deven\Desktop\erp\nexora\backend\src\Nexora.Modules.Reporting\Nexora.Modules.Reporting.csproj]
C:\Users\Deven\Desktop\erp\nexora\backend\src\Nexora.Modules.Reporting\Controllers\ReportsController.cs(6,22): error CS0234: The type or namespace name 'Projects' does not exist in the namespace 'Nexora.Modules' (are you missing an assembly reference?) [C:\Users\Deven\Desktop\erp\nexora\backend\src\Nexora.Modules.Reporting\Nexora.Modules.Reporting.csproj]
C:\Users\Deven\Desktop\erp\nexora\backend\src\Nexora.Modules.Reporting\Controllers\ReportsController.cs(7,22): error CS0234: The type or namespace name 'HR' does not exist in the namespace 'Nexora.Modules' (are you missing an assembly reference?) [C:\Users\Deven\Desktop\erp\nexora\backend\src\Nexora.Modules.Reporting\Nexora.Modules.Reporting.csproj]
C:\Users\Deven\Desktop\erp\nexora\backend\src\Nexora.Modules.Reporting\Controllers\ReportsController.cs(8,14): error CS0234: The type or namespace name 'Shared' does not exist in the namespace 'Nexora' (are you missing an assembly reference?) [C:\Users\Deven\Desktop\erp\nexora\backend\src\Nexora.Modules.Reporting\Nexora.Modules.Reporting.csproj]
C:\Users\Deven\Desktop\erp\nexora\backend\src\Nexora.Modules.Reporting\Controllers\ReportsController.cs(11,17): error CS0234: The type or namespace name 'EntityFrameworkCore' does not exist in the namespace 'Microsoft' (are you missing an assembly reference?) [C:\Users\Deven\Desktop\erp\nexora\backend\src\Nexora.Modules.Reporting\Nexora.Modules.Reporting.csproj]
C:\Users\Deven\Desktop\erp\nexora\backend\src\Nexora.Modules.Reporting\Controllers\SearchController.cs(1,22): error CS0234: The type or namespace name 'Identity' does not exist in the namespace 'Nexora.Modules' (are you missing an assembly reference?) [C:\Users\Deven\Desktop\erp\nexora\backend\src\Nexora.Modules.Reporting\Nexora.Modules.Reporting.csproj]
C:\Users\Deven\Desktop\erp\nexora\backend\src\Nexora.Modules.Reporting\Controllers\SearchController.cs(2,14): error CS0234: The type or namespace name 'Shared' does not exist in the namespace 'Nexora' (are you missing an assembly reference?) [C:\Users\Deven\Desktop\erp\nexora\backend\src\Nexora.Modules.Reporting\Nexora.Modules.Reporting.csproj]
C:\Users\Deven\Desktop\erp\nexora\backend\src\Nexora.Modules.Reporting\Controllers\SearchController.cs(5,17): error CS0234: The type or namespace name 'EntityFrameworkCore' does not exist in the namespace 'Microsoft' (are you missing an assembly reference?) [C:\Users\Deven\Desktop\erp\nexora\backend\src\Nexora.Modules.Reporting\Nexora.Modules.Reporting.csproj]
C:\Users\Deven\Desktop\erp\nexora\backend\src\Nexora.Modules.Reporting\Controllers\AuditLogController.cs(21,22): error CS0246: The type or namespace name 'NexoraDbContext' could not be found (are you missing a using directive or an assembly reference?) [C:\Users\Deven\Desktop\erp\nexora\backend\src\Nexora.Modules.Reporting\Nexora.Modules.Reporting.csproj]
C:\Users\Deven\Desktop\erp\nexora\backend\src\Nexora.Modules.Reporting\Controllers\AuditLogController.cs(22,31): error CS0246: The type or namespace name 'NexoraDbContext' could not be found (are you missing a using directive or an assembly reference?) [C:\Users\Deven\Desktop\erp\nexora\backend\src\Nexora.Modules.Reporting\Nexora.Modules.Reporting.csproj]
C:\Users\Deven\Desktop\erp\nexora\backend\src\Nexora.Modules.Reporting\Controllers\AuditLogController.cs(25,6): error CS0246: The type or namespace name 'RequirePermissionAttribute' could not be found (are you missing a using directive or an assembly reference?) [C:\Users\Deven\Desktop\erp\nexora\backend\src\Nexora.Modules.Reporting\Nexora.Modules.Reporting.csproj]
C:\Users\Deven\Desktop\erp\nexora\backend\src\Nexora.Modules.Reporting\Controllers\AuditLogController.cs(25,6): error CS0246: The type or namespace name 'RequirePermission' could not be found (are you missing a using directive or an assembly reference?) [C:\Users\Deven\Desktop\erp\nexora\backend\src\Nexora.Modules.Reporting\Nexora.Modules.Reporting.csproj]
C:\Users\Deven\Desktop\erp\nexora\backend\src\Nexora.Modules.Reporting\Controllers\AuditLogController.cs(25,24): error CS0103: The name 'Permission' does not exist in the current context [C:\Users\Deven\Desktop\erp\nexora\backend\src\Nexora.Modules.Reporting\Nexora.Modules.Reporting.csproj]
C:\Users\Deven\Desktop\erp\nexora\backend\src\Nexora.Modules.Reporting\Controllers\DashboardController.cs(24,22): error CS0246: The type or namespace name 'NexoraDbContext' could not be found (are you missing a using directive or an assembly reference?) [C:\Users\Deven\Desktop\erp\nexora\backend\src\Nexora.Modules.Reporting\Nexora.Modules.Reporting.csproj]
C:\Users\Deven\Desktop\erp\nexora\backend\src\Nexora.Modules.Reporting\Controllers\DashboardController.cs(25,32): error CS0246: The type or namespace name 'NexoraDbContext' could not be found (are you missing a using directive or an assembly reference?) [C:\Users\Deven\Desktop\erp\nexora\backend\src\Nexora.Modules.Reporting\Nexora.Modules.Reporting.csproj]
C:\Users\Deven\Desktop\erp\nexora\backend\src\Nexora.Modules.Reporting\Controllers\DashboardController.cs(76,6): error CS0246: The type or namespace name 'RequirePermissionAttribute' could not be found (are you missing a using directive or an assembly reference?) [C:\Users\Deven\Desktop\erp\nexora\backend\src\Nexora.Modules.Reporting\Nexora.Modules.Reporting.csproj]
C:\Users\Deven\Desktop\erp\nexora\backend\src\Nexora.Modules.Reporting\Controllers\DashboardController.cs(76,6): error CS0246: The type or namespace name 'RequirePermission' could not be found (are you missing a using directive or an assembly reference?) [C:\Users\Deven\Desktop\erp\nexora\backend\src\Nexora.Modules.Reporting\Nexora.Modules.Reporting.csproj]
C:\Users\Deven\Desktop\erp\nexora\backend\src\Nexora.Modules.Reporting\Controllers\DashboardController.cs(76,24): error CS0103: The name 'Permission' does not exist in the current context [C:\Users\Deven\Desktop\erp\nexora\backend\src\Nexora.Modules.Reporting\Nexora.Modules.Reporting.csproj]
C:\Users\Deven\Desktop\erp\nexora\backend\src\Nexora.Modules.Reporting\Controllers\ReportsController.cs(23,22): error CS0246: The type or namespace name 'NexoraDbContext' could not be found (are you missing a using directive or an assembly reference?) [C:\Users\Deven\Desktop\erp\nexora\backend\src\Nexora.Modules.Reporting\Nexora.Modules.Reporting.csproj]
C:\Users\Deven\Desktop\erp\nexora\backend\src\Nexora.Modules.Reporting\Controllers\ReportsController.cs(24,30): error CS0246: The type or namespace name 'NexoraDbContext' could not be found (are you missing a using directive or an assembly reference?) [C:\Users\Deven\Desktop\erp\nexora\backend\src\Nexora.Modules.Reporting\Nexora.Modules.Reporting.csproj]
C:\Users\Deven\Desktop\erp\nexora\backend\src\Nexora.Modules.Reporting\Controllers\ReportsController.cs(30,6): error CS0246: The type or namespace name 'RequirePermissionAttribute' could not be found (are you missing a using directive or an assembly reference?) [C:\Users\Deven\Desktop\erp\nexora\backend\src\Nexora.Modules.Reporting\Nexora.Modules.Reporting.csproj]
C:\Users\Deven\Desktop\erp\nexora\backend\src\Nexora.Modules.Reporting\Controllers\ReportsController.cs(30,6): error CS0246: The type or namespace name 'RequirePermission' could not be found (are you missing a using directive or an assembly reference?) [C:\Users\Deven\Desktop\erp\nexora\backend\src\Nexora.Modules.Reporting\Nexora.Modules.Reporting.csproj]
C:\Users\Deven\Desktop\erp\nexora\backend\src\Nexora.Modules.Reporting\Controllers\ReportsController.cs(30,24): error CS0103: The name 'Permission' does not exist in the current context [C:\Users\Deven\Desktop\erp\nexora\backend\src\Nexora.Modules.Reporting\Nexora.Modules.Reporting.csproj]
C:\Users\Deven\Desktop\erp\nexora\backend\src\Nexora.Modules.Reporting\Controllers\ReportsController.cs(69,6): error CS0246: The type or namespace name 'RequirePermissionAttribute' could not be found (are you missing a using directive or an assembly reference?) [C:\Users\Deven\Desktop\erp\nexora\backend\src\Nexora.Modules.Reporting\Nexora.Modules.Reporting.csproj]
C:\Users\Deven\Desktop\erp\nexora\backend\src\Nexora.Modules.Reporting\Controllers\ReportsController.cs(69,6): error CS0246: The type or namespace name 'RequirePermission' could not be found (are you missing a using directive or an assembly reference?) [C:\Users\Deven\Desktop\erp\nexora\backend\src\Nexora.Modules.Reporting\Nexora.Modules.Reporting.csproj]
C:\Users\Deven\Desktop\erp\nexora\backend\src\Nexora.Modules.Reporting\Controllers\ReportsController.cs(69,24): error CS0103: The name 'Permission' does not exist in the current context [C:\Users\Deven\Desktop\erp\nexora\backend\src\Nexora.Modules.Reporting\Nexora.Modules.Reporting.csproj]
C:\Users\Deven\Desktop\erp\nexora\backend\src\Nexora.Modules.Reporting\Controllers\ReportsController.cs(90,6): error CS0246: The type or namespace name 'RequirePermissionAttribute' could not be found (are you missing a using directive or an assembly reference?) [C:\Users\Deven\Desktop\erp\nexora\backend\src\Nexora.Modules.Reporting\Nexora.Modules.Reporting.csproj]
C:\Users\Deven\Desktop\erp\nexora\backend\src\Nexora.Modules.Reporting\Controllers\ReportsController.cs(90,6): error CS0246: The type or namespace name 'RequirePermission' could not be found (are you missing a using directive or an assembly reference?) [C:\Users\Deven\Desktop\erp\nexora\backend\src\Nexora.Modules.Reporting\Nexora.Modules.Reporting.csproj]
C:\Users\Deven\Desktop\erp\nexora\backend\src\Nexora.Modules.Reporting\Controllers\ReportsController.cs(90,24): error CS0103: The name 'Permission' does not exist in the current context [C:\Users\Deven\Desktop\erp\nexora\backend\src\Nexora.Modules.Reporting\Nexora.Modules.Reporting.csproj]
C:\Users\Deven\Desktop\erp\nexora\backend\src\Nexora.Modules.Reporting\Controllers\ReportsController.cs(126,6): error CS0246: The type or namespace name 'RequirePermissionAttribute' could not be found (are you missing a using directive or an assembly reference?) [C:\Users\Deven\Desktop\erp\nexora\backend\src\Nexora.Modules.Reporting\Nexora.Modules.Reporting.csproj]
C:\Users\Deven\Desktop\erp\nexora\backend\src\Nexora.Modules.Reporting\Controllers\ReportsController.cs(126,6): error CS0246: The type or namespace name 'RequirePermission' could not be found (are you missing a using directive or an assembly reference?) [C:\Users\Deven\Desktop\erp\nexora\backend\src\Nexora.Modules.Reporting\Nexora.Modules.Reporting.csproj]
C:\Users\Deven\Desktop\erp\nexora\backend\src\Nexora.Modules.Reporting\Controllers\ReportsController.cs(126,24): error CS0103: The name 'Permission' does not exist in the current context [C:\Users\Deven\Desktop\erp\nexora\backend\src\Nexora.Modules.Reporting\Nexora.Modules.Reporting.csproj]
C:\Users\Deven\Desktop\erp\nexora\backend\src\Nexora.Modules.Reporting\Controllers\SearchController.cs(19,22): error CS0246: The type or namespace name 'NexoraDbContext' could not be found (are you missing a using directive or an assembly reference?) [C:\Users\Deven\Desktop\erp\nexora\backend\src\Nexora.Modules.Reporting\Nexora.Modules.Reporting.csproj]
C:\Users\Deven\Desktop\erp\nexora\backend\src\Nexora.Modules.Reporting\Controllers\SearchController.cs(20,29): error CS0246: The type or namespace name 'NexoraDbContext' could not be found (are you missing a using directive or an assembly reference?) [C:\Users\Deven\Desktop\erp\nexora\backend\src\Nexora.Modules.Reporting\Nexora.Modules.Reporting.csproj]
C:\Users\Deven\Desktop\erp\nexora\backend\src\Nexora.Modules.Workflow\Controllers\ApprovalSettingsController.cs(1,14): error CS0234: The type or namespace name 'Shared' does not exist in the namespace 'Nexora' (are you missing an assembly reference?) [C:\Users\Deven\Desktop\erp\nexora\backend\src\Nexora.Modules.Workflow\Nexora.Modules.Workflow.csproj]
C:\Users\Deven\Desktop\erp\nexora\backend\src\Nexora.Modules.Workflow\Controllers\ApprovalSettingsController.cs(2,22): error CS0234: The type or namespace name 'Identity' does not exist in the namespace 'Nexora.Modules' (are you missing an assembly reference?) [C:\Users\Deven\Desktop\erp\nexora\backend\src\Nexora.Modules.Workflow\Nexora.Modules.Workflow.csproj]
C:\Users\Deven\Desktop\erp\nexora\backend\src\Nexora.Modules.Workflow\Controllers\ApprovalSettingsController.cs(4,14): error CS0234: The type or namespace name 'Shared' does not exist in the namespace 'Nexora' (are you missing an assembly reference?) [C:\Users\Deven\Desktop\erp\nexora\backend\src\Nexora.Modules.Workflow\Nexora.Modules.Workflow.csproj]
C:\Users\Deven\Desktop\erp\nexora\backend\src\Nexora.Modules.Workflow\Controllers\ApprovalSettingsController.cs(7,17): error CS0234: The type or namespace name 'EntityFrameworkCore' does not exist in the namespace 'Microsoft' (are you missing an assembly reference?) [C:\Users\Deven\Desktop\erp\nexora\backend\src\Nexora.Modules.Workflow\Nexora.Modules.Workflow.csproj]
C:\Users\Deven\Desktop\erp\nexora\backend\src\Nexora.Modules.Workflow\Entities\TenantApprovalSettings.cs(1,14): error CS0234: The type or namespace name 'Shared' does not exist in the namespace 'Nexora' (are you missing an assembly reference?) [C:\Users\Deven\Desktop\erp\nexora\backend\src\Nexora.Modules.Workflow\Nexora.Modules.Workflow.csproj]
C:\Users\Deven\Desktop\erp\nexora\backend\src\Nexora.Modules.Workflow\Entities\WorkflowApprovalCompletedEvent.cs(1,14): error CS0234: The type or namespace name 'Shared' does not exist in the namespace 'Nexora' (are you missing an assembly reference?) [C:\Users\Deven\Desktop\erp\nexora\backend\src\Nexora.Modules.Workflow\Nexora.Modules.Workflow.csproj]
C:\Users\Deven\Desktop\erp\nexora\backend\src\Nexora.Modules.Workflow\Entities\WorkflowInstance.cs(1,14): error CS0234: The type or namespace name 'Shared' does not exist in the namespace 'Nexora' (are you missing an assembly reference?) [C:\Users\Deven\Desktop\erp\nexora\backend\src\Nexora.Modules.Workflow\Nexora.Modules.Workflow.csproj]
C:\Users\Deven\Desktop\erp\nexora\backend\src\Nexora.Modules.Workflow\Services\ApprovalWorkflowService.cs(2,14): error CS0234: The type or namespace name 'Shared' does not exist in the namespace 'Nexora' (are you missing an assembly reference?) [C:\Users\Deven\Desktop\erp\nexora\backend\src\Nexora.Modules.Workflow\Nexora.Modules.Workflow.csproj]
C:\Users\Deven\Desktop\erp\nexora\backend\src\Nexora.Modules.Workflow\Services\ApprovalWorkflowService.cs(3,17): error CS0234: The type or namespace name 'EntityFrameworkCore' does not exist in the namespace 'Microsoft' (are you missing an assembly reference?) [C:\Users\Deven\Desktop\erp\nexora\backend\src\Nexora.Modules.Workflow\Nexora.Modules.Workflow.csproj]
C:\Users\Deven\Desktop\erp\nexora\backend\src\Nexora.Modules.Workflow\Services\WorkflowApprovalAuditHandler.cs(1,14): error CS0234: The type or namespace name 'Shared' does not exist in the namespace 'Nexora' (are you missing an assembly reference?) [C:\Users\Deven\Desktop\erp\nexora\backend\src\Nexora.Modules.Workflow\Nexora.Modules.Workflow.csproj]
C:\Users\Deven\Desktop\erp\nexora\backend\src\Nexora.Modules.Workflow\Services\WorkflowApprovalAuditHandler.cs(2,14): error CS0234: The type or namespace name 'Shared' does not exist in the namespace 'Nexora' (are you missing an assembly reference?) [C:\Users\Deven\Desktop\erp\nexora\backend\src\Nexora.Modules.Workflow\Nexora.Modules.Workflow.csproj]
C:\Users\Deven\Desktop\erp\nexora\backend\src\Nexora.Modules.Workflow\Services\WorkflowApprovalAuditHandler.cs(4,14): error CS0234: The type or namespace name 'Shared' does not exist in the namespace 'Nexora' (are you missing an assembly reference?) [C:\Users\Deven\Desktop\erp\nexora\backend\src\Nexora.Modules.Workflow\Nexora.Modules.Workflow.csproj]
C:\Users\Deven\Desktop\erp\nexora\backend\src\Nexora.Modules.Workflow\Services\WorkflowApprovalAuditHandler.cs(5,17): error CS0234: The type or namespace name 'EntityFrameworkCore' does not exist in the namespace 'Microsoft' (are you missing an assembly reference?) [C:\Users\Deven\Desktop\erp\nexora\backend\src\Nexora.Modules.Workflow\Nexora.Modules.Workflow.csproj]
C:\Users\Deven\Desktop\erp\nexora\backend\src\Nexora.Modules.Workflow\Entities\TenantApprovalSettings.cs(8,39): error CS0246: The type or namespace name 'TenantEntity' could not be found (are you missing a using directive or an assembly reference?) [C:\Users\Deven\Desktop\erp\nexora\backend\src\Nexora.Modules.Workflow\Nexora.Modules.Workflow.csproj]
C:\Users\Deven\Desktop\erp\nexora\backend\src\Nexora.Modules.Workflow\Entities\WorkflowApprovalCompletedEvent.cs(10,114): error CS0246: The type or namespace name 'DomainEvent' could not be found (are you missing a using directive or an assembly reference?) [C:\Users\Deven\Desktop\erp\nexora\backend\src\Nexora.Modules.Workflow\Nexora.Modules.Workflow.csproj]
C:\Users\Deven\Desktop\erp\nexora\backend\src\Nexora.Modules.Workflow\Entities\WorkflowInstance.cs(11,33): error CS0246: The type or namespace name 'TenantEntity' could not be found (are you missing a using directive or an assembly reference?) [C:\Users\Deven\Desktop\erp\nexora\backend\src\Nexora.Modules.Workflow\Nexora.Modules.Workflow.csproj]
C:\Users\Deven\Desktop\erp\nexora\backend\src\Nexora.Modules.Workflow\Entities\WorkflowInstance.cs(30,33): error CS0246: The type or namespace name 'TenantEntity' could not be found (are you missing a using directive or an assembly reference?) [C:\Users\Deven\Desktop\erp\nexora\backend\src\Nexora.Modules.Workflow\Nexora.Modules.Workflow.csproj]
C:\Users\Deven\Desktop\erp\nexora\backend\src\Nexora.Modules.Workflow\Controllers\ApprovalSettingsController.cs(22,22): error CS0246: The type or namespace name 'NexoraDbContext' could not be found (are you missing a using directive or an assembly reference?) [C:\Users\Deven\Desktop\erp\nexora\backend\src\Nexora.Modules.Workflow\Nexora.Modules.Workflow.csproj]
C:\Users\Deven\Desktop\erp\nexora\backend\src\Nexora.Modules.Workflow\Controllers\ApprovalSettingsController.cs(23,39): error CS0246: The type or namespace name 'NexoraDbContext' could not be found (are you missing a using directive or an assembly reference?) [C:\Users\Deven\Desktop\erp\nexora\backend\src\Nexora.Modules.Workflow\Nexora.Modules.Workflow.csproj]
C:\Users\Deven\Desktop\erp\nexora\backend\src\Nexora.Modules.Workflow\Services\WorkflowApprovalAuditHandler.cs(12,65): error CS0246: The type or namespace name 'IDomainEventHandler<>' could not be found (are you missing a using directive or an assembly reference?) [C:\Users\Deven\Desktop\erp\nexora\backend\src\Nexora.Modules.Workflow\Nexora.Modules.Workflow.csproj]
C:\Users\Deven\Desktop\erp\nexora\backend\src\Nexora.Modules.Workflow\Services\ApprovalWorkflowService.cs(23,22): error CS0246: The type or namespace name 'NexoraDbContext' could not be found (are you missing a using directive or an assembly reference?) [C:\Users\Deven\Desktop\erp\nexora\backend\src\Nexora.Modules.Workflow\Nexora.Modules.Workflow.csproj]
C:\Users\Deven\Desktop\erp\nexora\backend\src\Nexora.Modules.Workflow\Services\WorkflowApprovalAuditHandler.cs(12,43): error CS0246: The type or namespace name 'NexoraDbContext' could not be found (are you missing a using directive or an assembly reference?) [C:\Users\Deven\Desktop\erp\nexora\backend\src\Nexora.Modules.Workflow\Nexora.Modules.Workflow.csproj]
C:\Users\Deven\Desktop\erp\nexora\backend\src\Nexora.Modules.Workflow\Services\ApprovalWorkflowService.cs(24,36): error CS0246: The type or namespace name 'NexoraDbContext' could not be found (are you missing a using directive or an assembly reference?) [C:\Users\Deven\Desktop\erp\nexora\backend\src\Nexora.Modules.Workflow\Nexora.Modules.Workflow.csproj]
C:\Users\Deven\Desktop\erp\nexora\backend\src\Nexora.Modules.Workflow\Controllers\ApprovalSettingsController.cs(26,6): error CS0246: The type or namespace name 'RequirePermissionAttribute' could not be found (are you missing a using directive or an assembly reference?) [C:\Users\Deven\Desktop\erp\nexora\backend\src\Nexora.Modules.Workflow\Nexora.Modules.Workflow.csproj]
C:\Users\Deven\Desktop\erp\nexora\backend\src\Nexora.Modules.Workflow\Controllers\ApprovalSettingsController.cs(26,6): error CS0246: The type or namespace name 'RequirePermission' could not be found (are you missing a using directive or an assembly reference?) [C:\Users\Deven\Desktop\erp\nexora\backend\src\Nexora.Modules.Workflow\Nexora.Modules.Workflow.csproj]
C:\Users\Deven\Desktop\erp\nexora\backend\src\Nexora.Modules.Workflow\Controllers\ApprovalSettingsController.cs(26,24): error CS0103: The name 'Permission' does not exist in the current context [C:\Users\Deven\Desktop\erp\nexora\backend\src\Nexora.Modules.Workflow\Nexora.Modules.Workflow.csproj]
C:\Users\Deven\Desktop\erp\nexora\backend\src\Nexora.Modules.Workflow\Controllers\ApprovalSettingsController.cs(40,6): error CS0246: The type or namespace name 'RequirePermissionAttribute' could not be found (are you missing a using directive or an assembly reference?) [C:\Users\Deven\Desktop\erp\nexora\backend\src\Nexora.Modules.Workflow\Nexora.Modules.Workflow.csproj]
C:\Users\Deven\Desktop\erp\nexora\backend\src\Nexora.Modules.Workflow\Controllers\ApprovalSettingsController.cs(40,6): error CS0246: The type or namespace name 'RequirePermission' could not be found (are you missing a using directive or an assembly reference?) [C:\Users\Deven\Desktop\erp\nexora\backend\src\Nexora.Modules.Workflow\Nexora.Modules.Workflow.csproj]
C:\Users\Deven\Desktop\erp\nexora\backend\src\Nexora.Modules.Workflow\Controllers\ApprovalSettingsController.cs(40,24): error CS0103: The name 'Permission' does not exist in the current context [C:\Users\Deven\Desktop\erp\nexora\backend\src\Nexora.Modules.Workflow\Nexora.Modules.Workflow.csproj]
C:\Users\Deven\Desktop\erp\nexora\backend\src\Nexora.Shared\Authorization\DataScopeService.cs(2,14): error CS0234: The type or namespace name 'Modules' does not exist in the namespace 'Nexora' (are you missing an assembly reference?) [C:\Users\Deven\Desktop\erp\nexora\backend\src\Nexora.Shared\Nexora.Shared.csproj]
C:\Users\Deven\Desktop\erp\nexora\backend\src\Nexora.Shared\Controllers\AnnouncementsController.cs(5,14): error CS0234: The type or namespace name 'Modules' does not exist in the namespace 'Nexora' (are you missing an assembly reference?) [C:\Users\Deven\Desktop\erp\nexora\backend\src\Nexora.Shared\Nexora.Shared.csproj]
C:\Users\Deven\Desktop\erp\nexora\backend\src\Nexora.Shared\Persistence\NexoraDbContext.cs(2,14): error CS0234: The type or namespace name 'Modules' does not exist in the namespace 'Nexora' (are you missing an assembly reference?) [C:\Users\Deven\Desktop\erp\nexora\backend\src\Nexora.Shared\Nexora.Shared.csproj]
C:\Users\Deven\Desktop\erp\nexora\backend\src\Nexora.Shared\Persistence\NexoraDbContext.cs(5,7): warning CS0105: The using directive for 'Nexora.Shared.Common' appeared previously in this namespace [C:\Users\Deven\Desktop\erp\nexora\backend\src\Nexora.Shared\Nexora.Shared.csproj]
C:\Users\Deven\Desktop\erp\nexora\backend\src\Nexora.Shared\Persistence\NexoraDbContext.cs(6,14): error CS0234: The type or namespace name 'Modules' does not exist in the namespace 'Nexora' (are you missing an assembly reference?) [C:\Users\Deven\Desktop\erp\nexora\backend\src\Nexora.Shared\Nexora.Shared.csproj]
C:\Users\Deven\Desktop\erp\nexora\backend\src\Nexora.Shared\Persistence\NexoraDbContext.cs(7,14): error CS0234: The type or namespace name 'Modules' does not exist in the namespace 'Nexora' (are you missing an assembly reference?) [C:\Users\Deven\Desktop\erp\nexora\backend\src\Nexora.Shared\Nexora.Shared.csproj]
C:\Users\Deven\Desktop\erp\nexora\backend\src\Nexora.Shared\Persistence\NexoraDbContext.cs(8,14): error CS0234: The type or namespace name 'Modules' does not exist in the namespace 'Nexora' (are you missing an assembly reference?) [C:\Users\Deven\Desktop\erp\nexora\backend\src\Nexora.Shared\Nexora.Shared.csproj]
C:\Users\Deven\Desktop\erp\nexora\backend\src\Nexora.Shared\Persistence\NexoraDbContext.cs(9,14): error CS0234: The type or namespace name 'Modules' does not exist in the namespace 'Nexora' (are you missing an assembly reference?) [C:\Users\Deven\Desktop\erp\nexora\backend\src\Nexora.Shared\Nexora.Shared.csproj]
C:\Users\Deven\Desktop\erp\nexora\backend\src\Nexora.Shared\Persistence\NexoraDbContext.cs(10,14): error CS0234: The type or namespace name 'Modules' does not exist in the namespace 'Nexora' (are you missing an assembly reference?) [C:\Users\Deven\Desktop\erp\nexora\backend\src\Nexora.Shared\Nexora.Shared.csproj]
C:\Users\Deven\Desktop\erp\nexora\backend\src\Nexora.Shared\Persistence\NexoraDbContext.cs(12,14): error CS0234: The type or namespace name 'Modules' does not exist in the namespace 'Nexora' (are you missing an assembly reference?) [C:\Users\Deven\Desktop\erp\nexora\backend\src\Nexora.Shared\Nexora.Shared.csproj]
C:\Users\Deven\Desktop\erp\nexora\backend\src\Nexora.Shared\Persistence\NexoraDbContext.cs(13,14): error CS0234: The type or namespace name 'Modules' does not exist in the namespace 'Nexora' (are you missing an assembly reference?) [C:\Users\Deven\Desktop\erp\nexora\backend\src\Nexora.Shared\Nexora.Shared.csproj]
C:\Users\Deven\Desktop\erp\nexora\backend\src\Nexora.Shared\Persistence\NexoraDbContext.cs(14,14): error CS0234: The type or namespace name 'Modules' does not exist in the namespace 'Nexora' (are you missing an assembly reference?) [C:\Users\Deven\Desktop\erp\nexora\backend\src\Nexora.Shared\Nexora.Shared.csproj]
C:\Users\Deven\Desktop\erp\nexora\backend\src\Nexora.Shared\Persistence\NexoraDbContext.cs(15,14): error CS0234: The type or namespace name 'Modules' does not exist in the namespace 'Nexora' (are you missing an assembly reference?) [C:\Users\Deven\Desktop\erp\nexora\backend\src\Nexora.Shared\Nexora.Shared.csproj]
C:\Users\Deven\Desktop\erp\nexora\backend\src\Nexora.Shared\Persistence\NexoraDbContext.cs(17,7): warning CS0105: The using directive for 'Nexora.Shared.Tenancy' appeared previously in this namespace [C:\Users\Deven\Desktop\erp\nexora\backend\src\Nexora.Shared\Nexora.Shared.csproj]
C:\Users\Deven\Desktop\erp\nexora\backend\src\Nexora.Shared\Authorization\DataScopeService.cs(8,29): error CS0246: The type or namespace name 'DataScopeType' could not be found (are you missing a using directive or an assembly reference?) [C:\Users\Deven\Desktop\erp\nexora\backend\src\Nexora.Shared\Nexora.Shared.csproj]
C:\Users\Deven\Desktop\erp\nexora\backend\src\Nexora.Shared\Authorization\DataScopeService.cs(54,23): error CS0246: The type or namespace name 'FieldAccessLevel' could not be found (are you missing a using directive or an assembly reference?) [C:\Users\Deven\Desktop\erp\nexora\backend\src\Nexora.Shared\Nexora.Shared.csproj]
C:\Users\Deven\Desktop\erp\nexora\backend\src\Nexora.Shared\Authorization\RequirePasswordCurrentMiddleware.cs(12,35): error CS0246: The type or namespace name 'HttpContext' could not be found (are you missing a using directive or an assembly reference?) [C:\Users\Deven\Desktop\erp\nexora\backend\src\Nexora.Shared\Nexora.Shared.csproj]
C:\Users\Deven\Desktop\erp\nexora\backend\src\Nexora.Shared\Authorization\RequirePasswordCurrentMiddleware.cs(8,22): error CS0246: The type or namespace name 'RequestDelegate' could not be found (are you missing a using directive or an assembly reference?) [C:\Users\Deven\Desktop\erp\nexora\backend\src\Nexora.Shared\Nexora.Shared.csproj]
C:\Users\Deven\Desktop\erp\nexora\backend\src\Nexora.Shared\Authorization\RequirePasswordCurrentMiddleware.cs(10,45): error CS0246: The type or namespace name 'RequestDelegate' could not be found (are you missing a using directive or an assembly reference?) [C:\Users\Deven\Desktop\erp\nexora\backend\src\Nexora.Shared\Nexora.Shared.csproj]
C:\Users\Deven\Desktop\erp\nexora\backend\src\Nexora.Shared\Middleware\GlobalExceptionHandler.cs(16,49): error CS0246: The type or namespace name 'HttpContext' could not be found (are you missing a using directive or an assembly reference?) [C:\Users\Deven\Desktop\erp\nexora\backend\src\Nexora.Shared\Nexora.Shared.csproj]
C:\Users\Deven\Desktop\erp\nexora\backend\src\Nexora.Shared\Middleware\GlobalExceptionHandler.cs(11,39): error CS0535: 'GlobalExceptionHandler' does not implement interface member 'IExceptionHandler.TryHandleAsync(HttpContext, Exception, CancellationToken)' [C:\Users\Deven\Desktop\erp\nexora\backend\src\Nexora.Shared\Nexora.Shared.csproj]
C:\Users\Deven\Desktop\erp\nexora\backend\src\Nexora.Shared\Middleware\GlobalExceptionHandler.cs(13,22): error CS0246: The type or namespace name 'ILogger<>' could not be found (are you missing a using directive or an assembly reference?) [C:\Users\Deven\Desktop\erp\nexora\backend\src\Nexora.Shared\Nexora.Shared.csproj]
C:\Users\Deven\Desktop\erp\nexora\backend\src\Nexora.Shared\Middleware\GlobalExceptionHandler.cs(14,35): error CS0246: The type or namespace name 'ILogger<>' could not be found (are you missing a using directive or an assembly reference?) [C:\Users\Deven\Desktop\erp\nexora\backend\src\Nexora.Shared\Nexora.Shared.csproj]
C:\Users\Deven\Desktop\erp\nexora\backend\src\Nexora.Shared\Persistence\NexoraDbContext.cs(24,50): error CS0246: The type or namespace name 'AppUser' could not be found (are you missing a using directive or an assembly reference?) [C:\Users\Deven\Desktop\erp\nexora\backend\src\Nexora.Shared\Nexora.Shared.csproj]
C:\Users\Deven\Desktop\erp\nexora\backend\src\Nexora.Shared\Persistence\NexoraDbContext.cs(24,59): error CS0246: The type or namespace name 'AppRole' could not be found (are you missing a using directive or an assembly reference?) [C:\Users\Deven\Desktop\erp\nexora\backend\src\Nexora.Shared\Nexora.Shared.csproj]
C:\Users\Deven\Desktop\erp\nexora\backend\src\Nexora.Shared\Controllers\AnnouncementsController.cs(37,24): error CS0103: The name 'Permission' does not exist in the current context [C:\Users\Deven\Desktop\erp\nexora\backend\src\Nexora.Shared\Nexora.Shared.csproj]
C:\Users\Deven\Desktop\erp\nexora\backend\src\Nexora.Shared\Controllers\AnnouncementsController.cs(58,24): error CS0103: The name 'Permission' does not exist in the current context [C:\Users\Deven\Desktop\erp\nexora\backend\src\Nexora.Shared\Nexora.Shared.csproj]
C:\Users\Deven\Desktop\erp\nexora\backend\src\Nexora.Shared\Controllers\AnnouncementsController.cs(74,24): error CS0103: The name 'Permission' does not exist in the current context [C:\Users\Deven\Desktop\erp\nexora\backend\src\Nexora.Shared\Nexora.Shared.csproj]
C:\Users\Deven\Desktop\erp\nexora\backend\src\Nexora.Shared\Persistence\NexoraDbContext.cs(34,18): error CS0246: The type or namespace name 'RolePermission' could not be found (are you missing a using directive or an assembly reference?) [C:\Users\Deven\Desktop\erp\nexora\backend\src\Nexora.Shared\Nexora.Shared.csproj]
C:\Users\Deven\Desktop\erp\nexora\backend\src\Nexora.Shared\Persistence\NexoraDbContext.cs(35,18): error CS0246: The type or namespace name 'PermissionScope' could not be found (are you missing a using directive or an assembly reference?) [C:\Users\Deven\Desktop\erp\nexora\backend\src\Nexora.Shared\Nexora.Shared.csproj]
C:\Users\Deven\Desktop\erp\nexora\backend\src\Nexora.Shared\Persistence\NexoraDbContext.cs(36,18): error CS0246: The type or namespace name 'PermissionScopeRecord' could not be found (are you missing a using directive or an assembly reference?) [C:\Users\Deven\Desktop\erp\nexora\backend\src\Nexora.Shared\Nexora.Shared.csproj]
C:\Users\Deven\Desktop\erp\nexora\backend\src\Nexora.Shared\Persistence\NexoraDbContext.cs(37,18): error CS0246: The type or namespace name 'RoleFieldPermission' could not be found (are you missing a using directive or an assembly reference?) [C:\Users\Deven\Desktop\erp\nexora\backend\src\Nexora.Shared\Nexora.Shared.csproj]
C:\Users\Deven\Desktop\erp\nexora\backend\src\Nexora.Shared\Persistence\NexoraDbContext.cs(40,18): error CS0246: The type or namespace name 'Department' could not be found (are you missing a using directive or an assembly reference?) [C:\Users\Deven\Desktop\erp\nexora\backend\src\Nexora.Shared\Nexora.Shared.csproj]
C:\Users\Deven\Desktop\erp\nexora\backend\src\Nexora.Shared\Persistence\NexoraDbContext.cs(41,18): error CS0246: The type or namespace name 'Location' could not be found (are you missing a using directive or an assembly reference?) [C:\Users\Deven\Desktop\erp\nexora\backend\src\Nexora.Shared\Nexora.Shared.csproj]
C:\Users\Deven\Desktop\erp\nexora\backend\src\Nexora.Shared\Persistence\NexoraDbContext.cs(42,18): error CS0246: The type or namespace name 'Employee' could not be found (are you missing a using directive or an assembly reference?) [C:\Users\Deven\Desktop\erp\nexora\backend\src\Nexora.Shared\Nexora.Shared.csproj]
C:\Users\Deven\Desktop\erp\nexora\backend\src\Nexora.Shared\Persistence\NexoraDbContext.cs(43,18): error CS0246: The type or namespace name 'JobTitle' could not be found (are you missing a using directive or an assembly reference?) [C:\Users\Deven\Desktop\erp\nexora\backend\src\Nexora.Shared\Nexora.Shared.csproj]
C:\Users\Deven\Desktop\erp\nexora\backend\src\Nexora.Shared\Persistence\NexoraDbContext.cs(44,18): error CS0246: The type or namespace name 'EmployeeAssignmentHistory' could not be found (are you missing a using directive or an assembly reference?) [C:\Users\Deven\Desktop\erp\nexora\backend\src\Nexora.Shared\Nexora.Shared.csproj]
C:\Users\Deven\Desktop\erp\nexora\backend\src\Nexora.Shared\Persistence\NexoraDbContext.cs(45,18): error CS0246: The type or namespace name 'EmployeeDocument' could not be found (are you missing a using directive or an assembly reference?) [C:\Users\Deven\Desktop\erp\nexora\backend\src\Nexora.Shared\Nexora.Shared.csproj]
C:\Users\Deven\Desktop\erp\nexora\backend\src\Nexora.Shared\Persistence\NexoraDbContext.cs(47,18): error CS0246: The type or namespace name 'LeaveType' could not be found (are you missing a using directive or an assembly reference?) [C:\Users\Deven\Desktop\erp\nexora\backend\src\Nexora.Shared\Nexora.Shared.csproj]
C:\Users\Deven\Desktop\erp\nexora\backend\src\Nexora.Shared\Persistence\NexoraDbContext.cs(48,18): error CS0246: The type or namespace name 'LeaveRequest' could not be found (are you missing a using directive or an assembly reference?) [C:\Users\Deven\Desktop\erp\nexora\backend\src\Nexora.Shared\Nexora.Shared.csproj]
C:\Users\Deven\Desktop\erp\nexora\backend\src\Nexora.Shared\Persistence\NexoraDbContext.cs(49,18): error CS0246: The type or namespace name 'LeaveBalance' could not be found (are you missing a using directive or an assembly reference?) [C:\Users\Deven\Desktop\erp\nexora\backend\src\Nexora.Shared\Nexora.Shared.csproj]
C:\Users\Deven\Desktop\erp\nexora\backend\src\Nexora.Shared\Persistence\NexoraDbContext.cs(50,18): error CS0246: The type or namespace name 'AttendanceEntry' could not be found (are you missing a using directive or an assembly reference?) [C:\Users\Deven\Desktop\erp\nexora\backend\src\Nexora.Shared\Nexora.Shared.csproj]
C:\Users\Deven\Desktop\erp\nexora\backend\src\Nexora.Shared\Persistence\NexoraDbContext.cs(51,18): error CS0246: The type or namespace name 'TimesheetEntry' could not be found (are you missing a using directive or an assembly reference?) [C:\Users\Deven\Desktop\erp\nexora\backend\src\Nexora.Shared\Nexora.Shared.csproj]
C:\Users\Deven\Desktop\erp\nexora\backend\src\Nexora.Shared\Persistence\NexoraDbContext.cs(52,18): error CS0246: The type or namespace name 'TenantAttendanceSettings' could not be found (are you missing a using directive or an assembly reference?) [C:\Users\Deven\Desktop\erp\nexora\backend\src\Nexora.Shared\Nexora.Shared.csproj]
C:\Users\Deven\Desktop\erp\nexora\backend\src\Nexora.Shared\Persistence\NexoraDbContext.cs(54,18): error CS0246: The type or namespace name 'OnboardingTask' could not be found (are you missing a using directive or an assembly reference?) [C:\Users\Deven\Desktop\erp\nexora\backend\src\Nexora.Shared\Nexora.Shared.csproj]
C:\Users\Deven\Desktop\erp\nexora\backend\src\Nexora.Shared\Persistence\NexoraDbContext.cs(56,18): error CS0246: The type or namespace name 'FnfCase' could not be found (are you missing a using directive or an assembly reference?) [C:\Users\Deven\Desktop\erp\nexora\backend\src\Nexora.Shared\Nexora.Shared.csproj]
C:\Users\Deven\Desktop\erp\nexora\backend\src\Nexora.Shared\Persistence\NexoraDbContext.cs(57,18): error CS0246: The type or namespace name 'FnfClearanceItem' could not be found (are you missing a using directive or an assembly reference?) [C:\Users\Deven\Desktop\erp\nexora\backend\src\Nexora.Shared\Nexora.Shared.csproj]
C:\Users\Deven\Desktop\erp\nexora\backend\src\Nexora.Shared\Persistence\NexoraDbContext.cs(59,18): error CS0246: The type or namespace name 'SalaryStructure' could not be found (are you missing a using directive or an assembly reference?) [C:\Users\Deven\Desktop\erp\nexora\backend\src\Nexora.Shared\Nexora.Shared.csproj]
C:\Users\Deven\Desktop\erp\nexora\backend\src\Nexora.Shared\Persistence\NexoraDbContext.cs(60,18): error CS0246: The type or namespace name 'SalaryComponent' could not be found (are you missing a using directive or an assembly reference?) [C:\Users\Deven\Desktop\erp\nexora\backend\src\Nexora.Shared\Nexora.Shared.csproj]
C:\Users\Deven\Desktop\erp\nexora\backend\src\Nexora.Shared\Persistence\NexoraDbContext.cs(61,18): error CS0246: The type or namespace name 'PayrollRun' could not be found (are you missing a using directive or an assembly reference?) [C:\Users\Deven\Desktop\erp\nexora\backend\src\Nexora.Shared\Nexora.Shared.csproj]
C:\Users\Deven\Desktop\erp\nexora\backend\src\Nexora.Shared\Persistence\NexoraDbContext.cs(62,18): error CS0246: The type or namespace name 'Payslip' could not be found (are you missing a using directive or an assembly reference?) [C:\Users\Deven\Desktop\erp\nexora\backend\src\Nexora.Shared\Nexora.Shared.csproj]
C:\Users\Deven\Desktop\erp\nexora\backend\src\Nexora.Shared\Persistence\NexoraDbContext.cs(63,18): error CS0246: The type or namespace name 'PayslipLine' could not be found (are you missing a using directive or an assembly reference?) [C:\Users\Deven\Desktop\erp\nexora\backend\src\Nexora.Shared\Nexora.Shared.csproj]
C:\Users\Deven\Desktop\erp\nexora\backend\src\Nexora.Shared\Persistence\NexoraDbContext.cs(67,18): error CS0246: The type or namespace name 'Account' could not be found (are you missing a using directive or an assembly reference?) [C:\Users\Deven\Desktop\erp\nexora\backend\src\Nexora.Shared\Nexora.Shared.csproj]
C:\Users\Deven\Desktop\erp\nexora\backend\src\Nexora.Shared\Persistence\NexoraDbContext.cs(68,18): error CS0246: The type or namespace name 'JournalEntry' could not be found (are you missing a using directive or an assembly reference?) [C:\Users\Deven\Desktop\erp\nexora\backend\src\Nexora.Shared\Nexora.Shared.csproj]
C:\Users\Deven\Desktop\erp\nexora\backend\src\Nexora.Shared\Persistence\NexoraDbContext.cs(69,18): error CS0246: The type or namespace name 'JournalLine' could not be found (are you missing a using directive or an assembly reference?) [C:\Users\Deven\Desktop\erp\nexora\backend\src\Nexora.Shared\Nexora.Shared.csproj]
C:\Users\Deven\Desktop\erp\nexora\backend\src\Nexora.Shared\Persistence\NexoraDbContext.cs(70,18): error CS0246: The type or namespace name 'ExchangeRate' could not be found (are you missing a using directive or an assembly reference?) [C:\Users\Deven\Desktop\erp\nexora\backend\src\Nexora.Shared\Nexora.Shared.csproj]
C:\Users\Deven\Desktop\erp\nexora\backend\src\Nexora.Shared\Persistence\NexoraDbContext.cs(71,18): error CS0246: The type or namespace name 'Vendor' could not be found (are you missing a using directive or an assembly reference?) [C:\Users\Deven\Desktop\erp\nexora\backend\src\Nexora.Shared\Nexora.Shared.csproj]
C:\Users\Deven\Desktop\erp\nexora\backend\src\Nexora.Shared\Persistence\NexoraDbContext.cs(72,18): error CS0246: The type or namespace name 'VendorBill' could not be found (are you missing a using directive or an assembly reference?) [C:\Users\Deven\Desktop\erp\nexora\backend\src\Nexora.Shared\Nexora.Shared.csproj]
C:\Users\Deven\Desktop\erp\nexora\backend\src\Nexora.Shared\Persistence\NexoraDbContext.cs(74,18): error CS0246: The type or namespace name 'WorkflowInstance' could not be found (are you missing a using directive or an assembly reference?) [C:\Users\Deven\Desktop\erp\nexora\backend\src\Nexora.Shared\Nexora.Shared.csproj]
C:\Users\Deven\Desktop\erp\nexora\backend\src\Nexora.Shared\Persistence\NexoraDbContext.cs(75,18): error CS0246: The type or namespace name 'WorkflowDecision' could not be found (are you missing a using directive or an assembly reference?) [C:\Users\Deven\Desktop\erp\nexora\backend\src\Nexora.Shared\Nexora.Shared.csproj]
C:\Users\Deven\Desktop\erp\nexora\backend\src\Nexora.Shared\Persistence\NexoraDbContext.cs(76,18): error CS0246: The type or namespace name 'TenantApprovalSettings' could not be found (are you missing a using directive or an assembly reference?) [C:\Users\Deven\Desktop\erp\nexora\backend\src\Nexora.Shared\Nexora.Shared.csproj]
C:\Users\Deven\Desktop\erp\nexora\backend\src\Nexora.Shared\Persistence\NexoraDbContext.cs(78,18): error CS0246: The type or namespace name 'ReimbursementRequest' could not be found (are you missing a using directive or an assembly reference?) [C:\Users\Deven\Desktop\erp\nexora\backend\src\Nexora.Shared\Nexora.Shared.csproj]
C:\Users\Deven\Desktop\erp\nexora\backend\src\Nexora.Shared\Persistence\NexoraDbContext.cs(82,18): error CS0246: The type or namespace name 'Customer' could not be found (are you missing a using directive or an assembly reference?) [C:\Users\Deven\Desktop\erp\nexora\backend\src\Nexora.Shared\Nexora.Shared.csproj]
C:\Users\Deven\Desktop\erp\nexora\backend\src\Nexora.Shared\Persistence\NexoraDbContext.cs(83,18): error CS0246: The type or namespace name 'ProjectEntity' could not be found (are you missing a using directive or an assembly reference?) [C:\Users\Deven\Desktop\erp\nexora\backend\src\Nexora.Shared\Nexora.Shared.csproj]
C:\Users\Deven\Desktop\erp\nexora\backend\src\Nexora.Shared\Persistence\NexoraDbContext.cs(84,18): error CS0246: The type or namespace name 'ProjectExpense' could not be found (are you missing a using directive or an assembly reference?) [C:\Users\Deven\Desktop\erp\nexora\backend\src\Nexora.Shared\Nexora.Shared.csproj]
C:\Users\Deven\Desktop\erp\nexora\backend\src\Nexora.Shared\Persistence\NexoraDbContext.cs(85,18): error CS0246: The type or namespace name 'ProjectMember' could not be found (are you missing a using directive or an assembly reference?) [C:\Users\Deven\Desktop\erp\nexora\backend\src\Nexora.Shared\Nexora.Shared.csproj]
C:\Users\Deven\Desktop\erp\nexora\backend\src\Nexora.Shared\Persistence\NexoraDbContext.cs(86,18): error CS0246: The type or namespace name 'ProjectTask' could not be found (are you missing a using directive or an assembly reference?) [C:\Users\Deven\Desktop\erp\nexora\backend\src\Nexora.Shared\Nexora.Shared.csproj]
C:\Users\Deven\Desktop\erp\nexora\backend\src\Nexora.Shared\Persistence\NexoraDbContext.cs(87,18): error CS0246: The type or namespace name 'ProjectMilestone' could not be found (are you missing a using directive or an assembly reference?) [C:\Users\Deven\Desktop\erp\nexora\backend\src\Nexora.Shared\Nexora.Shared.csproj]

Build FAILED.

C:\Users\Deven\Desktop\erp\nexora\backend\src\Nexora.Shared\Nexora.Shared.csproj : warning NU1510: PackageReference Microsoft.Extensions.Identity.Stores will not be pruned. This package is automatically available and does not need to be referenced explicitly. Remove the PackageReference item. [C:\Users\Deven\Desktop\erp\nexora\backend\Nexora.slnx]
C:\Program Files\dotnet\sdk\10.0.400\Microsoft.Common.CurrentVersion.targets(2205,5): warning MSB9008: The referenced project ..$r$r.csproj does not exist. [C:\Users\Deven\Desktop\erp\nexora\backend\src\Nexora.Modules.HR\Nexora.Modules.HR.csproj]
C:\Program Files\dotnet\sdk\10.0.400\Microsoft.Common.CurrentVersion.targets(2205,5): warning MSB9008: The referenced project ..$r$r.csproj does not exist. [C:\Users\Deven\Desktop\erp\nexora\backend\src\Nexora.Modules.Platform\Nexora.Modules.Platform.csproj]
C:\Program Files\dotnet\sdk\10.0.400\Microsoft.Common.CurrentVersion.targets(2205,5): warning MSB9008: The referenced project ..$r$r.csproj does not exist. [C:\Users\Deven\Desktop\erp\nexora\backend\src\Nexora.Modules.Identity\Nexora.Modules.Identity.csproj]
C:\Program Files\dotnet\sdk\10.0.400\Microsoft.Common.CurrentVersion.targets(2205,5): warning MSB9008: The referenced project ..$r$r.csproj does not exist. [C:\Users\Deven\Desktop\erp\nexora\backend\src\Nexora.Modules.Finance\Nexora.Modules.Finance.csproj]
C:\Program Files\dotnet\sdk\10.0.400\Microsoft.Common.CurrentVersion.targets(2205,5): warning MSB9008: The referenced project ..$r$r.csproj does not exist. [C:\Users\Deven\Desktop\erp\nexora\backend\src\Nexora.Modules.Notifications\Nexora.Modules.Notifications.csproj]
C:\Program Files\dotnet\sdk\10.0.400\Microsoft.Common.CurrentVersion.targets(2205,5): warning MSB9008: The referenced project ..$r$r.csproj does not exist. [C:\Users\Deven\Desktop\erp\nexora\backend\src\Nexora.Modules.Projects\Nexora.Modules.Projects.csproj]
C:\Program Files\dotnet\sdk\10.0.400\Microsoft.Common.CurrentVersion.targets(2205,5): warning MSB9008: The referenced project ..$r$r.csproj does not exist. [C:\Users\Deven\Desktop\erp\nexora\backend\src\Nexora.Modules.Payroll\Nexora.Modules.Payroll.csproj]
C:\Program Files\dotnet\sdk\10.0.400\Microsoft.Common.CurrentVersion.targets(2205,5): warning MSB9008: The referenced project ..$r$r.csproj does not exist. [C:\Users\Deven\Desktop\erp\nexora\backend\src\Nexora.Modules.Onboarding\Nexora.Modules.Onboarding.csproj]
C:\Program Files\dotnet\sdk\10.0.400\Microsoft.Common.CurrentVersion.targets(2205,5): warning MSB9008: The referenced project ..$r$r.csproj does not exist. [C:\Users\Deven\Desktop\erp\nexora\backend\src\Nexora.Modules.Company\Nexora.Modules.Company.csproj]
C:\Program Files\dotnet\sdk\10.0.400\Microsoft.Common.CurrentVersion.targets(2205,5): warning MSB9008: The referenced project ..$r$r.csproj does not exist. [C:\Users\Deven\Desktop\erp\nexora\backend\src\Nexora.Modules.Reporting\Nexora.Modules.Reporting.csproj]
C:\Program Files\dotnet\sdk\10.0.400\Microsoft.Common.CurrentVersion.targets(2205,5): warning MSB9008: The referenced project ..$r$r.csproj does not exist. [C:\Users\Deven\Desktop\erp\nexora\backend\src\Nexora.Modules.Workflow\Nexora.Modules.Workflow.csproj]
C:\Users\Deven\Desktop\erp\nexora\backend\src\Nexora.Shared\Nexora.Shared.csproj : warning NU1510: PackageReference Microsoft.Extensions.Identity.Stores will not be pruned. This package is automatically available and does not need to be referenced explicitly. Remove the PackageReference item.
C:\Users\Deven\Desktop\erp\nexora\backend\src\Nexora.Shared\Persistence\NexoraDbContext.cs(5,7): warning CS0105: The using directive for 'Nexora.Shared.Common' appeared previously in this namespace [C:\Users\Deven\Desktop\erp\nexora\backend\src\Nexora.Shared\Nexora.Shared.csproj]
C:\Users\Deven\Desktop\erp\nexora\backend\src\Nexora.Shared\Persistence\NexoraDbContext.cs(17,7): warning CS0105: The using directive for 'Nexora.Shared.Tenancy' appeared previously in this namespace [C:\Users\Deven\Desktop\erp\nexora\backend\src\Nexora.Shared\Nexora.Shared.csproj]
C:\Users\Deven\Desktop\erp\nexora\backend\src\Nexora.Modules.Company\Controllers\DepartmentsController.cs(1,14): error CS0234: The type or namespace name 'Shared' does not exist in the namespace 'Nexora' (are you missing an assembly reference?) [C:\Users\Deven\Desktop\erp\nexora\backend\src\Nexora.Modules.Company\Nexora.Modules.Company.csproj]
C:\Users\Deven\Desktop\erp\nexora\backend\src\Nexora.Modules.Company\Controllers\DepartmentsController.cs(2,22): error CS0234: The type or namespace name 'Identity' does not exist in the namespace 'Nexora.Modules' (are you missing an assembly reference?) [C:\Users\Deven\Desktop\erp\nexora\backend\src\Nexora.Modules.Company\Nexora.Modules.Company.csproj]
C:\Users\Deven\Desktop\erp\nexora\backend\src\Nexora.Modules.Company\Controllers\DepartmentsController.cs(3,22): error CS0234: The type or namespace name 'HR' does not exist in the namespace 'Nexora.Modules' (are you missing an assembly reference?) [C:\Users\Deven\Desktop\erp\nexora\backend\src\Nexora.Modules.Company\Nexora.Modules.Company.csproj]
C:\Users\Deven\Desktop\erp\nexora\backend\src\Nexora.Modules.Company\Controllers\DepartmentsController.cs(4,14): error CS0234: The type or namespace name 'Shared' does not exist in the namespace 'Nexora' (are you missing an assembly reference?) [C:\Users\Deven\Desktop\erp\nexora\backend\src\Nexora.Modules.Company\Nexora.Modules.Company.csproj]
C:\Users\Deven\Desktop\erp\nexora\backend\src\Nexora.Modules.Company\Controllers\DepartmentsController.cs(7,17): error CS0234: The type or namespace name 'EntityFrameworkCore' does not exist in the namespace 'Microsoft' (are you missing an assembly reference?) [C:\Users\Deven\Desktop\erp\nexora\backend\src\Nexora.Modules.Company\Nexora.Modules.Company.csproj]
C:\Users\Deven\Desktop\erp\nexora\backend\src\Nexora.Modules.Company\Entities\Department.cs(1,14): error CS0234: The type or namespace name 'Shared' does not exist in the namespace 'Nexora' (are you missing an assembly reference?) [C:\Users\Deven\Desktop\erp\nexora\backend\src\Nexora.Modules.Company\Nexora.Modules.Company.csproj]
C:\Users\Deven\Desktop\erp\nexora\backend\src\Nexora.Modules.Company\Entities\Department.cs(5,27): error CS0246: The type or namespace name 'TenantEntity' could not be found (are you missing a using directive or an assembly reference?) [C:\Users\Deven\Desktop\erp\nexora\backend\src\Nexora.Modules.Company\Nexora.Modules.Company.csproj]
C:\Users\Deven\Desktop\erp\nexora\backend\src\Nexora.Modules.Company\Entities\Department.cs(11,25): error CS0246: The type or namespace name 'TenantEntity' could not be found (are you missing a using directive or an assembly reference?) [C:\Users\Deven\Desktop\erp\nexora\backend\src\Nexora.Modules.Company\Nexora.Modules.Company.csproj]
C:\Users\Deven\Desktop\erp\nexora\backend\src\Nexora.Modules.Company\Controllers\DepartmentsController.cs(19,22): error CS0246: The type or namespace name 'NexoraDbContext' could not be found (are you missing a using directive or an assembly reference?) [C:\Users\Deven\Desktop\erp\nexora\backend\src\Nexora.Modules.Company\Nexora.Modules.Company.csproj]
C:\Users\Deven\Desktop\erp\nexora\backend\src\Nexora.Modules.Company\Controllers\DepartmentsController.cs(20,34): error CS0246: The type or namespace name 'NexoraDbContext' could not be found (are you missing a using directive or an assembly reference?) [C:\Users\Deven\Desktop\erp\nexora\backend\src\Nexora.Modules.Company\Nexora.Modules.Company.csproj]
C:\Users\Deven\Desktop\erp\nexora\backend\src\Nexora.Modules.Company\Controllers\DepartmentsController.cs(23,6): error CS0246: The type or namespace name 'RequirePermissionAttribute' could not be found (are you missing a using directive or an assembly reference?) [C:\Users\Deven\Desktop\erp\nexora\backend\src\Nexora.Modules.Company\Nexora.Modules.Company.csproj]
C:\Users\Deven\Desktop\erp\nexora\backend\src\Nexora.Modules.Company\Controllers\DepartmentsController.cs(23,6): error CS0246: The type or namespace name 'RequirePermission' could not be found (are you missing a using directive or an assembly reference?) [C:\Users\Deven\Desktop\erp\nexora\backend\src\Nexora.Modules.Company\Nexora.Modules.Company.csproj]
C:\Users\Deven\Desktop\erp\nexora\backend\src\Nexora.Modules.Company\Controllers\DepartmentsController.cs(23,24): error CS0103: The name 'Permission' does not exist in the current context [C:\Users\Deven\Desktop\erp\nexora\backend\src\Nexora.Modules.Company\Nexora.Modules.Company.csproj]
C:\Users\Deven\Desktop\erp\nexora\backend\src\Nexora.Modules.Company\Controllers\DepartmentsController.cs(34,6): error CS0246: The type or namespace name 'RequirePermissionAttribute' could not be found (are you missing a using directive or an assembly reference?) [C:\Users\Deven\Desktop\erp\nexora\backend\src\Nexora.Modules.Company\Nexora.Modules.Company.csproj]
C:\Users\Deven\Desktop\erp\nexora\backend\src\Nexora.Modules.Company\Controllers\DepartmentsController.cs(34,6): error CS0246: The type or namespace name 'RequirePermission' could not be found (are you missing a using directive or an assembly reference?) [C:\Users\Deven\Desktop\erp\nexora\backend\src\Nexora.Modules.Company\Nexora.Modules.Company.csproj]
C:\Users\Deven\Desktop\erp\nexora\backend\src\Nexora.Modules.Company\Controllers\DepartmentsController.cs(34,24): error CS0103: The name 'Permission' does not exist in the current context [C:\Users\Deven\Desktop\erp\nexora\backend\src\Nexora.Modules.Company\Nexora.Modules.Company.csproj]
C:\Users\Deven\Desktop\erp\nexora\backend\src\Nexora.Modules.HR\Controllers\AttendanceController.cs(2,14): error CS0234: The type or namespace name 'Shared' does not exist in the namespace 'Nexora' (are you missing an assembly reference?) [C:\Users\Deven\Desktop\erp\nexora\backend\src\Nexora.Modules.HR\Nexora.Modules.HR.csproj]
C:\Users\Deven\Desktop\erp\nexora\backend\src\Nexora.Modules.HR\Controllers\AttendanceController.cs(4,14): error CS0234: The type or namespace name 'Shared' does not exist in the namespace 'Nexora' (are you missing an assembly reference?) [C:\Users\Deven\Desktop\erp\nexora\backend\src\Nexora.Modules.HR\Nexora.Modules.HR.csproj]
C:\Users\Deven\Desktop\erp\nexora\backend\src\Nexora.Modules.HR\Controllers\AttendanceController.cs(5,22): error CS0234: The type or namespace name 'Identity' does not exist in the namespace 'Nexora.Modules' (are you missing an assembly reference?) [C:\Users\Deven\Desktop\erp\nexora\backend\src\Nexora.Modules.HR\Nexora.Modules.HR.csproj]
C:\Users\Deven\Desktop\erp\nexora\backend\src\Nexora.Modules.HR\Controllers\AttendanceController.cs(7,14): error CS0234: The type or namespace name 'Shared' does not exist in the namespace 'Nexora' (are you missing an assembly reference?) [C:\Users\Deven\Desktop\erp\nexora\backend\src\Nexora.Modules.HR\Nexora.Modules.HR.csproj]
C:\Users\Deven\Desktop\erp\nexora\backend\src\Nexora.Modules.HR\Controllers\AttendanceController.cs(10,17): error CS0234: The type or namespace name 'EntityFrameworkCore' does not exist in the namespace 'Microsoft' (are you missing an assembly reference?) [C:\Users\Deven\Desktop\erp\nexora\backend\src\Nexora.Modules.HR\Nexora.Modules.HR.csproj]
C:\Users\Deven\Desktop\erp\nexora\backend\src\Nexora.Modules.HR\Controllers\EmployeeDocumentsController.cs(2,14): error CS0234: The type or namespace name 'Shared' does not exist in the namespace 'Nexora' (are you missing an assembly reference?) [C:\Users\Deven\Desktop\erp\nexora\backend\src\Nexora.Modules.HR\Nexora.Modules.HR.csproj]
C:\Users\Deven\Desktop\erp\nexora\backend\src\Nexora.Modules.HR\Controllers\EmployeeDocumentsController.cs(5,14): error CS0234: The type or namespace name 'Shared' does not exist in the namespace 'Nexora' (are you missing an assembly reference?) [C:\Users\Deven\Desktop\erp\nexora\backend\src\Nexora.Modules.HR\Nexora.Modules.HR.csproj]
C:\Users\Deven\Desktop\erp\nexora\backend\src\Nexora.Modules.HR\Controllers\EmployeeDocumentsController.cs(6,22): error CS0234: The type or namespace name 'Identity' does not exist in the namespace 'Nexora.Modules' (are you missing an assembly reference?) [C:\Users\Deven\Desktop\erp\nexora\backend\src\Nexora.Modules.HR\Nexora.Modules.HR.csproj]
C:\Users\Deven\Desktop\erp\nexora\backend\src\Nexora.Modules.HR\Controllers\EmployeeDocumentsController.cs(8,14): error CS0234: The type or namespace name 'Shared' does not exist in the namespace 'Nexora' (are you missing an assembly reference?) [C:\Users\Deven\Desktop\erp\nexora\backend\src\Nexora.Modules.HR\Nexora.Modules.HR.csproj]
C:\Users\Deven\Desktop\erp\nexora\backend\src\Nexora.Modules.HR\Controllers\EmployeeDocumentsController.cs(11,17): error CS0234: The type or namespace name 'EntityFrameworkCore' does not exist in the namespace 'Microsoft' (are you missing an assembly reference?) [C:\Users\Deven\Desktop\erp\nexora\backend\src\Nexora.Modules.HR\Nexora.Modules.HR.csproj]
C:\Users\Deven\Desktop\erp\nexora\backend\src\Nexora.Modules.HR\Controllers\EmployeesController.cs(2,14): error CS0234: The type or namespace name 'Shared' does not exist in the namespace 'Nexora' (are you missing an assembly reference?) [C:\Users\Deven\Desktop\erp\nexora\backend\src\Nexora.Modules.HR\Nexora.Modules.HR.csproj]
C:\Users\Deven\Desktop\erp\nexora\backend\src\Nexora.Modules.HR\Controllers\EmployeesController.cs(4,22): error CS0234: The type or namespace name 'Identity' does not exist in the namespace 'Nexora.Modules' (are you missing an assembly reference?) [C:\Users\Deven\Desktop\erp\nexora\backend\src\Nexora.Modules.HR\Nexora.Modules.HR.csproj]
C:\Users\Deven\Desktop\erp\nexora\backend\src\Nexora.Modules.HR\Controllers\EmployeesController.cs(6,14): error CS0234: The type or namespace name 'Shared' does not exist in the namespace 'Nexora' (are you missing an assembly reference?) [C:\Users\Deven\Desktop\erp\nexora\backend\src\Nexora.Modules.HR\Nexora.Modules.HR.csproj]
C:\Users\Deven\Desktop\erp\nexora\backend\src\Nexora.Modules.HR\Controllers\EmployeesController.cs(7,14): error CS0234: The type or namespace name 'Shared' does not exist in the namespace 'Nexora' (are you missing an assembly reference?) [C:\Users\Deven\Desktop\erp\nexora\backend\src\Nexora.Modules.HR\Nexora.Modules.HR.csproj]
C:\Users\Deven\Desktop\erp\nexora\backend\src\Nexora.Modules.HR\Controllers\EmployeesController.cs(10,17): error CS0234: The type or namespace name 'EntityFrameworkCore' does not exist in the namespace 'Microsoft' (are you missing an assembly reference?) [C:\Users\Deven\Desktop\erp\nexora\backend\src\Nexora.Modules.HR\Nexora.Modules.HR.csproj]
C:\Users\Deven\Desktop\erp\nexora\backend\src\Nexora.Modules.HR\Controllers\JobTitlesController.cs(2,14): error CS0234: The type or namespace name 'Shared' does not exist in the namespace 'Nexora' (are you missing an assembly reference?) [C:\Users\Deven\Desktop\erp\nexora\backend\src\Nexora.Modules.HR\Nexora.Modules.HR.csproj]
C:\Users\Deven\Desktop\erp\nexora\backend\src\Nexora.Modules.HR\Controllers\JobTitlesController.cs(4,14): error CS0234: The type or namespace name 'Shared' does not exist in the namespace 'Nexora' (are you missing an assembly reference?) [C:\Users\Deven\Desktop\erp\nexora\backend\src\Nexora.Modules.HR\Nexora.Modules.HR.csproj]
C:\Users\Deven\Desktop\erp\nexora\backend\src\Nexora.Modules.HR\Controllers\JobTitlesController.cs(5,22): error CS0234: The type or namespace name 'Identity' does not exist in the namespace 'Nexora.Modules' (are you missing an assembly reference?) [C:\Users\Deven\Desktop\erp\nexora\backend\src\Nexora.Modules.HR\Nexora.Modules.HR.csproj]
C:\Users\Deven\Desktop\erp\nexora\backend\src\Nexora.Modules.HR\Controllers\JobTitlesController.cs(7,22): error CS0234: The type or namespace name 'Identity' does not exist in the namespace 'Nexora.Modules' (are you missing an assembly reference?) [C:\Users\Deven\Desktop\erp\nexora\backend\src\Nexora.Modules.HR\Nexora.Modules.HR.csproj]
C:\Users\Deven\Desktop\erp\nexora\backend\src\Nexora.Modules.HR\Controllers\JobTitlesController.cs(8,14): error CS0234: The type or namespace name 'Shared' does not exist in the namespace 'Nexora' (are you missing an assembly reference?) [C:\Users\Deven\Desktop\erp\nexora\backend\src\Nexora.Modules.HR\Nexora.Modules.HR.csproj]
C:\Users\Deven\Desktop\erp\nexora\backend\src\Nexora.Modules.HR\Controllers\JobTitlesController.cs(12,17): error CS0234: The type or namespace name 'EntityFrameworkCore' does not exist in the namespace 'Microsoft' (are you missing an assembly reference?) [C:\Users\Deven\Desktop\erp\nexora\backend\src\Nexora.Modules.HR\Nexora.Modules.HR.csproj]
C:\Users\Deven\Desktop\erp\nexora\backend\src\Nexora.Modules.HR\Controllers\LeaveRequestsController.cs(2,14): error CS0234: The type or namespace name 'Shared' does not exist in the namespace 'Nexora' (are you missing an assembly reference?) [C:\Users\Deven\Desktop\erp\nexora\backend\src\Nexora.Modules.HR\Nexora.Modules.HR.csproj]
C:\Users\Deven\Desktop\erp\nexora\backend\src\Nexora.Modules.HR\Controllers\LeaveRequestsController.cs(4,14): error CS0234: The type or namespace name 'Shared' does not exist in the namespace 'Nexora' (are you missing an assembly reference?) [C:\Users\Deven\Desktop\erp\nexora\backend\src\Nexora.Modules.HR\Nexora.Modules.HR.csproj]
C:\Users\Deven\Desktop\erp\nexora\backend\src\Nexora.Modules.HR\Controllers\LeaveRequestsController.cs(5,22): error CS0234: The type or namespace name 'Identity' does not exist in the namespace 'Nexora.Modules' (are you missing an assembly reference?) [C:\Users\Deven\Desktop\erp\nexora\backend\src\Nexora.Modules.HR\Nexora.Modules.HR.csproj]
C:\Users\Deven\Desktop\erp\nexora\backend\src\Nexora.Modules.HR\Controllers\LeaveRequestsController.cs(7,22): error CS0234: The type or namespace name 'Workflow' does not exist in the namespace 'Nexora.Modules' (are you missing an assembly reference?) [C:\Users\Deven\Desktop\erp\nexora\backend\src\Nexora.Modules.HR\Nexora.Modules.HR.csproj]
C:\Users\Deven\Desktop\erp\nexora\backend\src\Nexora.Modules.HR\Controllers\LeaveRequestsController.cs(8,14): error CS0234: The type or namespace name 'Shared' does not exist in the namespace 'Nexora' (are you missing an assembly reference?) [C:\Users\Deven\Desktop\erp\nexora\backend\src\Nexora.Modules.HR\Nexora.Modules.HR.csproj]
C:\Users\Deven\Desktop\erp\nexora\backend\src\Nexora.Modules.HR\Controllers\LeaveRequestsController.cs(9,22): error CS0234: The type or namespace name 'Workflow' does not exist in the namespace 'Nexora.Modules' (are you missing an assembly reference?) [C:\Users\Deven\Desktop\erp\nexora\backend\src\Nexora.Modules.HR\Nexora.Modules.HR.csproj]
C:\Users\Deven\Desktop\erp\nexora\backend\src\Nexora.Modules.HR\Controllers\LeaveRequestsController.cs(12,17): error CS0234: The type or namespace name 'EntityFrameworkCore' does not exist in the namespace 'Microsoft' (are you missing an assembly reference?) [C:\Users\Deven\Desktop\erp\nexora\backend\src\Nexora.Modules.HR\Nexora.Modules.HR.csproj]
C:\Users\Deven\Desktop\erp\nexora\backend\src\Nexora.Modules.HR\Controllers\LeaveTypesController.cs(1,14): error CS0234: The type or namespace name 'Shared' does not exist in the namespace 'Nexora' (are you missing an assembly reference?) [C:\Users\Deven\Desktop\erp\nexora\backend\src\Nexora.Modules.HR\Nexora.Modules.HR.csproj]
C:\Users\Deven\Desktop\erp\nexora\backend\src\Nexora.Modules.HR\Controllers\LeaveTypesController.cs(3,22): error CS0234: The type or namespace name 'Identity' does not exist in the namespace 'Nexora.Modules' (are you missing an assembly reference?) [C:\Users\Deven\Desktop\erp\nexora\backend\src\Nexora.Modules.HR\Nexora.Modules.HR.csproj]
C:\Users\Deven\Desktop\erp\nexora\backend\src\Nexora.Modules.HR\Controllers\LeaveTypesController.cs(5,14): error CS0234: The type or namespace name 'Shared' does not exist in the namespace 'Nexora' (are you missing an assembly reference?) [C:\Users\Deven\Desktop\erp\nexora\backend\src\Nexora.Modules.HR\Nexora.Modules.HR.csproj]
C:\Users\Deven\Desktop\erp\nexora\backend\src\Nexora.Modules.HR\Controllers\LeaveTypesController.cs(8,17): error CS0234: The type or namespace name 'EntityFrameworkCore' does not exist in the namespace 'Microsoft' (are you missing an assembly reference?) [C:\Users\Deven\Desktop\erp\nexora\backend\src\Nexora.Modules.HR\Nexora.Modules.HR.csproj]
C:\Users\Deven\Desktop\erp\nexora\backend\src\Nexora.Modules.HR\Controllers\TimesheetsController.cs(2,14): error CS0234: The type or namespace name 'Shared' does not exist in the namespace 'Nexora' (are you missing an assembly reference?) [C:\Users\Deven\Desktop\erp\nexora\backend\src\Nexora.Modules.HR\Nexora.Modules.HR.csproj]
C:\Users\Deven\Desktop\erp\nexora\backend\src\Nexora.Modules.HR\Controllers\TimesheetsController.cs(4,14): error CS0234: The type or namespace name 'Shared' does not exist in the namespace 'Nexora' (are you missing an assembly reference?) [C:\Users\Deven\Desktop\erp\nexora\backend\src\Nexora.Modules.HR\Nexora.Modules.HR.csproj]
C:\Users\Deven\Desktop\erp\nexora\backend\src\Nexora.Modules.HR\Controllers\TimesheetsController.cs(5,22): error CS0234: The type or namespace name 'Identity' does not exist in the namespace 'Nexora.Modules' (are you missing an assembly reference?) [C:\Users\Deven\Desktop\erp\nexora\backend\src\Nexora.Modules.HR\Nexora.Modules.HR.csproj]
C:\Users\Deven\Desktop\erp\nexora\backend\src\Nexora.Modules.HR\Controllers\TimesheetsController.cs(7,14): error CS0234: The type or namespace name 'Shared' does not exist in the namespace 'Nexora' (are you missing an assembly reference?) [C:\Users\Deven\Desktop\erp\nexora\backend\src\Nexora.Modules.HR\Nexora.Modules.HR.csproj]
C:\Users\Deven\Desktop\erp\nexora\backend\src\Nexora.Modules.HR\Controllers\TimesheetsController.cs(10,17): error CS0234: The type or namespace name 'EntityFrameworkCore' does not exist in the namespace 'Microsoft' (are you missing an assembly reference?) [C:\Users\Deven\Desktop\erp\nexora\backend\src\Nexora.Modules.HR\Nexora.Modules.HR.csproj]
C:\Users\Deven\Desktop\erp\nexora\backend\src\Nexora.Modules.HR\Entities\Employee.cs(1,14): error CS0234: The type or namespace name 'Shared' does not exist in the namespace 'Nexora' (are you missing an assembly reference?) [C:\Users\Deven\Desktop\erp\nexora\backend\src\Nexora.Modules.HR\Nexora.Modules.HR.csproj]
C:\Users\Deven\Desktop\erp\nexora\backend\src\Nexora.Modules.HR\Entities\EmployeeCreatedEvent.cs(1,14): error CS0234: The type or namespace name 'Shared' does not exist in the namespace 'Nexora' (are you missing an assembly reference?) [C:\Users\Deven\Desktop\erp\nexora\backend\src\Nexora.Modules.HR\Nexora.Modules.HR.csproj]
C:\Users\Deven\Desktop\erp\nexora\backend\src\Nexora.Modules.HR\Entities\EmployeeDocument.cs(1,14): error CS0234: The type or namespace name 'Shared' does not exist in the namespace 'Nexora' (are you missing an assembly reference?) [C:\Users\Deven\Desktop\erp\nexora\backend\src\Nexora.Modules.HR\Nexora.Modules.HR.csproj]
C:\Users\Deven\Desktop\erp\nexora\backend\src\Nexora.Modules.HR\Entities\JobTitle.cs(1,14): error CS0234: The type or namespace name 'Shared' does not exist in the namespace 'Nexora' (are you missing an assembly reference?) [C:\Users\Deven\Desktop\erp\nexora\backend\src\Nexora.Modules.HR\Nexora.Modules.HR.csproj]
C:\Users\Deven\Desktop\erp\nexora\backend\src\Nexora.Modules.HR\Entities\LeaveRequest.cs(2,14): error CS0234: The type or namespace name 'Shared' does not exist in the namespace 'Nexora' (are you missing an assembly reference?) [C:\Users\Deven\Desktop\erp\nexora\backend\src\Nexora.Modules.HR\Nexora.Modules.HR.csproj]
C:\Users\Deven\Desktop\erp\nexora\backend\src\Nexora.Modules.HR\Entities\LeaveType.cs(1,14): error CS0234: The type or namespace name 'Shared' does not exist in the namespace 'Nexora' (are you missing an assembly reference?) [C:\Users\Deven\Desktop\erp\nexora\backend\src\Nexora.Modules.HR\Nexora.Modules.HR.csproj]
C:\Users\Deven\Desktop\erp\nexora\backend\src\Nexora.Modules.HR\Entities\TenantAttendanceSettings.cs(1,14): error CS0234: The type or namespace name 'Shared' does not exist in the namespace 'Nexora' (are you missing an assembly reference?) [C:\Users\Deven\Desktop\erp\nexora\backend\src\Nexora.Modules.HR\Nexora.Modules.HR.csproj]
C:\Users\Deven\Desktop\erp\nexora\backend\src\Nexora.Modules.HR\Entities\Timesheet.cs(1,14): error CS0234: The type or namespace name 'Shared' does not exist in the namespace 'Nexora' (are you missing an assembly reference?) [C:\Users\Deven\Desktop\erp\nexora\backend\src\Nexora.Modules.HR\Nexora.Modules.HR.csproj]
C:\Users\Deven\Desktop\erp\nexora\backend\src\Nexora.Modules.HR\Seed\JobTitleSync.cs(1,22): error CS0234: The type or namespace name 'Identity' does not exist in the namespace 'Nexora.Modules' (are you missing an assembly reference?) [C:\Users\Deven\Desktop\erp\nexora\backend\src\Nexora.Modules.HR\Nexora.Modules.HR.csproj]
C:\Users\Deven\Desktop\erp\nexora\backend\src\Nexora.Modules.HR\Seed\JobTitleSync.cs(3,14): error CS0234: The type or namespace name 'Shared' does not exist in the namespace 'Nexora' (are you missing an assembly reference?) [C:\Users\Deven\Desktop\erp\nexora\backend\src\Nexora.Modules.HR\Nexora.Modules.HR.csproj]
C:\Users\Deven\Desktop\erp\nexora\backend\src\Nexora.Modules.HR\Seed\JobTitleSync.cs(4,17): error CS0234: The type or namespace name 'EntityFrameworkCore' does not exist in the namespace 'Microsoft' (are you missing an assembly reference?) [C:\Users\Deven\Desktop\erp\nexora\backend\src\Nexora.Modules.HR\Nexora.Modules.HR.csproj]
C:\Users\Deven\Desktop\erp\nexora\backend\src\Nexora.Modules.HR\Services\EmployeeCreatedAuditHandler.cs(1,14): error CS0234: The type or namespace name 'Shared' does not exist in the namespace 'Nexora' (are you missing an assembly reference?) [C:\Users\Deven\Desktop\erp\nexora\backend\src\Nexora.Modules.HR\Nexora.Modules.HR.csproj]
C:\Users\Deven\Desktop\erp\nexora\backend\src\Nexora.Modules.HR\Services\EmployeeCreatedAuditHandler.cs(2,14): error CS0234: The type or namespace name 'Shared' does not exist in the namespace 'Nexora' (are you missing an assembly reference?) [C:\Users\Deven\Desktop\erp\nexora\backend\src\Nexora.Modules.HR\Nexora.Modules.HR.csproj]
C:\Users\Deven\Desktop\erp\nexora\backend\src\Nexora.Modules.HR\Services\EmployeeCreatedAuditHandler.cs(4,14): error CS0234: The type or namespace name 'Shared' does not exist in the namespace 'Nexora' (are you missing an assembly reference?) [C:\Users\Deven\Desktop\erp\nexora\backend\src\Nexora.Modules.HR\Nexora.Modules.HR.csproj]
C:\Users\Deven\Desktop\erp\nexora\backend\src\Nexora.Modules.HR\Services\EmployeeCreatedAuditHandler.cs(5,17): error CS0234: The type or namespace name 'EntityFrameworkCore' does not exist in the namespace 'Microsoft' (are you missing an assembly reference?) [C:\Users\Deven\Desktop\erp\nexora\backend\src\Nexora.Modules.HR\Nexora.Modules.HR.csproj]
C:\Users\Deven\Desktop\erp\nexora\backend\src\Nexora.Modules.HR\Controllers\AttendanceController.cs(24,22): error CS0246: The type or namespace name 'NexoraDbContext' could not be found (are you missing a using directive or an assembly reference?) [C:\Users\Deven\Desktop\erp\nexora\backend\src\Nexora.Modules.HR\Nexora.Modules.HR.csproj]
C:\Users\Deven\Desktop\erp\nexora\backend\src\Nexora.Modules.HR\Controllers\AttendanceController.cs(25,33): error CS0246: The type or namespace name 'NexoraDbContext' could not be found (are you missing a using directive or an assembly reference?) [C:\Users\Deven\Desktop\erp\nexora\backend\src\Nexora.Modules.HR\Nexora.Modules.HR.csproj]
C:\Users\Deven\Desktop\erp\nexora\backend\src\Nexora.Modules.HR\Controllers\AttendanceController.cs(39,6): error CS0246: The type or namespace name 'RequirePermissionAttribute' could not be found (are you missing a using directive or an assembly reference?) [C:\Users\Deven\Desktop\erp\nexora\backend\src\Nexora.Modules.HR\Nexora.Modules.HR.csproj]
C:\Users\Deven\Desktop\erp\nexora\backend\src\Nexora.Modules.HR\Controllers\AttendanceController.cs(39,6): error CS0246: The type or namespace name 'RequirePermission' could not be found (are you missing a using directive or an assembly reference?) [C:\Users\Deven\Desktop\erp\nexora\backend\src\Nexora.Modules.HR\Nexora.Modules.HR.csproj]
C:\Users\Deven\Desktop\erp\nexora\backend\src\Nexora.Modules.HR\Controllers\AttendanceController.cs(39,24): error CS0103: The name 'Permission' does not exist in the current context [C:\Users\Deven\Desktop\erp\nexora\backend\src\Nexora.Modules.HR\Nexora.Modules.HR.csproj]
C:\Users\Deven\Desktop\erp\nexora\backend\src\Nexora.Modules.HR\Controllers\AttendanceController.cs(44,6): error CS0246: The type or namespace name 'RequirePermissionAttribute' could not be found (are you missing a using directive or an assembly reference?) [C:\Users\Deven\Desktop\erp\nexora\backend\src\Nexora.Modules.HR\Nexora.Modules.HR.csproj]
C:\Users\Deven\Desktop\erp\nexora\backend\src\Nexora.Modules.HR\Controllers\AttendanceController.cs(44,6): error CS0246: The type or namespace name 'RequirePermission' could not be found (are you missing a using directive or an assembly reference?) [C:\Users\Deven\Desktop\erp\nexora\backend\src\Nexora.Modules.HR\Nexora.Modules.HR.csproj]
C:\Users\Deven\Desktop\erp\nexora\backend\src\Nexora.Modules.HR\Controllers\AttendanceController.cs(44,24): error CS0103: The name 'Permission' does not exist in the current context [C:\Users\Deven\Desktop\erp\nexora\backend\src\Nexora.Modules.HR\Nexora.Modules.HR.csproj]
C:\Users\Deven\Desktop\erp\nexora\backend\src\Nexora.Modules.HR\Controllers\AttendanceController.cs(63,6): error CS0246: The type or namespace name 'RequirePermissionAttribute' could not be found (are you missing a using directive or an assembly reference?) [C:\Users\Deven\Desktop\erp\nexora\backend\src\Nexora.Modules.HR\Nexora.Modules.HR.csproj]
C:\Users\Deven\Desktop\erp\nexora\backend\src\Nexora.Modules.HR\Controllers\AttendanceController.cs(63,6): error CS0246: The type or namespace name 'RequirePermission' could not be found (are you missing a using directive or an assembly reference?) [C:\Users\Deven\Desktop\erp\nexora\backend\src\Nexora.Modules.HR\Nexora.Modules.HR.csproj]
C:\Users\Deven\Desktop\erp\nexora\backend\src\Nexora.Modules.HR\Controllers\AttendanceController.cs(63,24): error CS0103: The name 'Permission' does not exist in the current context [C:\Users\Deven\Desktop\erp\nexora\backend\src\Nexora.Modules.HR\Nexora.Modules.HR.csproj]
C:\Users\Deven\Desktop\erp\nexora\backend\src\Nexora.Modules.HR\Controllers\AttendanceController.cs(75,6): error CS0246: The type or namespace name 'RequirePermissionAttribute' could not be found (are you missing a using directive or an assembly reference?) [C:\Users\Deven\Desktop\erp\nexora\backend\src\Nexora.Modules.HR\Nexora.Modules.HR.csproj]
C:\Users\Deven\Desktop\erp\nexora\backend\src\Nexora.Modules.HR\Controllers\AttendanceController.cs(75,6): error CS0246: The type or namespace name 'RequirePermission' could not be found (are you missing a using directive or an assembly reference?) [C:\Users\Deven\Desktop\erp\nexora\backend\src\Nexora.Modules.HR\Nexora.Modules.HR.csproj]
C:\Users\Deven\Desktop\erp\nexora\backend\src\Nexora.Modules.HR\Controllers\AttendanceController.cs(75,24): error CS0103: The name 'Permission' does not exist in the current context [C:\Users\Deven\Desktop\erp\nexora\backend\src\Nexora.Modules.HR\Nexora.Modules.HR.csproj]
C:\Users\Deven\Desktop\erp\nexora\backend\src\Nexora.Modules.HR\Entities\Employee.cs(5,25): error CS0246: The type or namespace name 'TenantEntity' could not be found (are you missing a using directive or an assembly reference?) [C:\Users\Deven\Desktop\erp\nexora\backend\src\Nexora.Modules.HR\Nexora.Modules.HR.csproj]
C:\Users\Deven\Desktop\erp\nexora\backend\src\Nexora.Modules.HR\Controllers\AttendanceController.cs(85,6): error CS0246: The type or namespace name 'RequirePermissionAttribute' could not be found (are you missing a using directive or an assembly reference?) [C:\Users\Deven\Desktop\erp\nexora\backend\src\Nexora.Modules.HR\Nexora.Modules.HR.csproj]
C:\Users\Deven\Desktop\erp\nexora\backend\src\Nexora.Modules.HR\Controllers\AttendanceController.cs(85,6): error CS0246: The type or namespace name 'RequirePermission' could not be found (are you missing a using directive or an assembly reference?) [C:\Users\Deven\Desktop\erp\nexora\backend\src\Nexora.Modules.HR\Nexora.Modules.HR.csproj]
C:\Users\Deven\Desktop\erp\nexora\backend\src\Nexora.Modules.HR\Controllers\AttendanceController.cs(85,24): error CS0103: The name 'Permission' does not exist in the current context [C:\Users\Deven\Desktop\erp\nexora\backend\src\Nexora.Modules.HR\Nexora.Modules.HR.csproj]
C:\Users\Deven\Desktop\erp\nexora\backend\src\Nexora.Modules.HR\Entities\Employee.cs(34,42): error CS0246: The type or namespace name 'TenantEntity' could not be found (are you missing a using directive or an assembly reference?) [C:\Users\Deven\Desktop\erp\nexora\backend\src\Nexora.Modules.HR\Nexora.Modules.HR.csproj]
C:\Users\Deven\Desktop\erp\nexora\backend\src\Nexora.Modules.HR\Controllers\EmployeeDocumentsController.cs(65,41): error CS0246: The type or namespace name 'IFormFile' could not be found (are you missing a using directive or an assembly reference?) [C:\Users\Deven\Desktop\erp\nexora\backend\src\Nexora.Modules.HR\Nexora.Modules.HR.csproj]
C:\Users\Deven\Desktop\erp\nexora\backend\src\Nexora.Modules.HR\Controllers\AttendanceController.cs(100,6): error CS0246: The type or namespace name 'RequirePermissionAttribute' could not be found (are you missing a using directive or an assembly reference?) [C:\Users\Deven\Desktop\erp\nexora\backend\src\Nexora.Modules.HR\Nexora.Modules.HR.csproj]
C:\Users\Deven\Desktop\erp\nexora\backend\src\Nexora.Modules.HR\Controllers\AttendanceController.cs(100,6): error CS0246: The type or namespace name 'RequirePermission' could not be found (are you missing a using directive or an assembly reference?) [C:\Users\Deven\Desktop\erp\nexora\backend\src\Nexora.Modules.HR\Nexora.Modules.HR.csproj]
C:\Users\Deven\Desktop\erp\nexora\backend\src\Nexora.Modules.HR\Controllers\AttendanceController.cs(100,24): error CS0103: The name 'Permission' does not exist in the current context [C:\Users\Deven\Desktop\erp\nexora\backend\src\Nexora.Modules.HR\Nexora.Modules.HR.csproj]
C:\Users\Deven\Desktop\erp\nexora\backend\src\Nexora.Modules.HR\Entities\EmployeeCreatedEvent.cs(8,79): error CS0246: The type or namespace name 'DomainEvent' could not be found (are you missing a using directive or an assembly reference?) [C:\Users\Deven\Desktop\erp\nexora\backend\src\Nexora.Modules.HR\Nexora.Modules.HR.csproj]
C:\Users\Deven\Desktop\erp\nexora\backend\src\Nexora.Modules.HR\Controllers\EmployeeDocumentsController.cs(27,22): error CS0246: The type or namespace name 'NexoraDbContext' could not be found (are you missing a using directive or an assembly reference?) [C:\Users\Deven\Desktop\erp\nexora\backend\src\Nexora.Modules.HR\Nexora.Modules.HR.csproj]
C:\Users\Deven\Desktop\erp\nexora\backend\src\Nexora.Modules.HR\Controllers\AttendanceController.cs(123,6): error CS0246: The type or namespace name 'RequirePermissionAttribute' could not be found (are you missing a using directive or an assembly reference?) [C:\Users\Deven\Desktop\erp\nexora\backend\src\Nexora.Modules.HR\Nexora.Modules.HR.csproj]
C:\Users\Deven\Desktop\erp\nexora\backend\src\Nexora.Modules.HR\Controllers\AttendanceController.cs(123,6): error CS0246: The type or namespace name 'RequirePermission' could not be found (are you missing a using directive or an assembly reference?) [C:\Users\Deven\Desktop\erp\nexora\backend\src\Nexora.Modules.HR\Nexora.Modules.HR.csproj]
C:\Users\Deven\Desktop\erp\nexora\backend\src\Nexora.Modules.HR\Controllers\AttendanceController.cs(123,24): error CS0103: The name 'Permission' does not exist in the current context [C:\Users\Deven\Desktop\erp\nexora\backend\src\Nexora.Modules.HR\Nexora.Modules.HR.csproj]
C:\Users\Deven\Desktop\erp\nexora\backend\src\Nexora.Modules.HR\Entities\EmployeeDocument.cs(24,33): error CS0246: The type or namespace name 'TenantEntity' could not be found (are you missing a using directive or an assembly reference?) [C:\Users\Deven\Desktop\erp\nexora\backend\src\Nexora.Modules.HR\Nexora.Modules.HR.csproj]
C:\Users\Deven\Desktop\erp\nexora\backend\src\Nexora.Modules.HR\Controllers\EmployeeDocumentsController.cs(30,40): error CS0246: The type or namespace name 'NexoraDbContext' could not be found (are you missing a using directive or an assembly reference?) [C:\Users\Deven\Desktop\erp\nexora\backend\src\Nexora.Modules.HR\Nexora.Modules.HR.csproj]
C:\Users\Deven\Desktop\erp\nexora\backend\src\Nexora.Modules.HR\Entities\JobTitle.cs(10,25): error CS0246: The type or namespace name 'TenantEntity' could not be found (are you missing a using directive or an assembly reference?) [C:\Users\Deven\Desktop\erp\nexora\backend\src\Nexora.Modules.HR\Nexora.Modules.HR.csproj]
C:\Users\Deven\Desktop\erp\nexora\backend\src\Nexora.Modules.HR\Controllers\AttendanceController.cs(142,6): error CS0246: The type or namespace name 'RequirePermissionAttribute' could not be found (are you missing a using directive or an assembly reference?) [C:\Users\Deven\Desktop\erp\nexora\backend\src\Nexora.Modules.HR\Nexora.Modules.HR.csproj]
C:\Users\Deven\Desktop\erp\nexora\backend\src\Nexora.Modules.HR\Controllers\AttendanceController.cs(142,6): error CS0246: The type or namespace name 'RequirePermission' could not be found (are you missing a using directive or an assembly reference?) [C:\Users\Deven\Desktop\erp\nexora\backend\src\Nexora.Modules.HR\Nexora.Modules.HR.csproj]
C:\Users\Deven\Desktop\erp\nexora\backend\src\Nexora.Modules.HR\Controllers\AttendanceController.cs(142,24): error CS0103: The name 'Permission' does not exist in the current context [C:\Users\Deven\Desktop\erp\nexora\backend\src\Nexora.Modules.HR\Nexora.Modules.HR.csproj]
C:\Users\Deven\Desktop\erp\nexora\backend\src\Nexora.Modules.HR\Controllers\EmployeeDocumentsController.cs(46,6): error CS0246: The type or namespace name 'RequirePermissionAttribute' could not be found (are you missing a using directive or an assembly reference?) [C:\Users\Deven\Desktop\erp\nexora\backend\src\Nexora.Modules.HR\Nexora.Modules.HR.csproj]
C:\Users\Deven\Desktop\erp\nexora\backend\src\Nexora.Modules.HR\Controllers\EmployeeDocumentsController.cs(46,6): error CS0246: The type or namespace name 'RequirePermission' could not be found (are you missing a using directive or an assembly reference?) [C:\Users\Deven\Desktop\erp\nexora\backend\src\Nexora.Modules.HR\Nexora.Modules.HR.csproj]
C:\Users\Deven\Desktop\erp\nexora\backend\src\Nexora.Modules.HR\Controllers\EmployeeDocumentsController.cs(46,24): error CS0103: The name 'Permission' does not exist in the current context [C:\Users\Deven\Desktop\erp\nexora\backend\src\Nexora.Modules.HR\Nexora.Modules.HR.csproj]
C:\Users\Deven\Desktop\erp\nexora\backend\src\Nexora.Modules.HR\Entities\LeaveRequest.cs(31,29): error CS0246: The type or namespace name 'TenantEntity' could not be found (are you missing a using directive or an assembly reference?) [C:\Users\Deven\Desktop\erp\nexora\backend\src\Nexora.Modules.HR\Nexora.Modules.HR.csproj]
C:\Users\Deven\Desktop\erp\nexora\backend\src\Nexora.Modules.HR\Controllers\EmployeesController.cs(33,71): error CS0246: The type or namespace name 'ScopeDecision' could not be found (are you missing a using directive or an assembly reference?) [C:\Users\Deven\Desktop\erp\nexora\backend\src\Nexora.Modules.HR\Nexora.Modules.HR.csproj]
C:\Users\Deven\Desktop\erp\nexora\backend\src\Nexora.Modules.HR\Controllers\EmployeeDocumentsController.cs(54,6): error CS0246: The type or namespace name 'RequirePermissionAttribute' could not be found (are you missing a using directive or an assembly reference?) [C:\Users\Deven\Desktop\erp\nexora\backend\src\Nexora.Modules.HR\Nexora.Modules.HR.csproj]
C:\Users\Deven\Desktop\erp\nexora\backend\src\Nexora.Modules.HR\Controllers\EmployeeDocumentsController.cs(54,6): error CS0246: The type or namespace name 'RequirePermission' could not be found (are you missing a using directive or an assembly reference?) [C:\Users\Deven\Desktop\erp\nexora\backend\src\Nexora.Modules.HR\Nexora.Modules.HR.csproj]
C:\Users\Deven\Desktop\erp\nexora\backend\src\Nexora.Modules.HR\Controllers\EmployeeDocumentsController.cs(54,24): error CS0103: The name 'Permission' does not exist in the current context [C:\Users\Deven\Desktop\erp\nexora\backend\src\Nexora.Modules.HR\Nexora.Modules.HR.csproj]
C:\Users\Deven\Desktop\erp\nexora\backend\src\Nexora.Modules.HR\Entities\LeaveRequest.cs(71,29): error CS0246: The type or namespace name 'TenantEntity' could not be found (are you missing a using directive or an assembly reference?) [C:\Users\Deven\Desktop\erp\nexora\backend\src\Nexora.Modules.HR\Nexora.Modules.HR.csproj]
C:\Users\Deven\Desktop\erp\nexora\backend\src\Nexora.Modules.HR\Controllers\EmployeesController.cs(19,22): error CS0246: The type or namespace name 'NexoraDbContext' could not be found (are you missing a using directive or an assembly reference?) [C:\Users\Deven\Desktop\erp\nexora\backend\src\Nexora.Modules.HR\Nexora.Modules.HR.csproj]
C:\Users\Deven\Desktop\erp\nexora\backend\src\Nexora.Modules.HR\Entities\LeaveType.cs(6,26): error CS0246: The type or namespace name 'TenantEntity' could not be found (are you missing a using directive or an assembly reference?) [C:\Users\Deven\Desktop\erp\nexora\backend\src\Nexora.Modules.HR\Nexora.Modules.HR.csproj]
C:\Users\Deven\Desktop\erp\nexora\backend\src\Nexora.Modules.HR\Controllers\EmployeeDocumentsController.cs(62,6): error CS0246: The type or namespace name 'RequirePermissionAttribute' could not be found (are you missing a using directive or an assembly reference?) [C:\Users\Deven\Desktop\erp\nexora\backend\src\Nexora.Modules.HR\Nexora.Modules.HR.csproj]
C:\Users\Deven\Desktop\erp\nexora\backend\src\Nexora.Modules.HR\Controllers\EmployeeDocumentsController.cs(62,6): error CS0246: The type or namespace name 'RequirePermission' could not be found (are you missing a using directive or an assembly reference?) [C:\Users\Deven\Desktop\erp\nexora\backend\src\Nexora.Modules.HR\Nexora.Modules.HR.csproj]
C:\Users\Deven\Desktop\erp\nexora\backend\src\Nexora.Modules.HR\Controllers\EmployeeDocumentsController.cs(62,24): error CS0103: The name 'Permission' does not exist in the current context [C:\Users\Deven\Desktop\erp\nexora\backend\src\Nexora.Modules.HR\Nexora.Modules.HR.csproj]
C:\Users\Deven\Desktop\erp\nexora\backend\src\Nexora.Modules.HR\Controllers\EmployeesController.cs(20,22): error CS0246: The type or namespace name 'DataScopeService' could not be found (are you missing a using directive or an assembly reference?) [C:\Users\Deven\Desktop\erp\nexora\backend\src\Nexora.Modules.HR\Nexora.Modules.HR.csproj]
C:\Users\Deven\Desktop\erp\nexora\backend\src\Nexora.Modules.HR\Entities\TenantAttendanceSettings.cs(9,41): error CS0246: The type or namespace name 'TenantEntity' could not be found (are you missing a using directive or an assembly reference?) [C:\Users\Deven\Desktop\erp\nexora\backend\src\Nexora.Modules.HR\Nexora.Modules.HR.csproj]
C:\Users\Deven\Desktop\erp\nexora\backend\src\Nexora.Modules.HR\Entities\Timesheet.cs(5,32): error CS0246: The type or namespace name 'TenantEntity' could not be found (are you missing a using directive or an assembly reference?) [C:\Users\Deven\Desktop\erp\nexora\backend\src\Nexora.Modules.HR\Nexora.Modules.HR.csproj]
C:\Users\Deven\Desktop\erp\nexora\backend\src\Nexora.Modules.HR\Controllers\EmployeesController.cs(22,32): error CS0246: The type or namespace name 'NexoraDbContext' could not be found (are you missing a using directive or an assembly reference?) [C:\Users\Deven\Desktop\erp\nexora\backend\src\Nexora.Modules.HR\Nexora.Modules.HR.csproj]
C:\Users\Deven\Desktop\erp\nexora\backend\src\Nexora.Modules.HR\Controllers\EmployeesController.cs(22,52): error CS0246: The type or namespace name 'DataScopeService' could not be found (are you missing a using directive or an assembly reference?) [C:\Users\Deven\Desktop\erp\nexora\backend\src\Nexora.Modules.HR\Nexora.Modules.HR.csproj]
C:\Users\Deven\Desktop\erp\nexora\backend\src\Nexora.Modules.HR\Controllers\EmployeeDocumentsController.cs(102,6): error CS0246: The type or namespace name 'RequirePermissionAttribute' could not be found (are you missing a using directive or an assembly reference?) [C:\Users\Deven\Desktop\erp\nexora\backend\src\Nexora.Modules.HR\Nexora.Modules.HR.csproj]
C:\Users\Deven\Desktop\erp\nexora\backend\src\Nexora.Modules.HR\Controllers\EmployeeDocumentsController.cs(102,6): error CS0246: The type or namespace name 'RequirePermission' could not be found (are you missing a using directive or an assembly reference?) [C:\Users\Deven\Desktop\erp\nexora\backend\src\Nexora.Modules.HR\Nexora.Modules.HR.csproj]
C:\Users\Deven\Desktop\erp\nexora\backend\src\Nexora.Modules.HR\Controllers\EmployeeDocumentsController.cs(102,24): error CS0103: The name 'Permission' does not exist in the current context [C:\Users\Deven\Desktop\erp\nexora\backend\src\Nexora.Modules.HR\Nexora.Modules.HR.csproj]
C:\Users\Deven\Desktop\erp\nexora\backend\src\Nexora.Modules.HR\Entities\Timesheet.cs(17,31): error CS0246: The type or namespace name 'TenantEntity' could not be found (are you missing a using directive or an assembly reference?) [C:\Users\Deven\Desktop\erp\nexora\backend\src\Nexora.Modules.HR\Nexora.Modules.HR.csproj]
C:\Users\Deven\Desktop\erp\nexora\backend\src\Nexora.Modules.HR\Controllers\EmployeeDocumentsController.cs(116,6): error CS0246: The type or namespace name 'RequirePermissionAttribute' could not be found (are you missing a using directive or an assembly reference?) [C:\Users\Deven\Desktop\erp\nexora\backend\src\Nexora.Modules.HR\Nexora.Modules.HR.csproj]
C:\Users\Deven\Desktop\erp\nexora\backend\src\Nexora.Modules.HR\Controllers\EmployeeDocumentsController.cs(116,6): error CS0246: The type or namespace name 'RequirePermission' could not be found (are you missing a using directive or an assembly reference?) [C:\Users\Deven\Desktop\erp\nexora\backend\src\Nexora.Modules.HR\Nexora.Modules.HR.csproj]
C:\Users\Deven\Desktop\erp\nexora\backend\src\Nexora.Modules.HR\Controllers\EmployeeDocumentsController.cs(116,24): error CS0103: The name 'Permission' does not exist in the current context [C:\Users\Deven\Desktop\erp\nexora\backend\src\Nexora.Modules.HR\Nexora.Modules.HR.csproj]
C:\Users\Deven\Desktop\erp\nexora\backend\src\Nexora.Modules.HR\Controllers\EmployeesController.cs(60,6): error CS0246: The type or namespace name 'RequirePermissionAttribute' could not be found (are you missing a using directive or an assembly reference?) [C:\Users\Deven\Desktop\erp\nexora\backend\src\Nexora.Modules.HR\Nexora.Modules.HR.csproj]
C:\Users\Deven\Desktop\erp\nexora\backend\src\Nexora.Modules.HR\Controllers\EmployeesController.cs(60,6): error CS0246: The type or namespace name 'RequirePermission' could not be found (are you missing a using directive or an assembly reference?) [C:\Users\Deven\Desktop\erp\nexora\backend\src\Nexora.Modules.HR\Nexora.Modules.HR.csproj]
C:\Users\Deven\Desktop\erp\nexora\backend\src\Nexora.Modules.HR\Controllers\EmployeesController.cs(60,24): error CS0103: The name 'Permission' does not exist in the current context [C:\Users\Deven\Desktop\erp\nexora\backend\src\Nexora.Modules.HR\Nexora.Modules.HR.csproj]
C:\Users\Deven\Desktop\erp\nexora\backend\src\Nexora.Modules.HR\Services\EmployeeCreatedAuditHandler.cs(14,64): error CS0246: The type or namespace name 'IDomainEventHandler<>' could not be found (are you missing a using directive or an assembly reference?) [C:\Users\Deven\Desktop\erp\nexora\backend\src\Nexora.Modules.HR\Nexora.Modules.HR.csproj]
C:\Users\Deven\Desktop\erp\nexora\backend\src\Nexora.Modules.HR\Services\EmployeeCreatedAuditHandler.cs(14,42): error CS0246: The type or namespace name 'NexoraDbContext' could not be found (are you missing a using directive or an assembly reference?) [C:\Users\Deven\Desktop\erp\nexora\backend\src\Nexora.Modules.HR\Nexora.Modules.HR.csproj]
C:\Users\Deven\Desktop\erp\nexora\backend\src\Nexora.Modules.HR\Controllers\EmployeesController.cs(81,6): error CS0246: The type or namespace name 'RequirePermissionAttribute' could not be found (are you missing a using directive or an assembly reference?) [C:\Users\Deven\Desktop\erp\nexora\backend\src\Nexora.Modules.HR\Nexora.Modules.HR.csproj]
C:\Users\Deven\Desktop\erp\nexora\backend\src\Nexora.Modules.HR\Controllers\EmployeesController.cs(81,6): error CS0246: The type or namespace name 'RequirePermission' could not be found (are you missing a using directive or an assembly reference?) [C:\Users\Deven\Desktop\erp\nexora\backend\src\Nexora.Modules.HR\Nexora.Modules.HR.csproj]
C:\Users\Deven\Desktop\erp\nexora\backend\src\Nexora.Modules.HR\Controllers\EmployeesController.cs(81,24): error CS0103: The name 'Permission' does not exist in the current context [C:\Users\Deven\Desktop\erp\nexora\backend\src\Nexora.Modules.HR\Nexora.Modules.HR.csproj]
C:\Users\Deven\Desktop\erp\nexora\backend\src\Nexora.Modules.HR\Controllers\JobTitlesController.cs(21,22): error CS0246: The type or namespace name 'NexoraDbContext' could not be found (are you missing a using directive or an assembly reference?) [C:\Users\Deven\Desktop\erp\nexora\backend\src\Nexora.Modules.HR\Nexora.Modules.HR.csproj]
C:\Users\Deven\Desktop\erp\nexora\backend\src\Nexora.Modules.HR\Services\EmployeeDocumentStorage.cs(16,56): error CS0246: The type or namespace name 'IFormFile' could not be found (are you missing a using directive or an assembly reference?) [C:\Users\Deven\Desktop\erp\nexora\backend\src\Nexora.Modules.HR\Nexora.Modules.HR.csproj]
C:\Users\Deven\Desktop\erp\nexora\backend\src\Nexora.Modules.HR\Services\EmployeeDocumentStorage.cs(10,36): error CS0246: The type or namespace name 'IWebHostEnvironment' could not be found (are you missing a using directive or an assembly reference?) [C:\Users\Deven\Desktop\erp\nexora\backend\src\Nexora.Modules.HR\Nexora.Modules.HR.csproj]
C:\Users\Deven\Desktop\erp\nexora\backend\src\Nexora.Modules.HR\Controllers\JobTitlesController.cs(22,34): error CS0246: The type or namespace name 'AppUser' could not be found (are you missing a using directive or an assembly reference?) [C:\Users\Deven\Desktop\erp\nexora\backend\src\Nexora.Modules.HR\Nexora.Modules.HR.csproj]
C:\Users\Deven\Desktop\erp\nexora\backend\src\Nexora.Modules.HR\Controllers\LeaveTypesController.cs(17,22): error CS0246: The type or namespace name 'NexoraDbContext' could not be found (are you missing a using directive or an assembly reference?) [C:\Users\Deven\Desktop\erp\nexora\backend\src\Nexora.Modules.HR\Nexora.Modules.HR.csproj]
C:\Users\Deven\Desktop\erp\nexora\backend\src\Nexora.Modules.HR\Controllers\LeaveRequestsController.cs(21,22): error CS0246: The type or namespace name 'NexoraDbContext' could not be found (are you missing a using directive or an assembly reference?) [C:\Users\Deven\Desktop\erp\nexora\backend\src\Nexora.Modules.HR\Nexora.Modules.HR.csproj]
C:\Users\Deven\Desktop\erp\nexora\backend\src\Nexora.Modules.HR\Controllers\LeaveTypesController.cs(18,33): error CS0246: The type or namespace name 'NexoraDbContext' could not be found (are you missing a using directive or an assembly reference?) [C:\Users\Deven\Desktop\erp\nexora\backend\src\Nexora.Modules.HR\Nexora.Modules.HR.csproj]
C:\Users\Deven\Desktop\erp\nexora\backend\src\Nexora.Modules.HR\Controllers\LeaveRequestsController.cs(22,22): error CS0246: The type or namespace name 'IApprovalWorkflowService' could not be found (are you missing a using directive or an assembly reference?) [C:\Users\Deven\Desktop\erp\nexora\backend\src\Nexora.Modules.HR\Nexora.Modules.HR.csproj]
C:\Users\Deven\Desktop\erp\nexora\backend\src\Nexora.Modules.HR\Controllers\TimesheetsController.cs(23,22): error CS0246: The type or namespace name 'NexoraDbContext' could not be found (are you missing a using directive or an assembly reference?) [C:\Users\Deven\Desktop\erp\nexora\backend\src\Nexora.Modules.HR\Nexora.Modules.HR.csproj]
C:\Users\Deven\Desktop\erp\nexora\backend\src\Nexora.Modules.HR\Controllers\LeaveRequestsController.cs(24,36): error CS0246: The type or namespace name 'NexoraDbContext' could not be found (are you missing a using directive or an assembly reference?) [C:\Users\Deven\Desktop\erp\nexora\backend\src\Nexora.Modules.HR\Nexora.Modules.HR.csproj]
C:\Users\Deven\Desktop\erp\nexora\backend\src\Nexora.Modules.HR\Controllers\LeaveRequestsController.cs(24,56): error CS0246: The type or namespace name 'IApprovalWorkflowService' could not be found (are you missing a using directive or an assembly reference?) [C:\Users\Deven\Desktop\erp\nexora\backend\src\Nexora.Modules.HR\Nexora.Modules.HR.csproj]
C:\Users\Deven\Desktop\erp\nexora\backend\src\Nexora.Modules.HR\Controllers\TimesheetsController.cs(24,33): error CS0246: The type or namespace name 'NexoraDbContext' could not be found (are you missing a using directive or an assembly reference?) [C:\Users\Deven\Desktop\erp\nexora\backend\src\Nexora.Modules.HR\Nexora.Modules.HR.csproj]
C:\Users\Deven\Desktop\erp\nexora\backend\src\Nexora.Modules.HR\Controllers\LeaveTypesController.cs(21,6): error CS0246: The type or namespace name 'RequirePermissionAttribute' could not be found (are you missing a using directive or an assembly reference?) [C:\Users\Deven\Desktop\erp\nexora\backend\src\Nexora.Modules.HR\Nexora.Modules.HR.csproj]
C:\Users\Deven\Desktop\erp\nexora\backend\src\Nexora.Modules.HR\Controllers\LeaveTypesController.cs(21,6): error CS0246: The type or namespace name 'RequirePermission' could not be found (are you missing a using directive or an assembly reference?) [C:\Users\Deven\Desktop\erp\nexora\backend\src\Nexora.Modules.HR\Nexora.Modules.HR.csproj]
C:\Users\Deven\Desktop\erp\nexora\backend\src\Nexora.Modules.HR\Controllers\LeaveTypesController.cs(21,24): error CS0103: The name 'Permission' does not exist in the current context [C:\Users\Deven\Desktop\erp\nexora\backend\src\Nexora.Modules.HR\Nexora.Modules.HR.csproj]
C:\Users\Deven\Desktop\erp\nexora\backend\src\Nexora.Modules.HR\Controllers\LeaveRequestsController.cs(41,6): error CS0246: The type or namespace name 'RequirePermissionAttribute' could not be found (are you missing a using directive or an assembly reference?) [C:\Users\Deven\Desktop\erp\nexora\backend\src\Nexora.Modules.HR\Nexora.Modules.HR.csproj]
C:\Users\Deven\Desktop\erp\nexora\backend\src\Nexora.Modules.HR\Controllers\LeaveRequestsController.cs(41,6): error CS0246: The type or namespace name 'RequirePermission' could not be found (are you missing a using directive or an assembly reference?) [C:\Users\Deven\Desktop\erp\nexora\backend\src\Nexora.Modules.HR\Nexora.Modules.HR.csproj]
C:\Users\Deven\Desktop\erp\nexora\backend\src\Nexora.Modules.HR\Controllers\LeaveRequestsController.cs(41,24): error CS0103: The name 'Permission' does not exist in the current context [C:\Users\Deven\Desktop\erp\nexora\backend\src\Nexora.Modules.HR\Nexora.Modules.HR.csproj]
C:\Users\Deven\Desktop\erp\nexora\backend\src\Nexora.Modules.HR\Controllers\LeaveTypesController.cs(34,6): error CS0246: The type or namespace name 'RequirePermissionAttribute' could not be found (are you missing a using directive or an assembly reference?) [C:\Users\Deven\Desktop\erp\nexora\backend\src\Nexora.Modules.HR\Nexora.Modules.HR.csproj]
C:\Users\Deven\Desktop\erp\nexora\backend\src\Nexora.Modules.HR\Controllers\LeaveTypesController.cs(34,6): error CS0246: The type or namespace name 'RequirePermission' could not be found (are you missing a using directive or an assembly reference?) [C:\Users\Deven\Desktop\erp\nexora\backend\src\Nexora.Modules.HR\Nexora.Modules.HR.csproj]
C:\Users\Deven\Desktop\erp\nexora\backend\src\Nexora.Modules.HR\Controllers\LeaveTypesController.cs(34,24): error CS0103: The name 'Permission' does not exist in the current context [C:\Users\Deven\Desktop\erp\nexora\backend\src\Nexora.Modules.HR\Nexora.Modules.HR.csproj]
C:\Users\Deven\Desktop\erp\nexora\backend\src\Nexora.Modules.HR\Controllers\TimesheetsController.cs(32,6): error CS0246: The type or namespace name 'RequirePermissionAttribute' could not be found (are you missing a using directive or an assembly reference?) [C:\Users\Deven\Desktop\erp\nexora\backend\src\Nexora.Modules.HR\Nexora.Modules.HR.csproj]
C:\Users\Deven\Desktop\erp\nexora\backend\src\Nexora.Modules.HR\Controllers\TimesheetsController.cs(32,6): error CS0246: The type or namespace name 'RequirePermission' could not be found (are you missing a using directive or an assembly reference?) [C:\Users\Deven\Desktop\erp\nexora\backend\src\Nexora.Modules.HR\Nexora.Modules.HR.csproj]
C:\Users\Deven\Desktop\erp\nexora\backend\src\Nexora.Modules.HR\Controllers\TimesheetsController.cs(32,24): error CS0103: The name 'Permission' does not exist in the current context [C:\Users\Deven\Desktop\erp\nexora\backend\src\Nexora.Modules.HR\Nexora.Modules.HR.csproj]
C:\Users\Deven\Desktop\erp\nexora\backend\src\Nexora.Modules.HR\Controllers\LeaveTypesController.cs(60,6): error CS0246: The type or namespace name 'RequirePermissionAttribute' could not be found (are you missing a using directive or an assembly reference?) [C:\Users\Deven\Desktop\erp\nexora\backend\src\Nexora.Modules.HR\Nexora.Modules.HR.csproj]
C:\Users\Deven\Desktop\erp\nexora\backend\src\Nexora.Modules.HR\Controllers\LeaveTypesController.cs(60,6): error CS0246: The type or namespace name 'RequirePermission' could not be found (are you missing a using directive or an assembly reference?) [C:\Users\Deven\Desktop\erp\nexora\backend\src\Nexora.Modules.HR\Nexora.Modules.HR.csproj]
C:\Users\Deven\Desktop\erp\nexora\backend\src\Nexora.Modules.HR\Controllers\LeaveTypesController.cs(60,24): error CS0103: The name 'Permission' does not exist in the current context [C:\Users\Deven\Desktop\erp\nexora\backend\src\Nexora.Modules.HR\Nexora.Modules.HR.csproj]
C:\Users\Deven\Desktop\erp\nexora\backend\src\Nexora.Modules.HR\Controllers\LeaveRequestsController.cs(49,6): error CS0246: The type or namespace name 'RequirePermissionAttribute' could not be found (are you missing a using directive or an assembly reference?) [C:\Users\Deven\Desktop\erp\nexora\backend\src\Nexora.Modules.HR\Nexora.Modules.HR.csproj]
C:\Users\Deven\Desktop\erp\nexora\backend\src\Nexora.Modules.HR\Controllers\LeaveRequestsController.cs(49,6): error CS0246: The type or namespace name 'RequirePermission' could not be found (are you missing a using directive or an assembly reference?) [C:\Users\Deven\Desktop\erp\nexora\backend\src\Nexora.Modules.HR\Nexora.Modules.HR.csproj]
C:\Users\Deven\Desktop\erp\nexora\backend\src\Nexora.Modules.HR\Controllers\LeaveRequestsController.cs(49,24): error CS0103: The name 'Permission' does not exist in the current context [C:\Users\Deven\Desktop\erp\nexora\backend\src\Nexora.Modules.HR\Nexora.Modules.HR.csproj]
C:\Users\Deven\Desktop\erp\nexora\backend\src\Nexora.Modules.HR\Controllers\TimesheetsController.cs(43,6): error CS0246: The type or namespace name 'RequirePermissionAttribute' could not be found (are you missing a using directive or an assembly reference?) [C:\Users\Deven\Desktop\erp\nexora\backend\src\Nexora.Modules.HR\Nexora.Modules.HR.csproj]
C:\Users\Deven\Desktop\erp\nexora\backend\src\Nexora.Modules.HR\Controllers\TimesheetsController.cs(43,6): error CS0246: The type or namespace name 'RequirePermission' could not be found (are you missing a using directive or an assembly reference?) [C:\Users\Deven\Desktop\erp\nexora\backend\src\Nexora.Modules.HR\Nexora.Modules.HR.csproj]
C:\Users\Deven\Desktop\erp\nexora\backend\src\Nexora.Modules.HR\Controllers\TimesheetsController.cs(43,24): error CS0103: The name 'Permission' does not exist in the current context [C:\Users\Deven\Desktop\erp\nexora\backend\src\Nexora.Modules.HR\Nexora.Modules.HR.csproj]
C:\Users\Deven\Desktop\erp\nexora\backend\src\Nexora.Modules.HR\Controllers\LeaveRequestsController.cs(76,6): error CS0246: The type or namespace name 'RequirePermissionAttribute' could not be found (are you missing a using directive or an assembly reference?) [C:\Users\Deven\Desktop\erp\nexora\backend\src\Nexora.Modules.HR\Nexora.Modules.HR.csproj]
C:\Users\Deven\Desktop\erp\nexora\backend\src\Nexora.Modules.HR\Controllers\LeaveRequestsController.cs(76,6): error CS0246: The type or namespace name 'RequirePermission' could not be found (are you missing a using directive or an assembly reference?) [C:\Users\Deven\Desktop\erp\nexora\backend\src\Nexora.Modules.HR\Nexora.Modules.HR.csproj]
C:\Users\Deven\Desktop\erp\nexora\backend\src\Nexora.Modules.HR\Controllers\LeaveRequestsController.cs(76,24): error CS0103: The name 'Permission' does not exist in the current context [C:\Users\Deven\Desktop\erp\nexora\backend\src\Nexora.Modules.HR\Nexora.Modules.HR.csproj]
C:\Users\Deven\Desktop\erp\nexora\backend\src\Nexora.Modules.HR\Controllers\TimesheetsController.cs(58,6): error CS0246: The type or namespace name 'RequirePermissionAttribute' could not be found (are you missing a using directive or an assembly reference?) [C:\Users\Deven\Desktop\erp\nexora\backend\src\Nexora.Modules.HR\Nexora.Modules.HR.csproj]
C:\Users\Deven\Desktop\erp\nexora\backend\src\Nexora.Modules.HR\Controllers\TimesheetsController.cs(58,6): error CS0246: The type or namespace name 'RequirePermission' could not be found (are you missing a using directive or an assembly reference?) [C:\Users\Deven\Desktop\erp\nexora\backend\src\Nexora.Modules.HR\Nexora.Modules.HR.csproj]
C:\Users\Deven\Desktop\erp\nexora\backend\src\Nexora.Modules.HR\Controllers\TimesheetsController.cs(58,24): error CS0103: The name 'Permission' does not exist in the current context [C:\Users\Deven\Desktop\erp\nexora\backend\src\Nexora.Modules.HR\Nexora.Modules.HR.csproj]
C:\Users\Deven\Desktop\erp\nexora\backend\src\Nexora.Modules.HR\Controllers\TimesheetsController.cs(86,6): error CS0246: The type or namespace name 'RequirePermissionAttribute' could not be found (are you missing a using directive or an assembly reference?) [C:\Users\Deven\Desktop\erp\nexora\backend\src\Nexora.Modules.HR\Nexora.Modules.HR.csproj]
C:\Users\Deven\Desktop\erp\nexora\backend\src\Nexora.Modules.HR\Controllers\TimesheetsController.cs(86,6): error CS0246: The type or namespace name 'RequirePermission' could not be found (are you missing a using directive or an assembly reference?) [C:\Users\Deven\Desktop\erp\nexora\backend\src\Nexora.Modules.HR\Nexora.Modules.HR.csproj]
C:\Users\Deven\Desktop\erp\nexora\backend\src\Nexora.Modules.HR\Controllers\TimesheetsController.cs(86,24): error CS0103: The name 'Permission' does not exist in the current context [C:\Users\Deven\Desktop\erp\nexora\backend\src\Nexora.Modules.HR\Nexora.Modules.HR.csproj]
C:\Users\Deven\Desktop\erp\nexora\backend\src\Nexora.Modules.HR\Controllers\LeaveRequestsController.cs(87,6): error CS0246: The type or namespace name 'RequirePermissionAttribute' could not be found (are you missing a using directive or an assembly reference?) [C:\Users\Deven\Desktop\erp\nexora\backend\src\Nexora.Modules.HR\Nexora.Modules.HR.csproj]
C:\Users\Deven\Desktop\erp\nexora\backend\src\Nexora.Modules.HR\Controllers\LeaveRequestsController.cs(87,6): error CS0246: The type or namespace name 'RequirePermission' could not be found (are you missing a using directive or an assembly reference?) [C:\Users\Deven\Desktop\erp\nexora\backend\src\Nexora.Modules.HR\Nexora.Modules.HR.csproj]
C:\Users\Deven\Desktop\erp\nexora\backend\src\Nexora.Modules.HR\Controllers\LeaveRequestsController.cs(87,24): error CS0103: The name 'Permission' does not exist in the current context [C:\Users\Deven\Desktop\erp\nexora\backend\src\Nexora.Modules.HR\Nexora.Modules.HR.csproj]
C:\Users\Deven\Desktop\erp\nexora\backend\src\Nexora.Modules.HR\Controllers\LeaveRequestsController.cs(106,6): error CS0246: The type or namespace name 'RequirePermissionAttribute' could not be found (are you missing a using directive or an assembly reference?) [C:\Users\Deven\Desktop\erp\nexora\backend\src\Nexora.Modules.HR\Nexora.Modules.HR.csproj]
C:\Users\Deven\Desktop\erp\nexora\backend\src\Nexora.Modules.HR\Controllers\LeaveRequestsController.cs(106,6): error CS0246: The type or namespace name 'RequirePermission' could not be found (are you missing a using directive or an assembly reference?) [C:\Users\Deven\Desktop\erp\nexora\backend\src\Nexora.Modules.HR\Nexora.Modules.HR.csproj]
C:\Users\Deven\Desktop\erp\nexora\backend\src\Nexora.Modules.HR\Controllers\LeaveRequestsController.cs(106,24): error CS0103: The name 'Permission' does not exist in the current context [C:\Users\Deven\Desktop\erp\nexora\backend\src\Nexora.Modules.HR\Nexora.Modules.HR.csproj]
C:\Users\Deven\Desktop\erp\nexora\backend\src\Nexora.Modules.HR\Controllers\LeaveRequestsController.cs(125,6): error CS0246: The type or namespace name 'RequirePermissionAttribute' could not be found (are you missing a using directive or an assembly reference?) [C:\Users\Deven\Desktop\erp\nexora\backend\src\Nexora.Modules.HR\Nexora.Modules.HR.csproj]
C:\Users\Deven\Desktop\erp\nexora\backend\src\Nexora.Modules.HR\Controllers\LeaveRequestsController.cs(125,6): error CS0246: The type or namespace name 'RequirePermission' could not be found (are you missing a using directive or an assembly reference?) [C:\Users\Deven\Desktop\erp\nexora\backend\src\Nexora.Modules.HR\Nexora.Modules.HR.csproj]
C:\Users\Deven\Desktop\erp\nexora\backend\src\Nexora.Modules.HR\Controllers\LeaveRequestsController.cs(125,24): error CS0103: The name 'Permission' does not exist in the current context [C:\Users\Deven\Desktop\erp\nexora\backend\src\Nexora.Modules.HR\Nexora.Modules.HR.csproj]
C:\Users\Deven\Desktop\erp\nexora\backend\src\Nexora.Modules.HR\Controllers\LeaveRequestsController.cs(192,6): error CS0246: The type or namespace name 'RequirePermissionAttribute' could not be found (are you missing a using directive or an assembly reference?) [C:\Users\Deven\Desktop\erp\nexora\backend\src\Nexora.Modules.HR\Nexora.Modules.HR.csproj]
C:\Users\Deven\Desktop\erp\nexora\backend\src\Nexora.Modules.HR\Controllers\LeaveRequestsController.cs(192,6): error CS0246: The type or namespace name 'RequirePermission' could not be found (are you missing a using directive or an assembly reference?) [C:\Users\Deven\Desktop\erp\nexora\backend\src\Nexora.Modules.HR\Nexora.Modules.HR.csproj]
C:\Users\Deven\Desktop\erp\nexora\backend\src\Nexora.Modules.HR\Controllers\LeaveRequestsController.cs(192,24): error CS0103: The name 'Permission' does not exist in the current context [C:\Users\Deven\Desktop\erp\nexora\backend\src\Nexora.Modules.HR\Nexora.Modules.HR.csproj]
C:\Users\Deven\Desktop\erp\nexora\backend\src\Nexora.Modules.HR\Controllers\LeaveRequestsController.cs(265,6): error CS0246: The type or namespace name 'RequirePermissionAttribute' could not be found (are you missing a using directive or an assembly reference?) [C:\Users\Deven\Desktop\erp\nexora\backend\src\Nexora.Modules.HR\Nexora.Modules.HR.csproj]
C:\Users\Deven\Desktop\erp\nexora\backend\src\Nexora.Modules.HR\Controllers\LeaveRequestsController.cs(265,6): error CS0246: The type or namespace name 'RequirePermission' could not be found (are you missing a using directive or an assembly reference?) [C:\Users\Deven\Desktop\erp\nexora\backend\src\Nexora.Modules.HR\Nexora.Modules.HR.csproj]
C:\Users\Deven\Desktop\erp\nexora\backend\src\Nexora.Modules.HR\Controllers\LeaveRequestsController.cs(265,24): error CS0103: The name 'Permission' does not exist in the current context [C:\Users\Deven\Desktop\erp\nexora\backend\src\Nexora.Modules.HR\Nexora.Modules.HR.csproj]
C:\Users\Deven\Desktop\erp\nexora\backend\src\Nexora.Modules.HR\Controllers\EmployeesController.cs(103,6): error CS0246: The type or namespace name 'RequirePermissionAttribute' could not be found (are you missing a using directive or an assembly reference?) [C:\Users\Deven\Desktop\erp\nexora\backend\src\Nexora.Modules.HR\Nexora.Modules.HR.csproj]
C:\Users\Deven\Desktop\erp\nexora\backend\src\Nexora.Modules.HR\Controllers\EmployeesController.cs(103,6): error CS0246: The type or namespace name 'RequirePermission' could not be found (are you missing a using directive or an assembly reference?) [C:\Users\Deven\Desktop\erp\nexora\backend\src\Nexora.Modules.HR\Nexora.Modules.HR.csproj]
C:\Users\Deven\Desktop\erp\nexora\backend\src\Nexora.Modules.HR\Controllers\EmployeesController.cs(103,24): error CS0103: The name 'Permission' does not exist in the current context [C:\Users\Deven\Desktop\erp\nexora\backend\src\Nexora.Modules.HR\Nexora.Modules.HR.csproj]
C:\Users\Deven\Desktop\erp\nexora\backend\src\Nexora.Modules.HR\Controllers\JobTitlesController.cs(24,32): error CS0246: The type or namespace name 'NexoraDbContext' could not be found (are you missing a using directive or an assembly reference?) [C:\Users\Deven\Desktop\erp\nexora\backend\src\Nexora.Modules.HR\Nexora.Modules.HR.csproj]
C:\Users\Deven\Desktop\erp\nexora\backend\src\Nexora.Modules.HR\Controllers\JobTitlesController.cs(24,64): error CS0246: The type or namespace name 'AppUser' could not be found (are you missing a using directive or an assembly reference?) [C:\Users\Deven\Desktop\erp\nexora\backend\src\Nexora.Modules.HR\Nexora.Modules.HR.csproj]
C:\Users\Deven\Desktop\erp\nexora\backend\src\Nexora.Modules.HR\Controllers\EmployeesController.cs(133,6): error CS0246: The type or namespace name 'RequirePermissionAttribute' could not be found (are you missing a using directive or an assembly reference?) [C:\Users\Deven\Desktop\erp\nexora\backend\src\Nexora.Modules.HR\Nexora.Modules.HR.csproj]
C:\Users\Deven\Desktop\erp\nexora\backend\src\Nexora.Modules.HR\Controllers\EmployeesController.cs(133,6): error CS0246: The type or namespace name 'RequirePermission' could not be found (are you missing a using directive or an assembly reference?) [C:\Users\Deven\Desktop\erp\nexora\backend\src\Nexora.Modules.HR\Nexora.Modules.HR.csproj]
C:\Users\Deven\Desktop\erp\nexora\backend\src\Nexora.Modules.HR\Controllers\EmployeesController.cs(133,24): error CS0103: The name 'Permission' does not exist in the current context [C:\Users\Deven\Desktop\erp\nexora\backend\src\Nexora.Modules.HR\Nexora.Modules.HR.csproj]
C:\Users\Deven\Desktop\erp\nexora\backend\src\Nexora.Modules.HR\Controllers\EmployeesController.cs(160,6): error CS0246: The type or namespace name 'RequirePermissionAttribute' could not be found (are you missing a using directive or an assembly reference?) [C:\Users\Deven\Desktop\erp\nexora\backend\src\Nexora.Modules.HR\Nexora.Modules.HR.csproj]
C:\Users\Deven\Desktop\erp\nexora\backend\src\Nexora.Modules.HR\Controllers\JobTitlesController.cs(47,6): error CS0246: The type or namespace name 'RequirePermissionAttribute' could not be found (are you missing a using directive or an assembly reference?) [C:\Users\Deven\Desktop\erp\nexora\backend\src\Nexora.Modules.HR\Nexora.Modules.HR.csproj]
C:\Users\Deven\Desktop\erp\nexora\backend\src\Nexora.Modules.HR\Controllers\EmployeesController.cs(160,6): error CS0246: The type or namespace name 'RequirePermission' could not be found (are you missing a using directive or an assembly reference?) [C:\Users\Deven\Desktop\erp\nexora\backend\src\Nexora.Modules.HR\Nexora.Modules.HR.csproj]
C:\Users\Deven\Desktop\erp\nexora\backend\src\Nexora.Modules.HR\Controllers\JobTitlesController.cs(47,6): error CS0246: The type or namespace name 'RequirePermission' could not be found (are you missing a using directive or an assembly reference?) [C:\Users\Deven\Desktop\erp\nexora\backend\src\Nexora.Modules.HR\Nexora.Modules.HR.csproj]
C:\Users\Deven\Desktop\erp\nexora\backend\src\Nexora.Modules.HR\Controllers\EmployeesController.cs(160,24): error CS0103: The name 'Permission' does not exist in the current context [C:\Users\Deven\Desktop\erp\nexora\backend\src\Nexora.Modules.HR\Nexora.Modules.HR.csproj]
C:\Users\Deven\Desktop\erp\nexora\backend\src\Nexora.Modules.HR\Controllers\JobTitlesController.cs(47,24): error CS0103: The name 'Permission' does not exist in the current context [C:\Users\Deven\Desktop\erp\nexora\backend\src\Nexora.Modules.HR\Nexora.Modules.HR.csproj]
C:\Users\Deven\Desktop\erp\nexora\backend\src\Nexora.Modules.HR\Controllers\EmployeesController.cs(219,6): error CS0246: The type or namespace name 'RequirePermissionAttribute' could not be found (are you missing a using directive or an assembly reference?) [C:\Users\Deven\Desktop\erp\nexora\backend\src\Nexora.Modules.HR\Nexora.Modules.HR.csproj]
C:\Users\Deven\Desktop\erp\nexora\backend\src\Nexora.Modules.HR\Controllers\EmployeesController.cs(219,6): error CS0246: The type or namespace name 'RequirePermission' could not be found (are you missing a using directive or an assembly reference?) [C:\Users\Deven\Desktop\erp\nexora\backend\src\Nexora.Modules.HR\Nexora.Modules.HR.csproj]
C:\Users\Deven\Desktop\erp\nexora\backend\src\Nexora.Modules.HR\Controllers\EmployeesController.cs(219,24): error CS0103: The name 'Permission' does not exist in the current context [C:\Users\Deven\Desktop\erp\nexora\backend\src\Nexora.Modules.HR\Nexora.Modules.HR.csproj]
C:\Users\Deven\Desktop\erp\nexora\backend\src\Nexora.Modules.HR\Controllers\JobTitlesController.cs(59,6): error CS0246: The type or namespace name 'RequirePermissionAttribute' could not be found (are you missing a using directive or an assembly reference?) [C:\Users\Deven\Desktop\erp\nexora\backend\src\Nexora.Modules.HR\Nexora.Modules.HR.csproj]
C:\Users\Deven\Desktop\erp\nexora\backend\src\Nexora.Modules.HR\Controllers\JobTitlesController.cs(59,6): error CS0246: The type or namespace name 'RequirePermission' could not be found (are you missing a using directive or an assembly reference?) [C:\Users\Deven\Desktop\erp\nexora\backend\src\Nexora.Modules.HR\Nexora.Modules.HR.csproj]
C:\Users\Deven\Desktop\erp\nexora\backend\src\Nexora.Modules.HR\Controllers\JobTitlesController.cs(59,24): error CS0103: The name 'Permission' does not exist in the current context [C:\Users\Deven\Desktop\erp\nexora\backend\src\Nexora.Modules.HR\Nexora.Modules.HR.csproj]
C:\Users\Deven\Desktop\erp\nexora\backend\src\Nexora.Modules.HR\Controllers\JobTitlesController.cs(66,6): error CS0246: The type or namespace name 'RequirePermissionAttribute' could not be found (are you missing a using directive or an assembly reference?) [C:\Users\Deven\Desktop\erp\nexora\backend\src\Nexora.Modules.HR\Nexora.Modules.HR.csproj]
C:\Users\Deven\Desktop\erp\nexora\backend\src\Nexora.Modules.HR\Controllers\JobTitlesController.cs(66,6): error CS0246: The type or namespace name 'RequirePermission' could not be found (are you missing a using directive or an assembly reference?) [C:\Users\Deven\Desktop\erp\nexora\backend\src\Nexora.Modules.HR\Nexora.Modules.HR.csproj]
C:\Users\Deven\Desktop\erp\nexora\backend\src\Nexora.Modules.HR\Controllers\JobTitlesController.cs(66,24): error CS0103: The name 'Permission' does not exist in the current context [C:\Users\Deven\Desktop\erp\nexora\backend\src\Nexora.Modules.HR\Nexora.Modules.HR.csproj]
C:\Users\Deven\Desktop\erp\nexora\backend\src\Nexora.Modules.HR\Controllers\JobTitlesController.cs(103,6): error CS0246: The type or namespace name 'RequirePermissionAttribute' could not be found (are you missing a using directive or an assembly reference?) [C:\Users\Deven\Desktop\erp\nexora\backend\src\Nexora.Modules.HR\Nexora.Modules.HR.csproj]
C:\Users\Deven\Desktop\erp\nexora\backend\src\Nexora.Modules.HR\Controllers\JobTitlesController.cs(103,6): error CS0246: The type or namespace name 'RequirePermission' could not be found (are you missing a using directive or an assembly reference?) [C:\Users\Deven\Desktop\erp\nexora\backend\src\Nexora.Modules.HR\Nexora.Modules.HR.csproj]
C:\Users\Deven\Desktop\erp\nexora\backend\src\Nexora.Modules.HR\Controllers\JobTitlesController.cs(103,24): error CS0103: The name 'Permission' does not exist in the current context [C:\Users\Deven\Desktop\erp\nexora\backend\src\Nexora.Modules.HR\Nexora.Modules.HR.csproj]
C:\Users\Deven\Desktop\erp\nexora\backend\src\Nexora.Modules.HR\Controllers\JobTitlesController.cs(159,6): error CS0246: The type or namespace name 'RequirePermissionAttribute' could not be found (are you missing a using directive or an assembly reference?) [C:\Users\Deven\Desktop\erp\nexora\backend\src\Nexora.Modules.HR\Nexora.Modules.HR.csproj]
C:\Users\Deven\Desktop\erp\nexora\backend\src\Nexora.Modules.HR\Controllers\JobTitlesController.cs(159,6): error CS0246: The type or namespace name 'RequirePermission' could not be found (are you missing a using directive or an assembly reference?) [C:\Users\Deven\Desktop\erp\nexora\backend\src\Nexora.Modules.HR\Nexora.Modules.HR.csproj]
C:\Users\Deven\Desktop\erp\nexora\backend\src\Nexora.Modules.HR\Controllers\JobTitlesController.cs(159,24): error CS0103: The name 'Permission' does not exist in the current context [C:\Users\Deven\Desktop\erp\nexora\backend\src\Nexora.Modules.HR\Nexora.Modules.HR.csproj]
C:\Users\Deven\Desktop\erp\nexora\backend\src\Nexora.Modules.Notifications\Controllers\NotificationsController.cs(2,22): error CS0234: The type or namespace name 'Identity' does not exist in the namespace 'Nexora.Modules' (are you missing an assembly reference?) [C:\Users\Deven\Desktop\erp\nexora\backend\src\Nexora.Modules.Notifications\Nexora.Modules.Notifications.csproj]
C:\Users\Deven\Desktop\erp\nexora\backend\src\Nexora.Modules.Notifications\Controllers\NotificationsController.cs(3,22): error CS0234: The type or namespace name 'Payroll' does not exist in the namespace 'Nexora.Modules' (are you missing an assembly reference?) [C:\Users\Deven\Desktop\erp\nexora\backend\src\Nexora.Modules.Notifications\Nexora.Modules.Notifications.csproj]
C:\Users\Deven\Desktop\erp\nexora\backend\src\Nexora.Modules.Notifications\Controllers\NotificationsController.cs(4,22): error CS0234: The type or namespace name 'Projects' does not exist in the namespace 'Nexora.Modules' (are you missing an assembly reference?) [C:\Users\Deven\Desktop\erp\nexora\backend\src\Nexora.Modules.Notifications\Nexora.Modules.Notifications.csproj]
C:\Users\Deven\Desktop\erp\nexora\backend\src\Nexora.Modules.Notifications\Controllers\NotificationsController.cs(5,22): error CS0234: The type or namespace name 'Projects' does not exist in the namespace 'Nexora.Modules' (are you missing an assembly reference?) [C:\Users\Deven\Desktop\erp\nexora\backend\src\Nexora.Modules.Notifications\Nexora.Modules.Notifications.csproj]
C:\Users\Deven\Desktop\erp\nexora\backend\src\Nexora.Modules.Notifications\Controllers\NotificationsController.cs(6,22): error CS0234: The type or namespace name 'HR' does not exist in the namespace 'Nexora.Modules' (are you missing an assembly reference?) [C:\Users\Deven\Desktop\erp\nexora\backend\src\Nexora.Modules.Notifications\Nexora.Modules.Notifications.csproj]
C:\Users\Deven\Desktop\erp\nexora\backend\src\Nexora.Modules.Notifications\Controllers\NotificationsController.cs(7,14): error CS0234: The type or namespace name 'Shared' does not exist in the namespace 'Nexora' (are you missing an assembly reference?) [C:\Users\Deven\Desktop\erp\nexora\backend\src\Nexora.Modules.Notifications\Nexora.Modules.Notifications.csproj]
C:\Users\Deven\Desktop\erp\nexora\backend\src\Nexora.Modules.Notifications\Controllers\NotificationsController.cs(10,17): error CS0234: The type or namespace name 'EntityFrameworkCore' does not exist in the namespace 'Microsoft' (are you missing an assembly reference?) [C:\Users\Deven\Desktop\erp\nexora\backend\src\Nexora.Modules.Notifications\Nexora.Modules.Notifications.csproj]
C:\Users\Deven\Desktop\erp\nexora\backend\src\Nexora.Modules.Notifications\Controllers\NotificationsController.cs(29,22): error CS0246: The type or namespace name 'NexoraDbContext' could not be found (are you missing a using directive or an assembly reference?) [C:\Users\Deven\Desktop\erp\nexora\backend\src\Nexora.Modules.Notifications\Nexora.Modules.Notifications.csproj]
C:\Users\Deven\Desktop\erp\nexora\backend\src\Nexora.Modules.Notifications\Controllers\NotificationsController.cs(30,36): error CS0246: The type or namespace name 'NexoraDbContext' could not be found (are you missing a using directive or an assembly reference?) [C:\Users\Deven\Desktop\erp\nexora\backend\src\Nexora.Modules.Notifications\Nexora.Modules.Notifications.csproj]
C:\Users\Deven\Desktop\erp\nexora\backend\src\Nexora.Modules.Identity\Controllers\RolesController.cs(2,14): error CS0234: The type or namespace name 'Shared' does not exist in the namespace 'Nexora' (are you missing an assembly reference?) [C:\Users\Deven\Desktop\erp\nexora\backend\src\Nexora.Modules.Identity\Nexora.Modules.Identity.csproj]
C:\Users\Deven\Desktop\erp\nexora\backend\src\Nexora.Modules.Identity\Controllers\RolesController.cs(4,14): error CS0234: The type or namespace name 'Shared' does not exist in the namespace 'Nexora' (are you missing an assembly reference?) [C:\Users\Deven\Desktop\erp\nexora\backend\src\Nexora.Modules.Identity\Nexora.Modules.Identity.csproj]
C:\Users\Deven\Desktop\erp\nexora\backend\src\Nexora.Modules.Identity\Controllers\RolesController.cs(6,14): error CS0234: The type or namespace name 'Shared' does not exist in the namespace 'Nexora' (are you missing an assembly reference?) [C:\Users\Deven\Desktop\erp\nexora\backend\src\Nexora.Modules.Identity\Nexora.Modules.Identity.csproj]
C:\Users\Deven\Desktop\erp\nexora\backend\src\Nexora.Modules.Identity\Controllers\RolesController.cs(9,17): error CS0234: The type or namespace name 'EntityFrameworkCore' does not exist in the namespace 'Microsoft' (are you missing an assembly reference?) [C:\Users\Deven\Desktop\erp\nexora\backend\src\Nexora.Modules.Identity\Nexora.Modules.Identity.csproj]
C:\Users\Deven\Desktop\erp\nexora\backend\src\Nexora.Modules.Identity\Controllers\UsersController.cs(2,14): error CS0234: The type or namespace name 'Shared' does not exist in the namespace 'Nexora' (are you missing an assembly reference?) [C:\Users\Deven\Desktop\erp\nexora\backend\src\Nexora.Modules.Identity\Nexora.Modules.Identity.csproj]
C:\Users\Deven\Desktop\erp\nexora\backend\src\Nexora.Modules.Identity\Controllers\UsersController.cs(5,22): error CS0234: The type or namespace name 'HR' does not exist in the namespace 'Nexora.Modules' (are you missing an assembly reference?) [C:\Users\Deven\Desktop\erp\nexora\backend\src\Nexora.Modules.Identity\Nexora.Modules.Identity.csproj]
C:\Users\Deven\Desktop\erp\nexora\backend\src\Nexora.Modules.Identity\Controllers\UsersController.cs(7,14): error CS0234: The type or namespace name 'Shared' does not exist in the namespace 'Nexora' (are you missing an assembly reference?) [C:\Users\Deven\Desktop\erp\nexora\backend\src\Nexora.Modules.Identity\Nexora.Modules.Identity.csproj]
C:\Users\Deven\Desktop\erp\nexora\backend\src\Nexora.Modules.Identity\Controllers\UsersController.cs(11,17): error CS0234: The type or namespace name 'EntityFrameworkCore' does not exist in the namespace 'Microsoft' (are you missing an assembly reference?) [C:\Users\Deven\Desktop\erp\nexora\backend\src\Nexora.Modules.Identity\Nexora.Modules.Identity.csproj]
C:\Users\Deven\Desktop\erp\nexora\backend\src\Nexora.Modules.Identity\Entities\PermissionScope.cs(1,14): error CS0234: The type or namespace name 'Shared' does not exist in the namespace 'Nexora' (are you missing an assembly reference?) [C:\Users\Deven\Desktop\erp\nexora\backend\src\Nexora.Modules.Identity\Nexora.Modules.Identity.csproj]
C:\Users\Deven\Desktop\erp\nexora\backend\src\Nexora.Modules.Identity\Entities\RoleFieldPermission.cs(1,14): error CS0234: The type or namespace name 'Shared' does not exist in the namespace 'Nexora' (are you missing an assembly reference?) [C:\Users\Deven\Desktop\erp\nexora\backend\src\Nexora.Modules.Identity\Nexora.Modules.Identity.csproj]
C:\Users\Deven\Desktop\erp\nexora\backend\src\Nexora.Modules.Identity\Entities\RolePermission.cs(1,14): error CS0234: The type or namespace name 'Shared' does not exist in the namespace 'Nexora' (are you missing an assembly reference?) [C:\Users\Deven\Desktop\erp\nexora\backend\src\Nexora.Modules.Identity\Nexora.Modules.Identity.csproj]
C:\Users\Deven\Desktop\erp\nexora\backend\src\Nexora.Modules.Identity\Seed\DefaultDataScopeSync.cs(2,14): error CS0234: The type or namespace name 'Shared' does not exist in the namespace 'Nexora' (are you missing an assembly reference?) [C:\Users\Deven\Desktop\erp\nexora\backend\src\Nexora.Modules.Identity\Nexora.Modules.Identity.csproj]
C:\Users\Deven\Desktop\erp\nexora\backend\src\Nexora.Modules.Identity\Seed\DefaultDataScopeSync.cs(3,17): error CS0234: The type or namespace name 'EntityFrameworkCore' does not exist in the namespace 'Microsoft' (are you missing an assembly reference?) [C:\Users\Deven\Desktop\erp\nexora\backend\src\Nexora.Modules.Identity\Nexora.Modules.Identity.csproj]
C:\Users\Deven\Desktop\erp\nexora\backend\src\Nexora.Modules.Identity\Seed\RolePermissionSync.cs(2,14): error CS0234: The type or namespace name 'Shared' does not exist in the namespace 'Nexora' (are you missing an assembly reference?) [C:\Users\Deven\Desktop\erp\nexora\backend\src\Nexora.Modules.Identity\Nexora.Modules.Identity.csproj]
C:\Users\Deven\Desktop\erp\nexora\backend\src\Nexora.Modules.Identity\Seed\RolePermissionSync.cs(3,17): error CS0234: The type or namespace name 'EntityFrameworkCore' does not exist in the namespace 'Microsoft' (are you missing an assembly reference?) [C:\Users\Deven\Desktop\erp\nexora\backend\src\Nexora.Modules.Identity\Nexora.Modules.Identity.csproj]
C:\Users\Deven\Desktop\erp\nexora\backend\src\Nexora.Modules.Identity\Services\AssignableRoleResolver.cs(2,14): error CS0234: The type or namespace name 'Shared' does not exist in the namespace 'Nexora' (are you missing an assembly reference?) [C:\Users\Deven\Desktop\erp\nexora\backend\src\Nexora.Modules.Identity\Nexora.Modules.Identity.csproj]
C:\Users\Deven\Desktop\erp\nexora\backend\src\Nexora.Modules.Identity\Services\AssignableRoleResolver.cs(3,17): error CS0234: The type or namespace name 'EntityFrameworkCore' does not exist in the namespace 'Microsoft' (are you missing an assembly reference?) [C:\Users\Deven\Desktop\erp\nexora\backend\src\Nexora.Modules.Identity\Nexora.Modules.Identity.csproj]
C:\Users\Deven\Desktop\erp\nexora\backend\src\Nexora.Modules.Identity\Services\EffectiveRoleResolver.cs(2,14): error CS0234: The type or namespace name 'Shared' does not exist in the namespace 'Nexora' (are you missing an assembly reference?) [C:\Users\Deven\Desktop\erp\nexora\backend\src\Nexora.Modules.Identity\Nexora.Modules.Identity.csproj]
C:\Users\Deven\Desktop\erp\nexora\backend\src\Nexora.Modules.Identity\Services\EffectiveRoleResolver.cs(4,17): error CS0234: The type or namespace name 'EntityFrameworkCore' does not exist in the namespace 'Microsoft' (are you missing an assembly reference?) [C:\Users\Deven\Desktop\erp\nexora\backend\src\Nexora.Modules.Identity\Nexora.Modules.Identity.csproj]
C:\Users\Deven\Desktop\erp\nexora\backend\src\Nexora.Modules.Identity\Services\TenantRoleStore.cs(2,14): error CS0234: The type or namespace name 'Shared' does not exist in the namespace 'Nexora' (are you missing an assembly reference?) [C:\Users\Deven\Desktop\erp\nexora\backend\src\Nexora.Modules.Identity\Nexora.Modules.Identity.csproj]
C:\Users\Deven\Desktop\erp\nexora\backend\src\Nexora.Modules.Identity\Services\TenantRoleStore.cs(4,17): error CS0234: The type or namespace name 'EntityFrameworkCore' does not exist in the namespace 'Microsoft' (are you missing an assembly reference?) [C:\Users\Deven\Desktop\erp\nexora\backend\src\Nexora.Modules.Identity\Nexora.Modules.Identity.csproj]
C:\Users\Deven\Desktop\erp\nexora\backend\src\Nexora.Modules.Identity\Controllers\RolesController.cs(23,22): error CS0246: The type or namespace name 'NexoraDbContext' could not be found (are you missing a using directive or an assembly reference?) [C:\Users\Deven\Desktop\erp\nexora\backend\src\Nexora.Modules.Identity\Nexora.Modules.Identity.csproj]
C:\Users\Deven\Desktop\erp\nexora\backend\src\Nexora.Modules.Identity\Controllers\RolesController.cs(24,28): error CS0246: The type or namespace name 'NexoraDbContext' could not be found (are you missing a using directive or an assembly reference?) [C:\Users\Deven\Desktop\erp\nexora\backend\src\Nexora.Modules.Identity\Nexora.Modules.Identity.csproj]
C:\Users\Deven\Desktop\erp\nexora\backend\src\Nexora.Modules.Identity\Contracts\UserContracts.cs(10,10): error CS0246: The type or namespace name 'LeaveAllotmentInput' could not be found (are you missing a using directive or an assembly reference?) [C:\Users\Deven\Desktop\erp\nexora\backend\src\Nexora.Modules.Identity\Nexora.Modules.Identity.csproj]
C:\Users\Deven\Desktop\erp\nexora\backend\src\Nexora.Modules.Identity\Controllers\RolesController.cs(32,6): error CS0246: The type or namespace name 'RequirePermissionAttribute' could not be found (are you missing a using directive or an assembly reference?) [C:\Users\Deven\Desktop\erp\nexora\backend\src\Nexora.Modules.Identity\Nexora.Modules.Identity.csproj]
C:\Users\Deven\Desktop\erp\nexora\backend\src\Nexora.Modules.Identity\Controllers\RolesController.cs(32,6): error CS0246: The type or namespace name 'RequirePermission' could not be found (are you missing a using directive or an assembly reference?) [C:\Users\Deven\Desktop\erp\nexora\backend\src\Nexora.Modules.Identity\Nexora.Modules.Identity.csproj]
C:\Users\Deven\Desktop\erp\nexora\backend\src\Nexora.Modules.Identity\Controllers\RolesController.cs(37,6): error CS0246: The type or namespace name 'RequirePermissionAttribute' could not be found (are you missing a using directive or an assembly reference?) [C:\Users\Deven\Desktop\erp\nexora\backend\src\Nexora.Modules.Identity\Nexora.Modules.Identity.csproj]
C:\Users\Deven\Desktop\erp\nexora\backend\src\Nexora.Modules.Identity\Controllers\RolesController.cs(37,6): error CS0246: The type or namespace name 'RequirePermission' could not be found (are you missing a using directive or an assembly reference?) [C:\Users\Deven\Desktop\erp\nexora\backend\src\Nexora.Modules.Identity\Nexora.Modules.Identity.csproj]
C:\Users\Deven\Desktop\erp\nexora\backend\src\Nexora.Modules.Identity\Controllers\UsersController.cs(26,22): error CS0246: The type or namespace name 'NexoraDbContext' could not be found (are you missing a using directive or an assembly reference?) [C:\Users\Deven\Desktop\erp\nexora\backend\src\Nexora.Modules.Identity\Nexora.Modules.Identity.csproj]
C:\Users\Deven\Desktop\erp\nexora\backend\src\Nexora.Modules.Identity\Controllers\UsersController.cs(29,28): error CS0246: The type or namespace name 'NexoraDbContext' could not be found (are you missing a using directive or an assembly reference?) [C:\Users\Deven\Desktop\erp\nexora\backend\src\Nexora.Modules.Identity\Nexora.Modules.Identity.csproj]
C:\Users\Deven\Desktop\erp\nexora\backend\src\Nexora.Modules.Identity\Services\AssignableRoleResolver.cs(13,53): error CS0246: The type or namespace name 'NexoraDbContext' could not be found (are you missing a using directive or an assembly reference?) [C:\Users\Deven\Desktop\erp\nexora\backend\src\Nexora.Modules.Identity\Nexora.Modules.Identity.csproj]
C:\Users\Deven\Desktop\erp\nexora\backend\src\Nexora.Modules.Identity\Services\AssignableRoleResolver.cs(35,66): error CS0246: The type or namespace name 'NexoraDbContext' could not be found (are you missing a using directive or an assembly reference?) [C:\Users\Deven\Desktop\erp\nexora\backend\src\Nexora.Modules.Identity\Nexora.Modules.Identity.csproj]
C:\Users\Deven\Desktop\erp\nexora\backend\src\Nexora.Modules.Identity\Services\EffectiveRoleResolver.cs(18,52): error CS0246: The type or namespace name 'NexoraDbContext' could not be found (are you missing a using directive or an assembly reference?) [C:\Users\Deven\Desktop\erp\nexora\backend\src\Nexora.Modules.Identity\Nexora.Modules.Identity.csproj]
C:\Users\Deven\Desktop\erp\nexora\backend\src\Nexora.Modules.Identity\Controllers\UsersController.cs(49,6): error CS0246: The type or namespace name 'RequirePermissionAttribute' could not be found (are you missing a using directive or an assembly reference?) [C:\Users\Deven\Desktop\erp\nexora\backend\src\Nexora.Modules.Identity\Nexora.Modules.Identity.csproj]
C:\Users\Deven\Desktop\erp\nexora\backend\src\Nexora.Modules.Identity\Controllers\UsersController.cs(49,6): error CS0246: The type or namespace name 'RequirePermission' could not be found (are you missing a using directive or an assembly reference?) [C:\Users\Deven\Desktop\erp\nexora\backend\src\Nexora.Modules.Identity\Nexora.Modules.Identity.csproj]
C:\Users\Deven\Desktop\erp\nexora\backend\src\Nexora.Modules.Identity\Entities\PermissionScope.cs(10,32): error CS0246: The type or namespace name 'TenantEntity' could not be found (are you missing a using directive or an assembly reference?) [C:\Users\Deven\Desktop\erp\nexora\backend\src\Nexora.Modules.Identity\Nexora.Modules.Identity.csproj]
C:\Users\Deven\Desktop\erp\nexora\backend\src\Nexora.Modules.Identity\Services\TenantRoleStore.cs(17,55): error CS0246: The type or namespace name 'NexoraDbContext' could not be found (are you missing a using directive or an assembly reference?) [C:\Users\Deven\Desktop\erp\nexora\backend\src\Nexora.Modules.Identity\Nexora.Modules.Identity.csproj]
C:\Users\Deven\Desktop\erp\nexora\backend\src\Nexora.Modules.Identity\Services\TenantRoleStore.cs(30,46): error CS0246: The type or namespace name 'NexoraDbContext' could not be found (are you missing a using directive or an assembly reference?) [C:\Users\Deven\Desktop\erp\nexora\backend\src\Nexora.Modules.Identity\Nexora.Modules.Identity.csproj]
C:\Users\Deven\Desktop\erp\nexora\backend\src\Nexora.Modules.Identity\Entities\PermissionScope.cs(19,38): error CS0246: The type or namespace name 'TenantEntity' could not be found (are you missing a using directive or an assembly reference?) [C:\Users\Deven\Desktop\erp\nexora\backend\src\Nexora.Modules.Identity\Nexora.Modules.Identity.csproj]
C:\Users\Deven\Desktop\erp\nexora\backend\src\Nexora.Modules.Identity\Controllers\UsersController.cs(84,6): error CS0246: The type or namespace name 'RequirePermissionAttribute' could not be found (are you missing a using directive or an assembly reference?) [C:\Users\Deven\Desktop\erp\nexora\backend\src\Nexora.Modules.Identity\Nexora.Modules.Identity.csproj]
C:\Users\Deven\Desktop\erp\nexora\backend\src\Nexora.Modules.Identity\Controllers\UsersController.cs(84,6): error CS0246: The type or namespace name 'RequirePermission' could not be found (are you missing a using directive or an assembly reference?) [C:\Users\Deven\Desktop\erp\nexora\backend\src\Nexora.Modules.Identity\Nexora.Modules.Identity.csproj]
C:\Users\Deven\Desktop\erp\nexora\backend\src\Nexora.Modules.Identity\Entities\RoleFieldPermission.cs(9,36): error CS0246: The type or namespace name 'TenantEntity' could not be found (are you missing a using directive or an assembly reference?) [C:\Users\Deven\Desktop\erp\nexora\backend\src\Nexora.Modules.Identity\Nexora.Modules.Identity.csproj]
C:\Users\Deven\Desktop\erp\nexora\backend\src\Nexora.Modules.Identity\Entities\RolePermission.cs(6,31): error CS0246: The type or namespace name 'TenantEntity' could not be found (are you missing a using directive or an assembly reference?) [C:\Users\Deven\Desktop\erp\nexora\backend\src\Nexora.Modules.Identity\Nexora.Modules.Identity.csproj]
C:\Users\Deven\Desktop\erp\nexora\backend\src\Nexora.Modules.Identity\Controllers\UsersController.cs(127,6): error CS0246: The type or namespace name 'RequirePermissionAttribute' could not be found (are you missing a using directive or an assembly reference?) [C:\Users\Deven\Desktop\erp\nexora\backend\src\Nexora.Modules.Identity\Nexora.Modules.Identity.csproj]
C:\Users\Deven\Desktop\erp\nexora\backend\src\Nexora.Modules.Identity\Controllers\UsersController.cs(127,6): error CS0246: The type or namespace name 'RequirePermission' could not be found (are you missing a using directive or an assembly reference?) [C:\Users\Deven\Desktop\erp\nexora\backend\src\Nexora.Modules.Identity\Nexora.Modules.Identity.csproj]
C:\Users\Deven\Desktop\erp\nexora\backend\src\Nexora.Modules.Identity\Controllers\UsersController.cs(136,6): error CS0246: The type or namespace name 'RequirePermissionAttribute' could not be found (are you missing a using directive or an assembly reference?) [C:\Users\Deven\Desktop\erp\nexora\backend\src\Nexora.Modules.Identity\Nexora.Modules.Identity.csproj]
C:\Users\Deven\Desktop\erp\nexora\backend\src\Nexora.Modules.Identity\Controllers\UsersController.cs(136,6): error CS0246: The type or namespace name 'RequirePermission' could not be found (are you missing a using directive or an assembly reference?) [C:\Users\Deven\Desktop\erp\nexora\backend\src\Nexora.Modules.Identity\Nexora.Modules.Identity.csproj]
C:\Users\Deven\Desktop\erp\nexora\backend\src\Nexora.Modules.Identity\Controllers\UsersController.cs(243,6): error CS0246: The type or namespace name 'RequirePermissionAttribute' could not be found (are you missing a using directive or an assembly reference?) [C:\Users\Deven\Desktop\erp\nexora\backend\src\Nexora.Modules.Identity\Nexora.Modules.Identity.csproj]
C:\Users\Deven\Desktop\erp\nexora\backend\src\Nexora.Modules.Identity\Controllers\UsersController.cs(243,6): error CS0246: The type or namespace name 'RequirePermission' could not be found (are you missing a using directive or an assembly reference?) [C:\Users\Deven\Desktop\erp\nexora\backend\src\Nexora.Modules.Identity\Nexora.Modules.Identity.csproj]
C:\Users\Deven\Desktop\erp\nexora\backend\src\Nexora.Modules.Identity\Controllers\RolesController.cs(60,6): error CS0246: The type or namespace name 'RequirePermissionAttribute' could not be found (are you missing a using directive or an assembly reference?) [C:\Users\Deven\Desktop\erp\nexora\backend\src\Nexora.Modules.Identity\Nexora.Modules.Identity.csproj]
C:\Users\Deven\Desktop\erp\nexora\backend\src\Nexora.Modules.Identity\Controllers\RolesController.cs(60,6): error CS0246: The type or namespace name 'RequirePermission' could not be found (are you missing a using directive or an assembly reference?) [C:\Users\Deven\Desktop\erp\nexora\backend\src\Nexora.Modules.Identity\Nexora.Modules.Identity.csproj]
C:\Users\Deven\Desktop\erp\nexora\backend\src\Nexora.Modules.Identity\Controllers\RolesController.cs(96,6): error CS0246: The type or namespace name 'RequirePermissionAttribute' could not be found (are you missing a using directive or an assembly reference?) [C:\Users\Deven\Desktop\erp\nexora\backend\src\Nexora.Modules.Identity\Nexora.Modules.Identity.csproj]
C:\Users\Deven\Desktop\erp\nexora\backend\src\Nexora.Modules.Identity\Controllers\RolesController.cs(96,6): error CS0246: The type or namespace name 'RequirePermission' could not be found (are you missing a using directive or an assembly reference?) [C:\Users\Deven\Desktop\erp\nexora\backend\src\Nexora.Modules.Identity\Nexora.Modules.Identity.csproj]
C:\Users\Deven\Desktop\erp\nexora\backend\src\Nexora.Modules.Identity\Controllers\RolesController.cs(132,6): error CS0246: The type or namespace name 'RequirePermissionAttribute' could not be found (are you missing a using directive or an assembly reference?) [C:\Users\Deven\Desktop\erp\nexora\backend\src\Nexora.Modules.Identity\Nexora.Modules.Identity.csproj]
C:\Users\Deven\Desktop\erp\nexora\backend\src\Nexora.Modules.Identity\Controllers\RolesController.cs(132,6): error CS0246: The type or namespace name 'RequirePermission' could not be found (are you missing a using directive or an assembly reference?) [C:\Users\Deven\Desktop\erp\nexora\backend\src\Nexora.Modules.Identity\Nexora.Modules.Identity.csproj]
C:\Users\Deven\Desktop\erp\nexora\backend\src\Nexora.Modules.Identity\Controllers\RolesController.cs(165,6): error CS0246: The type or namespace name 'RequirePermissionAttribute' could not be found (are you missing a using directive or an assembly reference?) [C:\Users\Deven\Desktop\erp\nexora\backend\src\Nexora.Modules.Identity\Nexora.Modules.Identity.csproj]
C:\Users\Deven\Desktop\erp\nexora\backend\src\Nexora.Modules.Identity\Controllers\RolesController.cs(165,6): error CS0246: The type or namespace name 'RequirePermission' could not be found (are you missing a using directive or an assembly reference?) [C:\Users\Deven\Desktop\erp\nexora\backend\src\Nexora.Modules.Identity\Nexora.Modules.Identity.csproj]
C:\Users\Deven\Desktop\erp\nexora\backend\src\Nexora.Modules.Identity\Controllers\RolesController.cs(172,6): error CS0246: The type or namespace name 'RequirePermissionAttribute' could not be found (are you missing a using directive or an assembly reference?) [C:\Users\Deven\Desktop\erp\nexora\backend\src\Nexora.Modules.Identity\Nexora.Modules.Identity.csproj]
C:\Users\Deven\Desktop\erp\nexora\backend\src\Nexora.Modules.Identity\Controllers\RolesController.cs(172,6): error CS0246: The type or namespace name 'RequirePermission' could not be found (are you missing a using directive or an assembly reference?) [C:\Users\Deven\Desktop\erp\nexora\backend\src\Nexora.Modules.Identity\Nexora.Modules.Identity.csproj]
C:\Users\Deven\Desktop\erp\nexora\backend\src\Nexora.Modules.Identity\Controllers\RolesController.cs(193,6): error CS0246: The type or namespace name 'RequirePermissionAttribute' could not be found (are you missing a using directive or an assembly reference?) [C:\Users\Deven\Desktop\erp\nexora\backend\src\Nexora.Modules.Identity\Nexora.Modules.Identity.csproj]
C:\Users\Deven\Desktop\erp\nexora\backend\src\Nexora.Modules.Identity\Controllers\RolesController.cs(193,6): error CS0246: The type or namespace name 'RequirePermission' could not be found (are you missing a using directive or an assembly reference?) [C:\Users\Deven\Desktop\erp\nexora\backend\src\Nexora.Modules.Identity\Nexora.Modules.Identity.csproj]
C:\Users\Deven\Desktop\erp\nexora\backend\src\Nexora.Modules.Identity\Controllers\RolesController.cs(247,6): error CS0246: The type or namespace name 'RequirePermissionAttribute' could not be found (are you missing a using directive or an assembly reference?) [C:\Users\Deven\Desktop\erp\nexora\backend\src\Nexora.Modules.Identity\Nexora.Modules.Identity.csproj]
C:\Users\Deven\Desktop\erp\nexora\backend\src\Nexora.Modules.Identity\Controllers\RolesController.cs(247,6): error CS0246: The type or namespace name 'RequirePermission' could not be found (are you missing a using directive or an assembly reference?) [C:\Users\Deven\Desktop\erp\nexora\backend\src\Nexora.Modules.Identity\Nexora.Modules.Identity.csproj]
C:\Users\Deven\Desktop\erp\nexora\backend\src\Nexora.Modules.Identity\Controllers\RolesController.cs(254,6): error CS0246: The type or namespace name 'RequirePermissionAttribute' could not be found (are you missing a using directive or an assembly reference?) [C:\Users\Deven\Desktop\erp\nexora\backend\src\Nexora.Modules.Identity\Nexora.Modules.Identity.csproj]
C:\Users\Deven\Desktop\erp\nexora\backend\src\Nexora.Modules.Identity\Controllers\RolesController.cs(254,6): error CS0246: The type or namespace name 'RequirePermission' could not be found (are you missing a using directive or an assembly reference?) [C:\Users\Deven\Desktop\erp\nexora\backend\src\Nexora.Modules.Identity\Nexora.Modules.Identity.csproj]
C:\Users\Deven\Desktop\erp\nexora\backend\src\Nexora.Modules.Identity\Controllers\RolesController.cs(267,6): error CS0246: The type or namespace name 'RequirePermissionAttribute' could not be found (are you missing a using directive or an assembly reference?) [C:\Users\Deven\Desktop\erp\nexora\backend\src\Nexora.Modules.Identity\Nexora.Modules.Identity.csproj]
C:\Users\Deven\Desktop\erp\nexora\backend\src\Nexora.Modules.Identity\Controllers\RolesController.cs(267,6): error CS0246: The type or namespace name 'RequirePermission' could not be found (are you missing a using directive or an assembly reference?) [C:\Users\Deven\Desktop\erp\nexora\backend\src\Nexora.Modules.Identity\Nexora.Modules.Identity.csproj]
C:\Users\Deven\Desktop\erp\nexora\backend\src\Nexora.Modules.Platform\Controllers\PlatformBillingController.cs(1,14): error CS0234: The type or namespace name 'Shared' does not exist in the namespace 'Nexora' (are you missing an assembly reference?) [C:\Users\Deven\Desktop\erp\nexora\backend\src\Nexora.Modules.Platform\Nexora.Modules.Platform.csproj]
C:\Users\Deven\Desktop\erp\nexora\backend\src\Nexora.Modules.Platform\Controllers\PlatformBillingController.cs(3,22): error CS0234: The type or namespace name 'Identity' does not exist in the namespace 'Nexora.Modules' (are you missing an assembly reference?) [C:\Users\Deven\Desktop\erp\nexora\backend\src\Nexora.Modules.Platform\Nexora.Modules.Platform.csproj]
C:\Users\Deven\Desktop\erp\nexora\backend\src\Nexora.Modules.Platform\Controllers\PlatformController.cs(2,14): error CS0234: The type or namespace name 'Shared' does not exist in the namespace 'Nexora' (are you missing an assembly reference?) [C:\Users\Deven\Desktop\erp\nexora\backend\src\Nexora.Modules.Platform\Nexora.Modules.Platform.csproj]
C:\Users\Deven\Desktop\erp\nexora\backend\src\Nexora.Modules.Platform\Controllers\PlatformController.cs(4,22): error CS0234: The type or namespace name 'Identity' does not exist in the namespace 'Nexora.Modules' (are you missing an assembly reference?) [C:\Users\Deven\Desktop\erp\nexora\backend\src\Nexora.Modules.Platform\Nexora.Modules.Platform.csproj]
C:\Users\Deven\Desktop\erp\nexora\backend\src\Nexora.Modules.Platform\Controllers\PlatformController.cs(5,22): error CS0234: The type or namespace name 'HR' does not exist in the namespace 'Nexora.Modules' (are you missing an assembly reference?) [C:\Users\Deven\Desktop\erp\nexora\backend\src\Nexora.Modules.Platform\Nexora.Modules.Platform.csproj]
C:\Users\Deven\Desktop\erp\nexora\backend\src\Nexora.Modules.Platform\Controllers\PlatformController.cs(6,14): error CS0234: The type or namespace name 'Shared' does not exist in the namespace 'Nexora' (are you missing an assembly reference?) [C:\Users\Deven\Desktop\erp\nexora\backend\src\Nexora.Modules.Platform\Nexora.Modules.Platform.csproj]
C:\Users\Deven\Desktop\erp\nexora\backend\src\Nexora.Modules.Platform\Controllers\PlatformController.cs(7,22): error CS0234: The type or namespace name 'Identity' does not exist in the namespace 'Nexora.Modules' (are you missing an assembly reference?) [C:\Users\Deven\Desktop\erp\nexora\backend\src\Nexora.Modules.Platform\Nexora.Modules.Platform.csproj]
C:\Users\Deven\Desktop\erp\nexora\backend\src\Nexora.Modules.Platform\Controllers\PlatformController.cs(8,14): error CS0234: The type or namespace name 'Shared' does not exist in the namespace 'Nexora' (are you missing an assembly reference?) [C:\Users\Deven\Desktop\erp\nexora\backend\src\Nexora.Modules.Platform\Nexora.Modules.Platform.csproj]
C:\Users\Deven\Desktop\erp\nexora\backend\src\Nexora.Modules.Platform\Controllers\PlatformController.cs(12,17): error CS0234: The type or namespace name 'EntityFrameworkCore' does not exist in the namespace 'Microsoft' (are you missing an assembly reference?) [C:\Users\Deven\Desktop\erp\nexora\backend\src\Nexora.Modules.Platform\Nexora.Modules.Platform.csproj]
C:\Users\Deven\Desktop\erp\nexora\backend\src\Nexora.Modules.Platform\Contracts\PlatformContracts.cs(9,41): error CS0246: The type or namespace name 'Erp' could not be found (are you missing a using directive or an assembly reference?) [C:\Users\Deven\Desktop\erp\nexora\backend\src\Nexora.Modules.Platform\Nexora.Modules.Platform.csproj]
C:\Users\Deven\Desktop\erp\nexora\backend\src\Nexora.Modules.Platform\Controllers\PlatformBillingController.cs(22,6): error CS0246: The type or namespace name 'RequirePermissionAttribute' could not be found (are you missing a using directive or an assembly reference?) [C:\Users\Deven\Desktop\erp\nexora\backend\src\Nexora.Modules.Platform\Nexora.Modules.Platform.csproj]
C:\Users\Deven\Desktop\erp\nexora\backend\src\Nexora.Modules.Platform\Controllers\PlatformBillingController.cs(22,6): error CS0246: The type or namespace name 'RequirePermission' could not be found (are you missing a using directive or an assembly reference?) [C:\Users\Deven\Desktop\erp\nexora\backend\src\Nexora.Modules.Platform\Nexora.Modules.Platform.csproj]
C:\Users\Deven\Desktop\erp\nexora\backend\src\Nexora.Modules.Platform\Controllers\PlatformBillingController.cs(22,24): error CS0103: The name 'Permission' does not exist in the current context [C:\Users\Deven\Desktop\erp\nexora\backend\src\Nexora.Modules.Platform\Nexora.Modules.Platform.csproj]
C:\Users\Deven\Desktop\erp\nexora\backend\src\Nexora.Modules.Platform\Controllers\PlatformController.cs(24,22): error CS0246: The type or namespace name 'NexoraDbContext' could not be found (are you missing a using directive or an assembly reference?) [C:\Users\Deven\Desktop\erp\nexora\backend\src\Nexora.Modules.Platform\Nexora.Modules.Platform.csproj]
C:\Users\Deven\Desktop\erp\nexora\backend\src\Nexora.Modules.Platform\Controllers\PlatformController.cs(25,34): error CS0246: The type or namespace name 'AppUser' could not be found (are you missing a using directive or an assembly reference?) [C:\Users\Deven\Desktop\erp\nexora\backend\src\Nexora.Modules.Platform\Nexora.Modules.Platform.csproj]
C:\Users\Deven\Desktop\erp\nexora\backend\src\Nexora.Modules.Platform\Controllers\PlatformController.cs(27,31): error CS0246: The type or namespace name 'NexoraDbContext' could not be found (are you missing a using directive or an assembly reference?) [C:\Users\Deven\Desktop\erp\nexora\backend\src\Nexora.Modules.Platform\Nexora.Modules.Platform.csproj]
C:\Users\Deven\Desktop\erp\nexora\backend\src\Nexora.Modules.Platform\Controllers\PlatformController.cs(27,63): error CS0246: The type or namespace name 'AppUser' could not be found (are you missing a using directive or an assembly reference?) [C:\Users\Deven\Desktop\erp\nexora\backend\src\Nexora.Modules.Platform\Nexora.Modules.Platform.csproj]
C:\Users\Deven\Desktop\erp\nexora\backend\src\Nexora.Modules.Platform\Controllers\PlatformController.cs(36,6): error CS0246: The type or namespace name 'RequirePermissionAttribute' could not be found (are you missing a using directive or an assembly reference?) [C:\Users\Deven\Desktop\erp\nexora\backend\src\Nexora.Modules.Platform\Nexora.Modules.Platform.csproj]
C:\Users\Deven\Desktop\erp\nexora\backend\src\Nexora.Modules.Platform\Controllers\PlatformController.cs(36,6): error CS0246: The type or namespace name 'RequirePermission' could not be found (are you missing a using directive or an assembly reference?) [C:\Users\Deven\Desktop\erp\nexora\backend\src\Nexora.Modules.Platform\Nexora.Modules.Platform.csproj]
C:\Users\Deven\Desktop\erp\nexora\backend\src\Nexora.Modules.Platform\Controllers\PlatformController.cs(36,24): error CS0103: The name 'Permission' does not exist in the current context [C:\Users\Deven\Desktop\erp\nexora\backend\src\Nexora.Modules.Platform\Nexora.Modules.Platform.csproj]
C:\Users\Deven\Desktop\erp\nexora\backend\src\Nexora.Modules.Platform\Controllers\PlatformController.cs(49,6): error CS0246: The type or namespace name 'RequirePermissionAttribute' could not be found (are you missing a using directive or an assembly reference?) [C:\Users\Deven\Desktop\erp\nexora\backend\src\Nexora.Modules.Platform\Nexora.Modules.Platform.csproj]
C:\Users\Deven\Desktop\erp\nexora\backend\src\Nexora.Modules.Platform\Controllers\PlatformController.cs(49,6): error CS0246: The type or namespace name 'RequirePermission' could not be found (are you missing a using directive or an assembly reference?) [C:\Users\Deven\Desktop\erp\nexora\backend\src\Nexora.Modules.Platform\Nexora.Modules.Platform.csproj]
C:\Users\Deven\Desktop\erp\nexora\backend\src\Nexora.Modules.Platform\Controllers\PlatformController.cs(49,24): error CS0103: The name 'Permission' does not exist in the current context [C:\Users\Deven\Desktop\erp\nexora\backend\src\Nexora.Modules.Platform\Nexora.Modules.Platform.csproj]
C:\Users\Deven\Desktop\erp\nexora\backend\src\Nexora.Modules.Platform\Controllers\PlatformController.cs(118,6): error CS0246: The type or namespace name 'RequirePermissionAttribute' could not be found (are you missing a using directive or an assembly reference?) [C:\Users\Deven\Desktop\erp\nexora\backend\src\Nexora.Modules.Platform\Nexora.Modules.Platform.csproj]
C:\Users\Deven\Desktop\erp\nexora\backend\src\Nexora.Modules.Platform\Controllers\PlatformController.cs(118,6): error CS0246: The type or namespace name 'RequirePermission' could not be found (are you missing a using directive or an assembly reference?) [C:\Users\Deven\Desktop\erp\nexora\backend\src\Nexora.Modules.Platform\Nexora.Modules.Platform.csproj]
C:\Users\Deven\Desktop\erp\nexora\backend\src\Nexora.Modules.Platform\Controllers\PlatformController.cs(118,24): error CS0103: The name 'Permission' does not exist in the current context [C:\Users\Deven\Desktop\erp\nexora\backend\src\Nexora.Modules.Platform\Nexora.Modules.Platform.csproj]
C:\Users\Deven\Desktop\erp\nexora\backend\src\Nexora.Modules.Platform\Controllers\PlatformController.cs(135,6): error CS0246: The type or namespace name 'RequirePermissionAttribute' could not be found (are you missing a using directive or an assembly reference?) [C:\Users\Deven\Desktop\erp\nexora\backend\src\Nexora.Modules.Platform\Nexora.Modules.Platform.csproj]
C:\Users\Deven\Desktop\erp\nexora\backend\src\Nexora.Modules.Platform\Controllers\PlatformController.cs(135,6): error CS0246: The type or namespace name 'RequirePermission' could not be found (are you missing a using directive or an assembly reference?) [C:\Users\Deven\Desktop\erp\nexora\backend\src\Nexora.Modules.Platform\Nexora.Modules.Platform.csproj]
C:\Users\Deven\Desktop\erp\nexora\backend\src\Nexora.Modules.Platform\Controllers\PlatformController.cs(135,24): error CS0103: The name 'Permission' does not exist in the current context [C:\Users\Deven\Desktop\erp\nexora\backend\src\Nexora.Modules.Platform\Nexora.Modules.Platform.csproj]
C:\Users\Deven\Desktop\erp\nexora\backend\src\Nexora.Modules.Platform\Controllers\PlatformController.cs(150,6): error CS0246: The type or namespace name 'RequirePermissionAttribute' could not be found (are you missing a using directive or an assembly reference?) [C:\Users\Deven\Desktop\erp\nexora\backend\src\Nexora.Modules.Platform\Nexora.Modules.Platform.csproj]
C:\Users\Deven\Desktop\erp\nexora\backend\src\Nexora.Modules.Platform\Controllers\PlatformController.cs(150,6): error CS0246: The type or namespace name 'RequirePermission' could not be found (are you missing a using directive or an assembly reference?) [C:\Users\Deven\Desktop\erp\nexora\backend\src\Nexora.Modules.Platform\Nexora.Modules.Platform.csproj]
C:\Users\Deven\Desktop\erp\nexora\backend\src\Nexora.Modules.Platform\Controllers\PlatformController.cs(150,24): error CS0103: The name 'Permission' does not exist in the current context [C:\Users\Deven\Desktop\erp\nexora\backend\src\Nexora.Modules.Platform\Nexora.Modules.Platform.csproj]
C:\Users\Deven\Desktop\erp\nexora\backend\src\Nexora.Modules.Platform\Controllers\PlatformController.cs(176,6): error CS0246: The type or namespace name 'RequirePermissionAttribute' could not be found (are you missing a using directive or an assembly reference?) [C:\Users\Deven\Desktop\erp\nexora\backend\src\Nexora.Modules.Platform\Nexora.Modules.Platform.csproj]
C:\Users\Deven\Desktop\erp\nexora\backend\src\Nexora.Modules.Platform\Controllers\PlatformController.cs(176,6): error CS0246: The type or namespace name 'RequirePermission' could not be found (are you missing a using directive or an assembly reference?) [C:\Users\Deven\Desktop\erp\nexora\backend\src\Nexora.Modules.Platform\Nexora.Modules.Platform.csproj]
C:\Users\Deven\Desktop\erp\nexora\backend\src\Nexora.Modules.Platform\Controllers\PlatformController.cs(176,24): error CS0103: The name 'Permission' does not exist in the current context [C:\Users\Deven\Desktop\erp\nexora\backend\src\Nexora.Modules.Platform\Nexora.Modules.Platform.csproj]
C:\Users\Deven\Desktop\erp\nexora\backend\src\Nexora.Modules.Payroll\Controllers\PayrollController.cs(2,14): error CS0234: The type or namespace name 'Shared' does not exist in the namespace 'Nexora' (are you missing an assembly reference?) [C:\Users\Deven\Desktop\erp\nexora\backend\src\Nexora.Modules.Payroll\Nexora.Modules.Payroll.csproj]
C:\Users\Deven\Desktop\erp\nexora\backend\src\Nexora.Modules.Payroll\Controllers\PayrollController.cs(4,22): error CS0234: The type or namespace name 'Finance' does not exist in the namespace 'Nexora.Modules' (are you missing an assembly reference?) [C:\Users\Deven\Desktop\erp\nexora\backend\src\Nexora.Modules.Payroll\Nexora.Modules.Payroll.csproj]
C:\Users\Deven\Desktop\erp\nexora\backend\src\Nexora.Modules.Payroll\Controllers\PayrollController.cs(5,14): error CS0234: The type or namespace name 'Shared' does not exist in the namespace 'Nexora' (are you missing an assembly reference?) [C:\Users\Deven\Desktop\erp\nexora\backend\src\Nexora.Modules.Payroll\Nexora.Modules.Payroll.csproj]
C:\Users\Deven\Desktop\erp\nexora\backend\src\Nexora.Modules.Payroll\Controllers\PayrollController.cs(6,22): error CS0234: The type or namespace name 'Identity' does not exist in the namespace 'Nexora.Modules' (are you missing an assembly reference?) [C:\Users\Deven\Desktop\erp\nexora\backend\src\Nexora.Modules.Payroll\Nexora.Modules.Payroll.csproj]
C:\Users\Deven\Desktop\erp\nexora\backend\src\Nexora.Modules.Payroll\Controllers\PayrollController.cs(8,22): error CS0234: The type or namespace name 'HR' does not exist in the namespace 'Nexora.Modules' (are you missing an assembly reference?) [C:\Users\Deven\Desktop\erp\nexora\backend\src\Nexora.Modules.Payroll\Nexora.Modules.Payroll.csproj]
C:\Users\Deven\Desktop\erp\nexora\backend\src\Nexora.Modules.Payroll\Controllers\PayrollController.cs(9,22): error CS0234: The type or namespace name 'HR' does not exist in the namespace 'Nexora.Modules' (are you missing an assembly reference?) [C:\Users\Deven\Desktop\erp\nexora\backend\src\Nexora.Modules.Payroll\Nexora.Modules.Payroll.csproj]
C:\Users\Deven\Desktop\erp\nexora\backend\src\Nexora.Modules.Payroll\Controllers\PayrollController.cs(10,14): error CS0234: The type or namespace name 'Shared' does not exist in the namespace 'Nexora' (are you missing an assembly reference?) [C:\Users\Deven\Desktop\erp\nexora\backend\src\Nexora.Modules.Payroll\Nexora.Modules.Payroll.csproj]
C:\Users\Deven\Desktop\erp\nexora\backend\src\Nexora.Modules.Payroll\Controllers\PayrollController.cs(11,14): error CS0234: The type or namespace name 'Shared' does not exist in the namespace 'Nexora' (are you missing an assembly reference?) [C:\Users\Deven\Desktop\erp\nexora\backend\src\Nexora.Modules.Payroll\Nexora.Modules.Payroll.csproj]
C:\Users\Deven\Desktop\erp\nexora\backend\src\Nexora.Modules.Payroll\Controllers\PayrollController.cs(14,17): error CS0234: The type or namespace name 'EntityFrameworkCore' does not exist in the namespace 'Microsoft' (are you missing an assembly reference?) [C:\Users\Deven\Desktop\erp\nexora\backend\src\Nexora.Modules.Payroll\Nexora.Modules.Payroll.csproj]
C:\Users\Deven\Desktop\erp\nexora\backend\src\Nexora.Modules.Payroll\Entities\PayrollRun.cs(1,14): error CS0234: The type or namespace name 'Shared' does not exist in the namespace 'Nexora' (are you missing an assembly reference?) [C:\Users\Deven\Desktop\erp\nexora\backend\src\Nexora.Modules.Payroll\Nexora.Modules.Payroll.csproj]
C:\Users\Deven\Desktop\erp\nexora\backend\src\Nexora.Modules.Payroll\Entities\SalaryStructure.cs(1,14): error CS0234: The type or namespace name 'Shared' does not exist in the namespace 'Nexora' (are you missing an assembly reference?) [C:\Users\Deven\Desktop\erp\nexora\backend\src\Nexora.Modules.Payroll\Nexora.Modules.Payroll.csproj]
C:\Users\Deven\Desktop\erp\nexora\backend\src\Nexora.Modules.Payroll\Controllers\PayrollController.cs(47,65): error CS0246: The type or namespace name 'ScopeDecision' could not be found (are you missing a using directive or an assembly reference?) [C:\Users\Deven\Desktop\erp\nexora\backend\src\Nexora.Modules.Payroll\Nexora.Modules.Payroll.csproj]
C:\Users\Deven\Desktop\erp\nexora\backend\src\Nexora.Modules.Payroll\Controllers\PayrollController.cs(83,25): error CS0246: The type or namespace name 'FieldAccessLevel' could not be found (are you missing a using directive or an assembly reference?) [C:\Users\Deven\Desktop\erp\nexora\backend\src\Nexora.Modules.Payroll\Nexora.Modules.Payroll.csproj]
C:\Users\Deven\Desktop\erp\nexora\backend\src\Nexora.Modules.Payroll\Controllers\PayrollController.cs(83,49): error CS0246: The type or namespace name 'FieldAccessLevel' could not be found (are you missing a using directive or an assembly reference?) [C:\Users\Deven\Desktop\erp\nexora\backend\src\Nexora.Modules.Payroll\Nexora.Modules.Payroll.csproj]
C:\Users\Deven\Desktop\erp\nexora\backend\src\Nexora.Modules.Payroll\Entities\PayrollRun.cs(12,27): error CS0246: The type or namespace name 'TenantEntity' could not be found (are you missing a using directive or an assembly reference?) [C:\Users\Deven\Desktop\erp\nexora\backend\src\Nexora.Modules.Payroll\Nexora.Modules.Payroll.csproj]
C:\Users\Deven\Desktop\erp\nexora\backend\src\Nexora.Modules.Payroll\Entities\PayrollRun.cs(36,24): error CS0246: The type or namespace name 'TenantEntity' could not be found (are you missing a using directive or an assembly reference?) [C:\Users\Deven\Desktop\erp\nexora\backend\src\Nexora.Modules.Payroll\Nexora.Modules.Payroll.csproj]
C:\Users\Deven\Desktop\erp\nexora\backend\src\Nexora.Modules.Payroll\Controllers\PayrollController.cs(372,79): error CS0246: The type or namespace name 'AccountType' could not be found (are you missing a using directive or an assembly reference?) [C:\Users\Deven\Desktop\erp\nexora\backend\src\Nexora.Modules.Payroll\Nexora.Modules.Payroll.csproj]
C:\Users\Deven\Desktop\erp\nexora\backend\src\Nexora.Modules.Payroll\Controllers\PayrollController.cs(372,24): error CS0246: The type or namespace name 'Account' could not be found (are you missing a using directive or an assembly reference?) [C:\Users\Deven\Desktop\erp\nexora\backend\src\Nexora.Modules.Payroll\Nexora.Modules.Payroll.csproj]
C:\Users\Deven\Desktop\erp\nexora\backend\src\Nexora.Modules.Payroll\Entities\PayrollRun.cs(52,28): error CS0246: The type or namespace name 'TenantEntity' could not be found (are you missing a using directive or an assembly reference?) [C:\Users\Deven\Desktop\erp\nexora\backend\src\Nexora.Modules.Payroll\Nexora.Modules.Payroll.csproj]
C:\Users\Deven\Desktop\erp\nexora\backend\src\Nexora.Modules.Payroll\Controllers\PayrollController.cs(386,61): error CS0246: The type or namespace name 'LeaveRequest' could not be found (are you missing a using directive or an assembly reference?) [C:\Users\Deven\Desktop\erp\nexora\backend\src\Nexora.Modules.Payroll\Nexora.Modules.Payroll.csproj]
C:\Users\Deven\Desktop\erp\nexora\backend\src\Nexora.Modules.Payroll\Controllers\PayrollController.cs(28,22): error CS0246: The type or namespace name 'NexoraDbContext' could not be found (are you missing a using directive or an assembly reference?) [C:\Users\Deven\Desktop\erp\nexora\backend\src\Nexora.Modules.Payroll\Nexora.Modules.Payroll.csproj]
C:\Users\Deven\Desktop\erp\nexora\backend\src\Nexora.Modules.Payroll\Controllers\PayrollController.cs(29,22): error CS0246: The type or namespace name 'DataScopeService' could not be found (are you missing a using directive or an assembly reference?) [C:\Users\Deven\Desktop\erp\nexora\backend\src\Nexora.Modules.Payroll\Nexora.Modules.Payroll.csproj]
C:\Users\Deven\Desktop\erp\nexora\backend\src\Nexora.Modules.Payroll\Controllers\PayrollController.cs(30,30): error CS0246: The type or namespace name 'NexoraDbContext' could not be found (are you missing a using directive or an assembly reference?) [C:\Users\Deven\Desktop\erp\nexora\backend\src\Nexora.Modules.Payroll\Nexora.Modules.Payroll.csproj]
C:\Users\Deven\Desktop\erp\nexora\backend\src\Nexora.Modules.Payroll\Controllers\PayrollController.cs(30,50): error CS0246: The type or namespace name 'DataScopeService' could not be found (are you missing a using directive or an assembly reference?) [C:\Users\Deven\Desktop\erp\nexora\backend\src\Nexora.Modules.Payroll\Nexora.Modules.Payroll.csproj]
C:\Users\Deven\Desktop\erp\nexora\backend\src\Nexora.Modules.Payroll\Entities\SalaryStructure.cs(16,32): error CS0246: The type or namespace name 'TenantEntity' could not be found (are you missing a using directive or an assembly reference?) [C:\Users\Deven\Desktop\erp\nexora\backend\src\Nexora.Modules.Payroll\Nexora.Modules.Payroll.csproj]
C:\Users\Deven\Desktop\erp\nexora\backend\src\Nexora.Modules.Payroll\Entities\SalaryStructure.cs(23,32): error CS0246: The type or namespace name 'TenantEntity' could not be found (are you missing a using directive or an assembly reference?) [C:\Users\Deven\Desktop\erp\nexora\backend\src\Nexora.Modules.Payroll\Nexora.Modules.Payroll.csproj]
C:\Users\Deven\Desktop\erp\nexora\backend\src\Nexora.Modules.Payroll\Controllers\PayrollController.cs(90,6): error CS0246: The type or namespace name 'RequirePermissionAttribute' could not be found (are you missing a using directive or an assembly reference?) [C:\Users\Deven\Desktop\erp\nexora\backend\src\Nexora.Modules.Payroll\Nexora.Modules.Payroll.csproj]
C:\Users\Deven\Desktop\erp\nexora\backend\src\Nexora.Modules.Payroll\Controllers\PayrollController.cs(90,6): error CS0246: The type or namespace name 'RequirePermission' could not be found (are you missing a using directive or an assembly reference?) [C:\Users\Deven\Desktop\erp\nexora\backend\src\Nexora.Modules.Payroll\Nexora.Modules.Payroll.csproj]
C:\Users\Deven\Desktop\erp\nexora\backend\src\Nexora.Modules.Payroll\Controllers\PayrollController.cs(90,24): error CS0103: The name 'Permission' does not exist in the current context [C:\Users\Deven\Desktop\erp\nexora\backend\src\Nexora.Modules.Payroll\Nexora.Modules.Payroll.csproj]
C:\Users\Deven\Desktop\erp\nexora\backend\src\Nexora.Modules.Payroll\Controllers\PayrollController.cs(109,6): error CS0246: The type or namespace name 'RequirePermissionAttribute' could not be found (are you missing a using directive or an assembly reference?) [C:\Users\Deven\Desktop\erp\nexora\backend\src\Nexora.Modules.Payroll\Nexora.Modules.Payroll.csproj]
C:\Users\Deven\Desktop\erp\nexora\backend\src\Nexora.Modules.Payroll\Controllers\PayrollController.cs(109,6): error CS0246: The type or namespace name 'RequirePermission' could not be found (are you missing a using directive or an assembly reference?) [C:\Users\Deven\Desktop\erp\nexora\backend\src\Nexora.Modules.Payroll\Nexora.Modules.Payroll.csproj]
C:\Users\Deven\Desktop\erp\nexora\backend\src\Nexora.Modules.Payroll\Controllers\PayrollController.cs(109,24): error CS0103: The name 'Permission' does not exist in the current context [C:\Users\Deven\Desktop\erp\nexora\backend\src\Nexora.Modules.Payroll\Nexora.Modules.Payroll.csproj]
C:\Users\Deven\Desktop\erp\nexora\backend\src\Nexora.Modules.Payroll\Controllers\PayrollController.cs(213,6): error CS0246: The type or namespace name 'RequirePermissionAttribute' could not be found (are you missing a using directive or an assembly reference?) [C:\Users\Deven\Desktop\erp\nexora\backend\src\Nexora.Modules.Payroll\Nexora.Modules.Payroll.csproj]
C:\Users\Deven\Desktop\erp\nexora\backend\src\Nexora.Modules.Payroll\Controllers\PayrollController.cs(213,6): error CS0246: The type or namespace name 'RequirePermission' could not be found (are you missing a using directive or an assembly reference?) [C:\Users\Deven\Desktop\erp\nexora\backend\src\Nexora.Modules.Payroll\Nexora.Modules.Payroll.csproj]
C:\Users\Deven\Desktop\erp\nexora\backend\src\Nexora.Modules.Payroll\Controllers\PayrollController.cs(213,24): error CS0103: The name 'Permission' does not exist in the current context [C:\Users\Deven\Desktop\erp\nexora\backend\src\Nexora.Modules.Payroll\Nexora.Modules.Payroll.csproj]
C:\Users\Deven\Desktop\erp\nexora\backend\src\Nexora.Modules.Payroll\Controllers\PayrollController.cs(305,6): error CS0246: The type or namespace name 'RequirePermissionAttribute' could not be found (are you missing a using directive or an assembly reference?) [C:\Users\Deven\Desktop\erp\nexora\backend\src\Nexora.Modules.Payroll\Nexora.Modules.Payroll.csproj]
C:\Users\Deven\Desktop\erp\nexora\backend\src\Nexora.Modules.Payroll\Controllers\PayrollController.cs(305,6): error CS0246: The type or namespace name 'RequirePermission' could not be found (are you missing a using directive or an assembly reference?) [C:\Users\Deven\Desktop\erp\nexora\backend\src\Nexora.Modules.Payroll\Nexora.Modules.Payroll.csproj]
C:\Users\Deven\Desktop\erp\nexora\backend\src\Nexora.Modules.Payroll\Controllers\PayrollController.cs(305,24): error CS0103: The name 'Permission' does not exist in the current context [C:\Users\Deven\Desktop\erp\nexora\backend\src\Nexora.Modules.Payroll\Nexora.Modules.Payroll.csproj]
C:\Users\Deven\Desktop\erp\nexora\backend\src\Nexora.Modules.Payroll\Controllers\PayrollController.cs(327,6): error CS0246: The type or namespace name 'RequirePermissionAttribute' could not be found (are you missing a using directive or an assembly reference?) [C:\Users\Deven\Desktop\erp\nexora\backend\src\Nexora.Modules.Payroll\Nexora.Modules.Payroll.csproj]
C:\Users\Deven\Desktop\erp\nexora\backend\src\Nexora.Modules.Payroll\Controllers\PayrollController.cs(327,6): error CS0246: The type or namespace name 'RequirePermission' could not be found (are you missing a using directive or an assembly reference?) [C:\Users\Deven\Desktop\erp\nexora\backend\src\Nexora.Modules.Payroll\Nexora.Modules.Payroll.csproj]
C:\Users\Deven\Desktop\erp\nexora\backend\src\Nexora.Modules.Payroll\Controllers\PayrollController.cs(327,24): error CS0103: The name 'Permission' does not exist in the current context [C:\Users\Deven\Desktop\erp\nexora\backend\src\Nexora.Modules.Payroll\Nexora.Modules.Payroll.csproj]
C:\Users\Deven\Desktop\erp\nexora\backend\src\Nexora.Modules.Payroll\Controllers\PayrollController.cs(408,6): error CS0246: The type or namespace name 'RequirePermissionAttribute' could not be found (are you missing a using directive or an assembly reference?) [C:\Users\Deven\Desktop\erp\nexora\backend\src\Nexora.Modules.Payroll\Nexora.Modules.Payroll.csproj]
C:\Users\Deven\Desktop\erp\nexora\backend\src\Nexora.Modules.Payroll\Controllers\PayrollController.cs(408,6): error CS0246: The type or namespace name 'RequirePermission' could not be found (are you missing a using directive or an assembly reference?) [C:\Users\Deven\Desktop\erp\nexora\backend\src\Nexora.Modules.Payroll\Nexora.Modules.Payroll.csproj]
C:\Users\Deven\Desktop\erp\nexora\backend\src\Nexora.Modules.Payroll\Controllers\PayrollController.cs(408,24): error CS0103: The name 'Permission' does not exist in the current context [C:\Users\Deven\Desktop\erp\nexora\backend\src\Nexora.Modules.Payroll\Nexora.Modules.Payroll.csproj]
C:\Users\Deven\Desktop\erp\nexora\backend\src\Nexora.Modules.Payroll\Controllers\PayrollController.cs(416,6): error CS0246: The type or namespace name 'RequirePermissionAttribute' could not be found (are you missing a using directive or an assembly reference?) [C:\Users\Deven\Desktop\erp\nexora\backend\src\Nexora.Modules.Payroll\Nexora.Modules.Payroll.csproj]
C:\Users\Deven\Desktop\erp\nexora\backend\src\Nexora.Modules.Payroll\Controllers\PayrollController.cs(416,6): error CS0246: The type or namespace name 'RequirePermission' could not be found (are you missing a using directive or an assembly reference?) [C:\Users\Deven\Desktop\erp\nexora\backend\src\Nexora.Modules.Payroll\Nexora.Modules.Payroll.csproj]
C:\Users\Deven\Desktop\erp\nexora\backend\src\Nexora.Modules.Payroll\Controllers\PayrollController.cs(416,24): error CS0103: The name 'Permission' does not exist in the current context [C:\Users\Deven\Desktop\erp\nexora\backend\src\Nexora.Modules.Payroll\Nexora.Modules.Payroll.csproj]
C:\Users\Deven\Desktop\erp\nexora\backend\src\Nexora.Modules.Payroll\Controllers\PayrollController.cs(451,6): error CS0246: The type or namespace name 'RequirePermissionAttribute' could not be found (are you missing a using directive or an assembly reference?) [C:\Users\Deven\Desktop\erp\nexora\backend\src\Nexora.Modules.Payroll\Nexora.Modules.Payroll.csproj]
C:\Users\Deven\Desktop\erp\nexora\backend\src\Nexora.Modules.Payroll\Controllers\PayrollController.cs(451,6): error CS0246: The type or namespace name 'RequirePermission' could not be found (are you missing a using directive or an assembly reference?) [C:\Users\Deven\Desktop\erp\nexora\backend\src\Nexora.Modules.Payroll\Nexora.Modules.Payroll.csproj]
C:\Users\Deven\Desktop\erp\nexora\backend\src\Nexora.Modules.Payroll\Controllers\PayrollController.cs(451,24): error CS0103: The name 'Permission' does not exist in the current context [C:\Users\Deven\Desktop\erp\nexora\backend\src\Nexora.Modules.Payroll\Nexora.Modules.Payroll.csproj]
C:\Users\Deven\Desktop\erp\nexora\backend\src\Nexora.Modules.Finance\Controllers\AccountingController.cs(2,14): error CS0234: The type or namespace name 'Shared' does not exist in the namespace 'Nexora' (are you missing an assembly reference?) [C:\Users\Deven\Desktop\erp\nexora\backend\src\Nexora.Modules.Finance\Nexora.Modules.Finance.csproj]
C:\Users\Deven\Desktop\erp\nexora\backend\src\Nexora.Modules.Finance\Controllers\AccountingController.cs(5,22): error CS0234: The type or namespace name 'Identity' does not exist in the namespace 'Nexora.Modules' (are you missing an assembly reference?) [C:\Users\Deven\Desktop\erp\nexora\backend\src\Nexora.Modules.Finance\Nexora.Modules.Finance.csproj]
C:\Users\Deven\Desktop\erp\nexora\backend\src\Nexora.Modules.Finance\Controllers\AccountingController.cs(6,14): error CS0234: The type or namespace name 'Shared' does not exist in the namespace 'Nexora' (are you missing an assembly reference?) [C:\Users\Deven\Desktop\erp\nexora\backend\src\Nexora.Modules.Finance\Nexora.Modules.Finance.csproj]
C:\Users\Deven\Desktop\erp\nexora\backend\src\Nexora.Modules.Finance\Controllers\AccountingController.cs(7,14): error CS0234: The type or namespace name 'Shared' does not exist in the namespace 'Nexora' (are you missing an assembly reference?) [C:\Users\Deven\Desktop\erp\nexora\backend\src\Nexora.Modules.Finance\Nexora.Modules.Finance.csproj]
C:\Users\Deven\Desktop\erp\nexora\backend\src\Nexora.Modules.Finance\Controllers\AccountingController.cs(10,17): error CS0234: The type or namespace name 'EntityFrameworkCore' does not exist in the namespace 'Microsoft' (are you missing an assembly reference?) [C:\Users\Deven\Desktop\erp\nexora\backend\src\Nexora.Modules.Finance\Nexora.Modules.Finance.csproj]
C:\Users\Deven\Desktop\erp\nexora\backend\src\Nexora.Modules.Finance\Controllers\VendorBillsController.cs(2,14): error CS0234: The type or namespace name 'Shared' does not exist in the namespace 'Nexora' (are you missing an assembly reference?) [C:\Users\Deven\Desktop\erp\nexora\backend\src\Nexora.Modules.Finance\Nexora.Modules.Finance.csproj]
C:\Users\Deven\Desktop\erp\nexora\backend\src\Nexora.Modules.Finance\Controllers\VendorBillsController.cs(5,14): error CS0234: The type or namespace name 'Shared' does not exist in the namespace 'Nexora' (are you missing an assembly reference?) [C:\Users\Deven\Desktop\erp\nexora\backend\src\Nexora.Modules.Finance\Nexora.Modules.Finance.csproj]
C:\Users\Deven\Desktop\erp\nexora\backend\src\Nexora.Modules.Finance\Controllers\VendorBillsController.cs(6,22): error CS0234: The type or namespace name 'Identity' does not exist in the namespace 'Nexora.Modules' (are you missing an assembly reference?) [C:\Users\Deven\Desktop\erp\nexora\backend\src\Nexora.Modules.Finance\Nexora.Modules.Finance.csproj]
C:\Users\Deven\Desktop\erp\nexora\backend\src\Nexora.Modules.Finance\Controllers\VendorBillsController.cs(8,14): error CS0234: The type or namespace name 'Shared' does not exist in the namespace 'Nexora' (are you missing an assembly reference?) [C:\Users\Deven\Desktop\erp\nexora\backend\src\Nexora.Modules.Finance\Nexora.Modules.Finance.csproj]
C:\Users\Deven\Desktop\erp\nexora\backend\src\Nexora.Modules.Finance\Controllers\VendorBillsController.cs(11,17): error CS0234: The type or namespace name 'EntityFrameworkCore' does not exist in the namespace 'Microsoft' (are you missing an assembly reference?) [C:\Users\Deven\Desktop\erp\nexora\backend\src\Nexora.Modules.Finance\Nexora.Modules.Finance.csproj]
C:\Users\Deven\Desktop\erp\nexora\backend\src\Nexora.Modules.Finance\Entities\Account.cs(1,14): error CS0234: The type or namespace name 'Shared' does not exist in the namespace 'Nexora' (are you missing an assembly reference?) [C:\Users\Deven\Desktop\erp\nexora\backend\src\Nexora.Modules.Finance\Nexora.Modules.Finance.csproj]
C:\Users\Deven\Desktop\erp\nexora\backend\src\Nexora.Modules.Finance\Entities\ExchangeRate.cs(1,14): error CS0234: The type or namespace name 'Shared' does not exist in the namespace 'Nexora' (are you missing an assembly reference?) [C:\Users\Deven\Desktop\erp\nexora\backend\src\Nexora.Modules.Finance\Nexora.Modules.Finance.csproj]
C:\Users\Deven\Desktop\erp\nexora\backend\src\Nexora.Modules.Finance\Entities\JournalEntry.cs(1,14): error CS0234: The type or namespace name 'Shared' does not exist in the namespace 'Nexora' (are you missing an assembly reference?) [C:\Users\Deven\Desktop\erp\nexora\backend\src\Nexora.Modules.Finance\Nexora.Modules.Finance.csproj]
C:\Users\Deven\Desktop\erp\nexora\backend\src\Nexora.Modules.Finance\Entities\Vendor.cs(1,14): error CS0234: The type or namespace name 'Shared' does not exist in the namespace 'Nexora' (are you missing an assembly reference?) [C:\Users\Deven\Desktop\erp\nexora\backend\src\Nexora.Modules.Finance\Nexora.Modules.Finance.csproj]
C:\Users\Deven\Desktop\erp\nexora\backend\src\Nexora.Modules.Finance\Entities\VendorBill.cs(1,14): error CS0234: The type or namespace name 'Shared' does not exist in the namespace 'Nexora' (are you missing an assembly reference?) [C:\Users\Deven\Desktop\erp\nexora\backend\src\Nexora.Modules.Finance\Nexora.Modules.Finance.csproj]
C:\Users\Deven\Desktop\erp\nexora\backend\src\Nexora.Modules.Finance\Seed\AccountSync.cs(2,14): error CS0234: The type or namespace name 'Shared' does not exist in the namespace 'Nexora' (are you missing an assembly reference?) [C:\Users\Deven\Desktop\erp\nexora\backend\src\Nexora.Modules.Finance\Nexora.Modules.Finance.csproj]
C:\Users\Deven\Desktop\erp\nexora\backend\src\Nexora.Modules.Finance\Seed\AccountSync.cs(3,17): error CS0234: The type or namespace name 'EntityFrameworkCore' does not exist in the namespace 'Microsoft' (are you missing an assembly reference?) [C:\Users\Deven\Desktop\erp\nexora\backend\src\Nexora.Modules.Finance\Nexora.Modules.Finance.csproj]
C:\Users\Deven\Desktop\erp\nexora\backend\src\Nexora.Modules.Finance\Services\AccountingPostingService.cs(2,14): error CS0234: The type or namespace name 'Shared' does not exist in the namespace 'Nexora' (are you missing an assembly reference?) [C:\Users\Deven\Desktop\erp\nexora\backend\src\Nexora.Modules.Finance\Nexora.Modules.Finance.csproj]
C:\Users\Deven\Desktop\erp\nexora\backend\src\Nexora.Modules.Finance\Services\AccountingPostingService.cs(3,14): error CS0234: The type or namespace name 'Shared' does not exist in the namespace 'Nexora' (are you missing an assembly reference?) [C:\Users\Deven\Desktop\erp\nexora\backend\src\Nexora.Modules.Finance\Nexora.Modules.Finance.csproj]
C:\Users\Deven\Desktop\erp\nexora\backend\src\Nexora.Modules.Finance\Services\AccountingPostingService.cs(4,17): error CS0234: The type or namespace name 'EntityFrameworkCore' does not exist in the namespace 'Microsoft' (are you missing an assembly reference?) [C:\Users\Deven\Desktop\erp\nexora\backend\src\Nexora.Modules.Finance\Nexora.Modules.Finance.csproj]
C:\Users\Deven\Desktop\erp\nexora\backend\src\Nexora.Modules.Finance\Contracts\AccountingContracts.cs(4,62): error CS0246: The type or namespace name 'Erp' could not be found (are you missing a using directive or an assembly reference?) [C:\Users\Deven\Desktop\erp\nexora\backend\src\Nexora.Modules.Finance\Nexora.Modules.Finance.csproj]
C:\Users\Deven\Desktop\erp\nexora\backend\src\Nexora.Modules.Finance\Controllers\AccountingController.cs(31,22): error CS0246: The type or namespace name 'NexoraDbContext' could not be found (are you missing a using directive or an assembly reference?) [C:\Users\Deven\Desktop\erp\nexora\backend\src\Nexora.Modules.Finance\Nexora.Modules.Finance.csproj]
C:\Users\Deven\Desktop\erp\nexora\backend\src\Nexora.Modules.Finance\Controllers\AccountingController.cs(32,22): error CS0246: The type or namespace name 'DataScopeService' could not be found (are you missing a using directive or an assembly reference?) [C:\Users\Deven\Desktop\erp\nexora\backend\src\Nexora.Modules.Finance\Nexora.Modules.Finance.csproj]
C:\Users\Deven\Desktop\erp\nexora\backend\src\Nexora.Modules.Finance\Entities\Account.cs(10,24): error CS0246: The type or namespace name 'TenantEntity' could not be found (are you missing a using directive or an assembly reference?) [C:\Users\Deven\Desktop\erp\nexora\backend\src\Nexora.Modules.Finance\Nexora.Modules.Finance.csproj]
C:\Users\Deven\Desktop\erp\nexora\backend\src\Nexora.Modules.Finance\Entities\ExchangeRate.cs(9,29): error CS0246: The type or namespace name 'TenantEntity' could not be found (are you missing a using directive or an assembly reference?) [C:\Users\Deven\Desktop\erp\nexora\backend\src\Nexora.Modules.Finance\Nexora.Modules.Finance.csproj]
C:\Users\Deven\Desktop\erp\nexora\backend\src\Nexora.Modules.Finance\Entities\JournalEntry.cs(9,29): error CS0246: The type or namespace name 'TenantEntity' could not be found (are you missing a using directive or an assembly reference?) [C:\Users\Deven\Desktop\erp\nexora\backend\src\Nexora.Modules.Finance\Nexora.Modules.Finance.csproj]
C:\Users\Deven\Desktop\erp\nexora\backend\src\Nexora.Modules.Finance\Entities\JournalEntry.cs(16,28): error CS0246: The type or namespace name 'TenantEntity' could not be found (are you missing a using directive or an assembly reference?) [C:\Users\Deven\Desktop\erp\nexora\backend\src\Nexora.Modules.Finance\Nexora.Modules.Finance.csproj]
C:\Users\Deven\Desktop\erp\nexora\backend\src\Nexora.Modules.Finance\Entities\Vendor.cs(7,23): error CS0246: The type or namespace name 'TenantEntity' could not be found (are you missing a using directive or an assembly reference?) [C:\Users\Deven\Desktop\erp\nexora\backend\src\Nexora.Modules.Finance\Nexora.Modules.Finance.csproj]
C:\Users\Deven\Desktop\erp\nexora\backend\src\Nexora.Modules.Finance\Controllers\AccountingController.cs(33,33): error CS0246: The type or namespace name 'NexoraDbContext' could not be found (are you missing a using directive or an assembly reference?) [C:\Users\Deven\Desktop\erp\nexora\backend\src\Nexora.Modules.Finance\Nexora.Modules.Finance.csproj]
C:\Users\Deven\Desktop\erp\nexora\backend\src\Nexora.Modules.Finance\Controllers\AccountingController.cs(33,53): error CS0246: The type or namespace name 'DataScopeService' could not be found (are you missing a using directive or an assembly reference?) [C:\Users\Deven\Desktop\erp\nexora\backend\src\Nexora.Modules.Finance\Nexora.Modules.Finance.csproj]
C:\Users\Deven\Desktop\erp\nexora\backend\src\Nexora.Modules.Finance\Entities\VendorBill.cs(12,27): error CS0246: The type or namespace name 'TenantEntity' could not be found (are you missing a using directive or an assembly reference?) [C:\Users\Deven\Desktop\erp\nexora\backend\src\Nexora.Modules.Finance\Nexora.Modules.Finance.csproj]
C:\Users\Deven\Desktop\erp\nexora\backend\src\Nexora.Modules.Finance\Controllers\AccountingController.cs(61,6): error CS0246: The type or namespace name 'RequirePermissionAttribute' could not be found (are you missing a using directive or an assembly reference?) [C:\Users\Deven\Desktop\erp\nexora\backend\src\Nexora.Modules.Finance\Nexora.Modules.Finance.csproj]
C:\Users\Deven\Desktop\erp\nexora\backend\src\Nexora.Modules.Finance\Controllers\AccountingController.cs(61,6): error CS0246: The type or namespace name 'RequirePermission' could not be found (are you missing a using directive or an assembly reference?) [C:\Users\Deven\Desktop\erp\nexora\backend\src\Nexora.Modules.Finance\Nexora.Modules.Finance.csproj]
C:\Users\Deven\Desktop\erp\nexora\backend\src\Nexora.Modules.Finance\Controllers\AccountingController.cs(61,24): error CS0103: The name 'Permission' does not exist in the current context [C:\Users\Deven\Desktop\erp\nexora\backend\src\Nexora.Modules.Finance\Nexora.Modules.Finance.csproj]
C:\Users\Deven\Desktop\erp\nexora\backend\src\Nexora.Modules.Finance\Controllers\AccountingController.cs(72,6): error CS0246: The type or namespace name 'RequirePermissionAttribute' could not be found (are you missing a using directive or an assembly reference?) [C:\Users\Deven\Desktop\erp\nexora\backend\src\Nexora.Modules.Finance\Nexora.Modules.Finance.csproj]
C:\Users\Deven\Desktop\erp\nexora\backend\src\Nexora.Modules.Finance\Controllers\AccountingController.cs(72,6): error CS0246: The type or namespace name 'RequirePermission' could not be found (are you missing a using directive or an assembly reference?) [C:\Users\Deven\Desktop\erp\nexora\backend\src\Nexora.Modules.Finance\Nexora.Modules.Finance.csproj]
C:\Users\Deven\Desktop\erp\nexora\backend\src\Nexora.Modules.Finance\Controllers\AccountingController.cs(72,24): error CS0103: The name 'Permission' does not exist in the current context [C:\Users\Deven\Desktop\erp\nexora\backend\src\Nexora.Modules.Finance\Nexora.Modules.Finance.csproj]
C:\Users\Deven\Desktop\erp\nexora\backend\src\Nexora.Modules.Finance\Controllers\AccountingController.cs(94,6): error CS0246: The type or namespace name 'RequirePermissionAttribute' could not be found (are you missing a using directive or an assembly reference?) [C:\Users\Deven\Desktop\erp\nexora\backend\src\Nexora.Modules.Finance\Nexora.Modules.Finance.csproj]
C:\Users\Deven\Desktop\erp\nexora\backend\src\Nexora.Modules.Finance\Controllers\AccountingController.cs(94,6): error CS0246: The type or namespace name 'RequirePermission' could not be found (are you missing a using directive or an assembly reference?) [C:\Users\Deven\Desktop\erp\nexora\backend\src\Nexora.Modules.Finance\Nexora.Modules.Finance.csproj]
C:\Users\Deven\Desktop\erp\nexora\backend\src\Nexora.Modules.Finance\Controllers\AccountingController.cs(94,24): error CS0103: The name 'Permission' does not exist in the current context [C:\Users\Deven\Desktop\erp\nexora\backend\src\Nexora.Modules.Finance\Nexora.Modules.Finance.csproj]
C:\Users\Deven\Desktop\erp\nexora\backend\src\Nexora.Modules.Finance\Controllers\AccountingController.cs(102,6): error CS0246: The type or namespace name 'RequirePermissionAttribute' could not be found (are you missing a using directive or an assembly reference?) [C:\Users\Deven\Desktop\erp\nexora\backend\src\Nexora.Modules.Finance\Nexora.Modules.Finance.csproj]
C:\Users\Deven\Desktop\erp\nexora\backend\src\Nexora.Modules.Finance\Controllers\AccountingController.cs(102,6): error CS0246: The type or namespace name 'RequirePermission' could not be found (are you missing a using directive or an assembly reference?) [C:\Users\Deven\Desktop\erp\nexora\backend\src\Nexora.Modules.Finance\Nexora.Modules.Finance.csproj]
C:\Users\Deven\Desktop\erp\nexora\backend\src\Nexora.Modules.Finance\Controllers\AccountingController.cs(102,24): error CS0103: The name 'Permission' does not exist in the current context [C:\Users\Deven\Desktop\erp\nexora\backend\src\Nexora.Modules.Finance\Nexora.Modules.Finance.csproj]
C:\Users\Deven\Desktop\erp\nexora\backend\src\Nexora.Modules.Finance\Controllers\AccountingController.cs(125,6): error CS0246: The type or namespace name 'RequirePermissionAttribute' could not be found (are you missing a using directive or an assembly reference?) [C:\Users\Deven\Desktop\erp\nexora\backend\src\Nexora.Modules.Finance\Nexora.Modules.Finance.csproj]
C:\Users\Deven\Desktop\erp\nexora\backend\src\Nexora.Modules.Finance\Controllers\AccountingController.cs(125,6): error CS0246: The type or namespace name 'RequirePermission' could not be found (are you missing a using directive or an assembly reference?) [C:\Users\Deven\Desktop\erp\nexora\backend\src\Nexora.Modules.Finance\Nexora.Modules.Finance.csproj]
C:\Users\Deven\Desktop\erp\nexora\backend\src\Nexora.Modules.Finance\Controllers\AccountingController.cs(125,24): error CS0103: The name 'Permission' does not exist in the current context [C:\Users\Deven\Desktop\erp\nexora\backend\src\Nexora.Modules.Finance\Nexora.Modules.Finance.csproj]
C:\Users\Deven\Desktop\erp\nexora\backend\src\Nexora.Modules.Finance\Controllers\AccountingController.cs(136,6): error CS0246: The type or namespace name 'RequirePermissionAttribute' could not be found (are you missing a using directive or an assembly reference?) [C:\Users\Deven\Desktop\erp\nexora\backend\src\Nexora.Modules.Finance\Nexora.Modules.Finance.csproj]
C:\Users\Deven\Desktop\erp\nexora\backend\src\Nexora.Modules.Finance\Controllers\AccountingController.cs(136,6): error CS0246: The type or namespace name 'RequirePermission' could not be found (are you missing a using directive or an assembly reference?) [C:\Users\Deven\Desktop\erp\nexora\backend\src\Nexora.Modules.Finance\Nexora.Modules.Finance.csproj]
C:\Users\Deven\Desktop\erp\nexora\backend\src\Nexora.Modules.Finance\Controllers\AccountingController.cs(136,24): error CS0103: The name 'Permission' does not exist in the current context [C:\Users\Deven\Desktop\erp\nexora\backend\src\Nexora.Modules.Finance\Nexora.Modules.Finance.csproj]
C:\Users\Deven\Desktop\erp\nexora\backend\src\Nexora.Modules.Finance\Controllers\AccountingController.cs(196,6): error CS0246: The type or namespace name 'RequirePermissionAttribute' could not be found (are you missing a using directive or an assembly reference?) [C:\Users\Deven\Desktop\erp\nexora\backend\src\Nexora.Modules.Finance\Nexora.Modules.Finance.csproj]
C:\Users\Deven\Desktop\erp\nexora\backend\src\Nexora.Modules.Finance\Controllers\AccountingController.cs(196,6): error CS0246: The type or namespace name 'RequirePermission' could not be found (are you missing a using directive or an assembly reference?) [C:\Users\Deven\Desktop\erp\nexora\backend\src\Nexora.Modules.Finance\Nexora.Modules.Finance.csproj]
C:\Users\Deven\Desktop\erp\nexora\backend\src\Nexora.Modules.Finance\Controllers\AccountingController.cs(196,24): error CS0103: The name 'Permission' does not exist in the current context [C:\Users\Deven\Desktop\erp\nexora\backend\src\Nexora.Modules.Finance\Nexora.Modules.Finance.csproj]
C:\Users\Deven\Desktop\erp\nexora\backend\src\Nexora.Modules.Finance\Controllers\AccountingController.cs(227,6): error CS0246: The type or namespace name 'RequirePermissionAttribute' could not be found (are you missing a using directive or an assembly reference?) [C:\Users\Deven\Desktop\erp\nexora\backend\src\Nexora.Modules.Finance\Nexora.Modules.Finance.csproj]
C:\Users\Deven\Desktop\erp\nexora\backend\src\Nexora.Modules.Finance\Controllers\AccountingController.cs(227,6): error CS0246: The type or namespace name 'RequirePermission' could not be found (are you missing a using directive or an assembly reference?) [C:\Users\Deven\Desktop\erp\nexora\backend\src\Nexora.Modules.Finance\Nexora.Modules.Finance.csproj]
C:\Users\Deven\Desktop\erp\nexora\backend\src\Nexora.Modules.Finance\Controllers\AccountingController.cs(227,24): error CS0103: The name 'Permission' does not exist in the current context [C:\Users\Deven\Desktop\erp\nexora\backend\src\Nexora.Modules.Finance\Nexora.Modules.Finance.csproj]
C:\Users\Deven\Desktop\erp\nexora\backend\src\Nexora.Modules.Finance\Controllers\AccountingController.cs(252,6): error CS0246: The type or namespace name 'RequirePermissionAttribute' could not be found (are you missing a using directive or an assembly reference?) [C:\Users\Deven\Desktop\erp\nexora\backend\src\Nexora.Modules.Finance\Nexora.Modules.Finance.csproj]
C:\Users\Deven\Desktop\erp\nexora\backend\src\Nexora.Modules.Finance\Controllers\AccountingController.cs(252,6): error CS0246: The type or namespace name 'RequirePermission' could not be found (are you missing a using directive or an assembly reference?) [C:\Users\Deven\Desktop\erp\nexora\backend\src\Nexora.Modules.Finance\Nexora.Modules.Finance.csproj]
C:\Users\Deven\Desktop\erp\nexora\backend\src\Nexora.Modules.Finance\Controllers\AccountingController.cs(252,24): error CS0103: The name 'Permission' does not exist in the current context [C:\Users\Deven\Desktop\erp\nexora\backend\src\Nexora.Modules.Finance\Nexora.Modules.Finance.csproj]
C:\Users\Deven\Desktop\erp\nexora\backend\src\Nexora.Modules.Finance\Controllers\AccountingController.cs(260,6): error CS0246: The type or namespace name 'RequirePermissionAttribute' could not be found (are you missing a using directive or an assembly reference?) [C:\Users\Deven\Desktop\erp\nexora\backend\src\Nexora.Modules.Finance\Nexora.Modules.Finance.csproj]
C:\Users\Deven\Desktop\erp\nexora\backend\src\Nexora.Modules.Finance\Controllers\AccountingController.cs(260,6): error CS0246: The type or namespace name 'RequirePermission' could not be found (are you missing a using directive or an assembly reference?) [C:\Users\Deven\Desktop\erp\nexora\backend\src\Nexora.Modules.Finance\Nexora.Modules.Finance.csproj]
C:\Users\Deven\Desktop\erp\nexora\backend\src\Nexora.Modules.Finance\Controllers\AccountingController.cs(260,24): error CS0103: The name 'Permission' does not exist in the current context [C:\Users\Deven\Desktop\erp\nexora\backend\src\Nexora.Modules.Finance\Nexora.Modules.Finance.csproj]
C:\Users\Deven\Desktop\erp\nexora\backend\src\Nexora.Modules.Finance\Controllers\AccountingController.cs(270,6): error CS0246: The type or namespace name 'RequirePermissionAttribute' could not be found (are you missing a using directive or an assembly reference?) [C:\Users\Deven\Desktop\erp\nexora\backend\src\Nexora.Modules.Finance\Nexora.Modules.Finance.csproj]
C:\Users\Deven\Desktop\erp\nexora\backend\src\Nexora.Modules.Finance\Controllers\AccountingController.cs(270,6): error CS0246: The type or namespace name 'RequirePermission' could not be found (are you missing a using directive or an assembly reference?) [C:\Users\Deven\Desktop\erp\nexora\backend\src\Nexora.Modules.Finance\Nexora.Modules.Finance.csproj]
C:\Users\Deven\Desktop\erp\nexora\backend\src\Nexora.Modules.Finance\Controllers\AccountingController.cs(270,24): error CS0103: The name 'Permission' does not exist in the current context [C:\Users\Deven\Desktop\erp\nexora\backend\src\Nexora.Modules.Finance\Nexora.Modules.Finance.csproj]
C:\Users\Deven\Desktop\erp\nexora\backend\src\Nexora.Modules.Finance\Services\AccountingPostingService.cs(21,22): error CS0246: The type or namespace name 'NexoraDbContext' could not be found (are you missing a using directive or an assembly reference?) [C:\Users\Deven\Desktop\erp\nexora\backend\src\Nexora.Modules.Finance\Nexora.Modules.Finance.csproj]
C:\Users\Deven\Desktop\erp\nexora\backend\src\Nexora.Modules.Finance\Services\AccountingPostingService.cs(22,22): error CS0246: The type or namespace name 'ITenantContext' could not be found (are you missing a using directive or an assembly reference?) [C:\Users\Deven\Desktop\erp\nexora\backend\src\Nexora.Modules.Finance\Nexora.Modules.Finance.csproj]
C:\Users\Deven\Desktop\erp\nexora\backend\src\Nexora.Modules.Finance\Services\AccountingPostingService.cs(23,37): error CS0246: The type or namespace name 'NexoraDbContext' could not be found (are you missing a using directive or an assembly reference?) [C:\Users\Deven\Desktop\erp\nexora\backend\src\Nexora.Modules.Finance\Nexora.Modules.Finance.csproj]
C:\Users\Deven\Desktop\erp\nexora\backend\src\Nexora.Modules.Finance\Services\AccountingPostingService.cs(23,57): error CS0246: The type or namespace name 'ITenantContext' could not be found (are you missing a using directive or an assembly reference?) [C:\Users\Deven\Desktop\erp\nexora\backend\src\Nexora.Modules.Finance\Nexora.Modules.Finance.csproj]
C:\Users\Deven\Desktop\erp\nexora\backend\src\Nexora.Modules.Finance\Controllers\AccountingController.cs(293,6): error CS0246: The type or namespace name 'RequirePermissionAttribute' could not be found (are you missing a using directive or an assembly reference?) [C:\Users\Deven\Desktop\erp\nexora\backend\src\Nexora.Modules.Finance\Nexora.Modules.Finance.csproj]
C:\Users\Deven\Desktop\erp\nexora\backend\src\Nexora.Modules.Finance\Controllers\AccountingController.cs(293,6): error CS0246: The type or namespace name 'RequirePermission' could not be found (are you missing a using directive or an assembly reference?) [C:\Users\Deven\Desktop\erp\nexora\backend\src\Nexora.Modules.Finance\Nexora.Modules.Finance.csproj]
C:\Users\Deven\Desktop\erp\nexora\backend\src\Nexora.Modules.Finance\Controllers\AccountingController.cs(293,24): error CS0103: The name 'Permission' does not exist in the current context [C:\Users\Deven\Desktop\erp\nexora\backend\src\Nexora.Modules.Finance\Nexora.Modules.Finance.csproj]
C:\Users\Deven\Desktop\erp\nexora\backend\src\Nexora.Modules.Finance\Controllers\VendorBillsController.cs(26,22): error CS0246: The type or namespace name 'NexoraDbContext' could not be found (are you missing a using directive or an assembly reference?) [C:\Users\Deven\Desktop\erp\nexora\backend\src\Nexora.Modules.Finance\Nexora.Modules.Finance.csproj]
C:\Users\Deven\Desktop\erp\nexora\backend\src\Nexora.Modules.Finance\Controllers\VendorBillsController.cs(28,34): error CS0246: The type or namespace name 'NexoraDbContext' could not be found (are you missing a using directive or an assembly reference?) [C:\Users\Deven\Desktop\erp\nexora\backend\src\Nexora.Modules.Finance\Nexora.Modules.Finance.csproj]
C:\Users\Deven\Desktop\erp\nexora\backend\src\Nexora.Modules.Finance\Controllers\VendorBillsController.cs(39,6): error CS0246: The type or namespace name 'RequirePermissionAttribute' could not be found (are you missing a using directive or an assembly reference?) [C:\Users\Deven\Desktop\erp\nexora\backend\src\Nexora.Modules.Finance\Nexora.Modules.Finance.csproj]
C:\Users\Deven\Desktop\erp\nexora\backend\src\Nexora.Modules.Finance\Controllers\VendorBillsController.cs(39,6): error CS0246: The type or namespace name 'RequirePermission' could not be found (are you missing a using directive or an assembly reference?) [C:\Users\Deven\Desktop\erp\nexora\backend\src\Nexora.Modules.Finance\Nexora.Modules.Finance.csproj]
C:\Users\Deven\Desktop\erp\nexora\backend\src\Nexora.Modules.Finance\Controllers\VendorBillsController.cs(39,24): error CS0103: The name 'Permission' does not exist in the current context [C:\Users\Deven\Desktop\erp\nexora\backend\src\Nexora.Modules.Finance\Nexora.Modules.Finance.csproj]
C:\Users\Deven\Desktop\erp\nexora\backend\src\Nexora.Modules.Finance\Controllers\VendorBillsController.cs(47,6): error CS0246: The type or namespace name 'RequirePermissionAttribute' could not be found (are you missing a using directive or an assembly reference?) [C:\Users\Deven\Desktop\erp\nexora\backend\src\Nexora.Modules.Finance\Nexora.Modules.Finance.csproj]
C:\Users\Deven\Desktop\erp\nexora\backend\src\Nexora.Modules.Finance\Controllers\VendorBillsController.cs(47,6): error CS0246: The type or namespace name 'RequirePermission' could not be found (are you missing a using directive or an assembly reference?) [C:\Users\Deven\Desktop\erp\nexora\backend\src\Nexora.Modules.Finance\Nexora.Modules.Finance.csproj]
C:\Users\Deven\Desktop\erp\nexora\backend\src\Nexora.Modules.Finance\Controllers\VendorBillsController.cs(47,24): error CS0103: The name 'Permission' does not exist in the current context [C:\Users\Deven\Desktop\erp\nexora\backend\src\Nexora.Modules.Finance\Nexora.Modules.Finance.csproj]
C:\Users\Deven\Desktop\erp\nexora\backend\src\Nexora.Modules.Finance\Controllers\VendorBillsController.cs(62,6): error CS0246: The type or namespace name 'RequirePermissionAttribute' could not be found (are you missing a using directive or an assembly reference?) [C:\Users\Deven\Desktop\erp\nexora\backend\src\Nexora.Modules.Finance\Nexora.Modules.Finance.csproj]
C:\Users\Deven\Desktop\erp\nexora\backend\src\Nexora.Modules.Finance\Controllers\VendorBillsController.cs(62,6): error CS0246: The type or namespace name 'RequirePermission' could not be found (are you missing a using directive or an assembly reference?) [C:\Users\Deven\Desktop\erp\nexora\backend\src\Nexora.Modules.Finance\Nexora.Modules.Finance.csproj]
C:\Users\Deven\Desktop\erp\nexora\backend\src\Nexora.Modules.Finance\Controllers\VendorBillsController.cs(62,24): error CS0103: The name 'Permission' does not exist in the current context [C:\Users\Deven\Desktop\erp\nexora\backend\src\Nexora.Modules.Finance\Nexora.Modules.Finance.csproj]
C:\Users\Deven\Desktop\erp\nexora\backend\src\Nexora.Modules.Finance\Controllers\VendorBillsController.cs(83,6): error CS0246: The type or namespace name 'RequirePermissionAttribute' could not be found (are you missing a using directive or an assembly reference?) [C:\Users\Deven\Desktop\erp\nexora\backend\src\Nexora.Modules.Finance\Nexora.Modules.Finance.csproj]
C:\Users\Deven\Desktop\erp\nexora\backend\src\Nexora.Modules.Finance\Controllers\VendorBillsController.cs(83,6): error CS0246: The type or namespace name 'RequirePermission' could not be found (are you missing a using directive or an assembly reference?) [C:\Users\Deven\Desktop\erp\nexora\backend\src\Nexora.Modules.Finance\Nexora.Modules.Finance.csproj]
C:\Users\Deven\Desktop\erp\nexora\backend\src\Nexora.Modules.Finance\Controllers\VendorBillsController.cs(83,24): error CS0103: The name 'Permission' does not exist in the current context [C:\Users\Deven\Desktop\erp\nexora\backend\src\Nexora.Modules.Finance\Nexora.Modules.Finance.csproj]
C:\Users\Deven\Desktop\erp\nexora\backend\src\Nexora.Modules.Finance\Controllers\VendorBillsController.cs(116,6): error CS0246: The type or namespace name 'RequirePermissionAttribute' could not be found (are you missing a using directive or an assembly reference?) [C:\Users\Deven\Desktop\erp\nexora\backend\src\Nexora.Modules.Finance\Nexora.Modules.Finance.csproj]
C:\Users\Deven\Desktop\erp\nexora\backend\src\Nexora.Modules.Finance\Controllers\VendorBillsController.cs(116,6): error CS0246: The type or namespace name 'RequirePermission' could not be found (are you missing a using directive or an assembly reference?) [C:\Users\Deven\Desktop\erp\nexora\backend\src\Nexora.Modules.Finance\Nexora.Modules.Finance.csproj]
C:\Users\Deven\Desktop\erp\nexora\backend\src\Nexora.Modules.Finance\Controllers\VendorBillsController.cs(116,24): error CS0103: The name 'Permission' does not exist in the current context [C:\Users\Deven\Desktop\erp\nexora\backend\src\Nexora.Modules.Finance\Nexora.Modules.Finance.csproj]
C:\Users\Deven\Desktop\erp\nexora\backend\src\Nexora.Modules.Finance\Controllers\VendorBillsController.cs(146,6): error CS0246: The type or namespace name 'RequirePermissionAttribute' could not be found (are you missing a using directive or an assembly reference?) [C:\Users\Deven\Desktop\erp\nexora\backend\src\Nexora.Modules.Finance\Nexora.Modules.Finance.csproj]
C:\Users\Deven\Desktop\erp\nexora\backend\src\Nexora.Modules.Finance\Controllers\VendorBillsController.cs(146,6): error CS0246: The type or namespace name 'RequirePermission' could not be found (are you missing a using directive or an assembly reference?) [C:\Users\Deven\Desktop\erp\nexora\backend\src\Nexora.Modules.Finance\Nexora.Modules.Finance.csproj]
C:\Users\Deven\Desktop\erp\nexora\backend\src\Nexora.Modules.Finance\Controllers\VendorBillsController.cs(146,24): error CS0103: The name 'Permission' does not exist in the current context [C:\Users\Deven\Desktop\erp\nexora\backend\src\Nexora.Modules.Finance\Nexora.Modules.Finance.csproj]
C:\Users\Deven\Desktop\erp\nexora\backend\src\Nexora.Modules.Finance\Controllers\VendorBillsController.cs(165,6): error CS0246: The type or namespace name 'RequirePermissionAttribute' could not be found (are you missing a using directive or an assembly reference?) [C:\Users\Deven\Desktop\erp\nexora\backend\src\Nexora.Modules.Finance\Nexora.Modules.Finance.csproj]
C:\Users\Deven\Desktop\erp\nexora\backend\src\Nexora.Modules.Finance\Controllers\VendorBillsController.cs(165,6): error CS0246: The type or namespace name 'RequirePermission' could not be found (are you missing a using directive or an assembly reference?) [C:\Users\Deven\Desktop\erp\nexora\backend\src\Nexora.Modules.Finance\Nexora.Modules.Finance.csproj]
C:\Users\Deven\Desktop\erp\nexora\backend\src\Nexora.Modules.Finance\Controllers\VendorBillsController.cs(165,24): error CS0103: The name 'Permission' does not exist in the current context [C:\Users\Deven\Desktop\erp\nexora\backend\src\Nexora.Modules.Finance\Nexora.Modules.Finance.csproj]
C:\Users\Deven\Desktop\erp\nexora\backend\src\Nexora.Modules.Onboarding\Controllers\FnfController.cs(2,14): error CS0234: The type or namespace name 'Shared' does not exist in the namespace 'Nexora' (are you missing an assembly reference?) [C:\Users\Deven\Desktop\erp\nexora\backend\src\Nexora.Modules.Onboarding\Nexora.Modules.Onboarding.csproj]
C:\Users\Deven\Desktop\erp\nexora\backend\src\Nexora.Modules.Onboarding\Controllers\FnfController.cs(4,14): error CS0234: The type or namespace name 'Shared' does not exist in the namespace 'Nexora' (are you missing an assembly reference?) [C:\Users\Deven\Desktop\erp\nexora\backend\src\Nexora.Modules.Onboarding\Nexora.Modules.Onboarding.csproj]
C:\Users\Deven\Desktop\erp\nexora\backend\src\Nexora.Modules.Projects\Controllers\CustomersController.cs(1,14): error CS0234: The type or namespace name 'Shared' does not exist in the namespace 'Nexora' (are you missing an assembly reference?) [C:\Users\Deven\Desktop\erp\nexora\backend\src\Nexora.Modules.Projects\Nexora.Modules.Projects.csproj]
C:\Users\Deven\Desktop\erp\nexora\backend\src\Nexora.Modules.Projects\Controllers\CustomersController.cs(3,22): error CS0234: The type or namespace name 'Identity' does not exist in the namespace 'Nexora.Modules' (are you missing an assembly reference?) [C:\Users\Deven\Desktop\erp\nexora\backend\src\Nexora.Modules.Projects\Nexora.Modules.Projects.csproj]
C:\Users\Deven\Desktop\erp\nexora\backend\src\Nexora.Modules.Projects\Controllers\CustomersController.cs(5,14): error CS0234: The type or namespace name 'Shared' does not exist in the namespace 'Nexora' (are you missing an assembly reference?) [C:\Users\Deven\Desktop\erp\nexora\backend\src\Nexora.Modules.Projects\Nexora.Modules.Projects.csproj]
C:\Users\Deven\Desktop\erp\nexora\backend\src\Nexora.Modules.Onboarding\Controllers\FnfController.cs(5,22): error CS0234: The type or namespace name 'Identity' does not exist in the namespace 'Nexora.Modules' (are you missing an assembly reference?) [C:\Users\Deven\Desktop\erp\nexora\backend\src\Nexora.Modules.Onboarding\Nexora.Modules.Onboarding.csproj]
C:\Users\Deven\Desktop\erp\nexora\backend\src\Nexora.Modules.Projects\Controllers\CustomersController.cs(8,17): error CS0234: The type or namespace name 'EntityFrameworkCore' does not exist in the namespace 'Microsoft' (are you missing an assembly reference?) [C:\Users\Deven\Desktop\erp\nexora\backend\src\Nexora.Modules.Projects\Nexora.Modules.Projects.csproj]
C:\Users\Deven\Desktop\erp\nexora\backend\src\Nexora.Modules.Onboarding\Controllers\FnfController.cs(7,14): error CS0234: The type or namespace name 'Shared' does not exist in the namespace 'Nexora' (are you missing an assembly reference?) [C:\Users\Deven\Desktop\erp\nexora\backend\src\Nexora.Modules.Onboarding\Nexora.Modules.Onboarding.csproj]
C:\Users\Deven\Desktop\erp\nexora\backend\src\Nexora.Modules.Projects\Controllers\ProjectExpensesController.cs(2,14): error CS0234: The type or namespace name 'Shared' does not exist in the namespace 'Nexora' (are you missing an assembly reference?) [C:\Users\Deven\Desktop\erp\nexora\backend\src\Nexora.Modules.Projects\Nexora.Modules.Projects.csproj]
C:\Users\Deven\Desktop\erp\nexora\backend\src\Nexora.Modules.Projects\Controllers\ProjectExpensesController.cs(4,22): error CS0234: The type or namespace name 'Finance' does not exist in the namespace 'Nexora.Modules' (are you missing an assembly reference?) [C:\Users\Deven\Desktop\erp\nexora\backend\src\Nexora.Modules.Projects\Nexora.Modules.Projects.csproj]
C:\Users\Deven\Desktop\erp\nexora\backend\src\Nexora.Modules.Projects\Controllers\ProjectExpensesController.cs(5,14): error CS0234: The type or namespace name 'Shared' does not exist in the namespace 'Nexora' (are you missing an assembly reference?) [C:\Users\Deven\Desktop\erp\nexora\backend\src\Nexora.Modules.Projects\Nexora.Modules.Projects.csproj]
C:\Users\Deven\Desktop\erp\nexora\backend\src\Nexora.Modules.Projects\Controllers\ProjectExpensesController.cs(6,22): error CS0234: The type or namespace name 'Identity' does not exist in the namespace 'Nexora.Modules' (are you missing an assembly reference?) [C:\Users\Deven\Desktop\erp\nexora\backend\src\Nexora.Modules.Projects\Nexora.Modules.Projects.csproj]
C:\Users\Deven\Desktop\erp\nexora\backend\src\Nexora.Modules.Onboarding\Controllers\FnfController.cs(10,17): error CS0234: The type or namespace name 'EntityFrameworkCore' does not exist in the namespace 'Microsoft' (are you missing an assembly reference?) [C:\Users\Deven\Desktop\erp\nexora\backend\src\Nexora.Modules.Onboarding\Nexora.Modules.Onboarding.csproj]
C:\Users\Deven\Desktop\erp\nexora\backend\src\Nexora.Modules.Projects\Controllers\ProjectExpensesController.cs(8,22): error CS0234: The type or namespace name 'Workflow' does not exist in the namespace 'Nexora.Modules' (are you missing an assembly reference?) [C:\Users\Deven\Desktop\erp\nexora\backend\src\Nexora.Modules.Projects\Nexora.Modules.Projects.csproj]
C:\Users\Deven\Desktop\erp\nexora\backend\src\Nexora.Modules.Projects\Controllers\ProjectExpensesController.cs(9,22): error CS0234: The type or namespace name 'Finance' does not exist in the namespace 'Nexora.Modules' (are you missing an assembly reference?) [C:\Users\Deven\Desktop\erp\nexora\backend\src\Nexora.Modules.Projects\Nexora.Modules.Projects.csproj]
C:\Users\Deven\Desktop\erp\nexora\backend\src\Nexora.Modules.Onboarding\Controllers\OnboardingController.cs(2,14): error CS0234: The type or namespace name 'Shared' does not exist in the namespace 'Nexora' (are you missing an assembly reference?) [C:\Users\Deven\Desktop\erp\nexora\backend\src\Nexora.Modules.Onboarding\Nexora.Modules.Onboarding.csproj]
C:\Users\Deven\Desktop\erp\nexora\backend\src\Nexora.Modules.Projects\Controllers\ProjectExpensesController.cs(10,14): error CS0234: The type or namespace name 'Shared' does not exist in the namespace 'Nexora' (are you missing an assembly reference?) [C:\Users\Deven\Desktop\erp\nexora\backend\src\Nexora.Modules.Projects\Nexora.Modules.Projects.csproj]
C:\Users\Deven\Desktop\erp\nexora\backend\src\Nexora.Modules.Onboarding\Controllers\OnboardingController.cs(4,14): error CS0234: The type or namespace name 'Shared' does not exist in the namespace 'Nexora' (are you missing an assembly reference?) [C:\Users\Deven\Desktop\erp\nexora\backend\src\Nexora.Modules.Onboarding\Nexora.Modules.Onboarding.csproj]
C:\Users\Deven\Desktop\erp\nexora\backend\src\Nexora.Modules.Projects\Controllers\ProjectExpensesController.cs(11,22): error CS0234: The type or namespace name 'Workflow' does not exist in the namespace 'Nexora.Modules' (are you missing an assembly reference?) [C:\Users\Deven\Desktop\erp\nexora\backend\src\Nexora.Modules.Projects\Nexora.Modules.Projects.csproj]
C:\Users\Deven\Desktop\erp\nexora\backend\src\Nexora.Modules.Onboarding\Controllers\OnboardingController.cs(5,22): error CS0234: The type or namespace name 'Identity' does not exist in the namespace 'Nexora.Modules' (are you missing an assembly reference?) [C:\Users\Deven\Desktop\erp\nexora\backend\src\Nexora.Modules.Onboarding\Nexora.Modules.Onboarding.csproj]
C:\Users\Deven\Desktop\erp\nexora\backend\src\Nexora.Modules.Projects\Controllers\ProjectExpensesController.cs(14,17): error CS0234: The type or namespace name 'EntityFrameworkCore' does not exist in the namespace 'Microsoft' (are you missing an assembly reference?) [C:\Users\Deven\Desktop\erp\nexora\backend\src\Nexora.Modules.Projects\Nexora.Modules.Projects.csproj]
C:\Users\Deven\Desktop\erp\nexora\backend\src\Nexora.Modules.Onboarding\Controllers\OnboardingController.cs(7,14): error CS0234: The type or namespace name 'Shared' does not exist in the namespace 'Nexora' (are you missing an assembly reference?) [C:\Users\Deven\Desktop\erp\nexora\backend\src\Nexora.Modules.Onboarding\Nexora.Modules.Onboarding.csproj]
C:\Users\Deven\Desktop\erp\nexora\backend\src\Nexora.Modules.Projects\Controllers\ProjectsController.cs(2,14): error CS0234: The type or namespace name 'Shared' does not exist in the namespace 'Nexora' (are you missing an assembly reference?) [C:\Users\Deven\Desktop\erp\nexora\backend\src\Nexora.Modules.Projects\Nexora.Modules.Projects.csproj]
C:\Users\Deven\Desktop\erp\nexora\backend\src\Nexora.Modules.Projects\Controllers\ProjectsController.cs(4,22): error CS0234: The type or namespace name 'Identity' does not exist in the namespace 'Nexora.Modules' (are you missing an assembly reference?) [C:\Users\Deven\Desktop\erp\nexora\backend\src\Nexora.Modules.Projects\Nexora.Modules.Projects.csproj]
C:\Users\Deven\Desktop\erp\nexora\backend\src\Nexora.Modules.Onboarding\Controllers\OnboardingController.cs(10,17): error CS0234: The type or namespace name 'EntityFrameworkCore' does not exist in the namespace 'Microsoft' (are you missing an assembly reference?) [C:\Users\Deven\Desktop\erp\nexora\backend\src\Nexora.Modules.Onboarding\Nexora.Modules.Onboarding.csproj]
C:\Users\Deven\Desktop\erp\nexora\backend\src\Nexora.Modules.Projects\Controllers\ProjectsController.cs(6,14): error CS0234: The type or namespace name 'Shared' does not exist in the namespace 'Nexora' (are you missing an assembly reference?) [C:\Users\Deven\Desktop\erp\nexora\backend\src\Nexora.Modules.Projects\Nexora.Modules.Projects.csproj]
C:\Users\Deven\Desktop\erp\nexora\backend\src\Nexora.Modules.Projects\Controllers\ProjectsController.cs(7,14): error CS0234: The type or namespace name 'Shared' does not exist in the namespace 'Nexora' (are you missing an assembly reference?) [C:\Users\Deven\Desktop\erp\nexora\backend\src\Nexora.Modules.Projects\Nexora.Modules.Projects.csproj]
C:\Users\Deven\Desktop\erp\nexora\backend\src\Nexora.Modules.Onboarding\Entities\FnfCase.cs(1,14): error CS0234: The type or namespace name 'Shared' does not exist in the namespace 'Nexora' (are you missing an assembly reference?) [C:\Users\Deven\Desktop\erp\nexora\backend\src\Nexora.Modules.Onboarding\Nexora.Modules.Onboarding.csproj]
C:\Users\Deven\Desktop\erp\nexora\backend\src\Nexora.Modules.Projects\Controllers\ProjectsController.cs(10,17): error CS0234: The type or namespace name 'EntityFrameworkCore' does not exist in the namespace 'Microsoft' (are you missing an assembly reference?) [C:\Users\Deven\Desktop\erp\nexora\backend\src\Nexora.Modules.Projects\Nexora.Modules.Projects.csproj]
C:\Users\Deven\Desktop\erp\nexora\backend\src\Nexora.Modules.Onboarding\Entities\OnboardingTask.cs(1,14): error CS0234: The type or namespace name 'Shared' does not exist in the namespace 'Nexora' (are you missing an assembly reference?) [C:\Users\Deven\Desktop\erp\nexora\backend\src\Nexora.Modules.Onboarding\Nexora.Modules.Onboarding.csproj]
C:\Users\Deven\Desktop\erp\nexora\backend\src\Nexora.Modules.Projects\Controllers\ReimbursementController.cs(2,14): error CS0234: The type or namespace name 'Shared' does not exist in the namespace 'Nexora' (are you missing an assembly reference?) [C:\Users\Deven\Desktop\erp\nexora\backend\src\Nexora.Modules.Projects\Nexora.Modules.Projects.csproj]
C:\Users\Deven\Desktop\erp\nexora\backend\src\Nexora.Modules.Onboarding\Controllers\FnfController.cs(19,22): error CS0246: The type or namespace name 'NexoraDbContext' could not be found (are you missing a using directive or an assembly reference?) [C:\Users\Deven\Desktop\erp\nexora\backend\src\Nexora.Modules.Onboarding\Nexora.Modules.Onboarding.csproj]
C:\Users\Deven\Desktop\erp\nexora\backend\src\Nexora.Modules.Projects\Controllers\ReimbursementController.cs(4,22): error CS0234: The type or namespace name 'Finance' does not exist in the namespace 'Nexora.Modules' (are you missing an assembly reference?) [C:\Users\Deven\Desktop\erp\nexora\backend\src\Nexora.Modules.Projects\Nexora.Modules.Projects.csproj]
C:\Users\Deven\Desktop\erp\nexora\backend\src\Nexora.Modules.Projects\Controllers\ReimbursementController.cs(5,14): error CS0234: The type or namespace name 'Shared' does not exist in the namespace 'Nexora' (are you missing an assembly reference?) [C:\Users\Deven\Desktop\erp\nexora\backend\src\Nexora.Modules.Projects\Nexora.Modules.Projects.csproj]
C:\Users\Deven\Desktop\erp\nexora\backend\src\Nexora.Modules.Onboarding\Controllers\FnfController.cs(20,26): error CS0246: The type or namespace name 'NexoraDbContext' could not be found (are you missing a using directive or an assembly reference?) [C:\Users\Deven\Desktop\erp\nexora\backend\src\Nexora.Modules.Onboarding\Nexora.Modules.Onboarding.csproj]
C:\Users\Deven\Desktop\erp\nexora\backend\src\Nexora.Modules.Projects\Controllers\ReimbursementController.cs(6,22): error CS0234: The type or namespace name 'Identity' does not exist in the namespace 'Nexora.Modules' (are you missing an assembly reference?) [C:\Users\Deven\Desktop\erp\nexora\backend\src\Nexora.Modules.Projects\Nexora.Modules.Projects.csproj]
C:\Users\Deven\Desktop\erp\nexora\backend\src\Nexora.Modules.Onboarding\Controllers\FnfController.cs(30,6): error CS0246: The type or namespace name 'RequirePermissionAttribute' could not be found (are you missing a using directive or an assembly reference?) [C:\Users\Deven\Desktop\erp\nexora\backend\src\Nexora.Modules.Onboarding\Nexora.Modules.Onboarding.csproj]
C:\Users\Deven\Desktop\erp\nexora\backend\src\Nexora.Modules.Projects\Controllers\ReimbursementController.cs(8,22): error CS0234: The type or namespace name 'Workflow' does not exist in the namespace 'Nexora.Modules' (are you missing an assembly reference?) [C:\Users\Deven\Desktop\erp\nexora\backend\src\Nexora.Modules.Projects\Nexora.Modules.Projects.csproj]
C:\Users\Deven\Desktop\erp\nexora\backend\src\Nexora.Modules.Projects\Controllers\ReimbursementController.cs(9,22): error CS0234: The type or namespace name 'Finance' does not exist in the namespace 'Nexora.Modules' (are you missing an assembly reference?) [C:\Users\Deven\Desktop\erp\nexora\backend\src\Nexora.Modules.Projects\Nexora.Modules.Projects.csproj]
C:\Users\Deven\Desktop\erp\nexora\backend\src\Nexora.Modules.Onboarding\Controllers\FnfController.cs(30,6): error CS0246: The type or namespace name 'RequirePermission' could not be found (are you missing a using directive or an assembly reference?) [C:\Users\Deven\Desktop\erp\nexora\backend\src\Nexora.Modules.Onboarding\Nexora.Modules.Onboarding.csproj]
C:\Users\Deven\Desktop\erp\nexora\backend\src\Nexora.Modules.Projects\Controllers\ReimbursementController.cs(10,14): error CS0234: The type or namespace name 'Shared' does not exist in the namespace 'Nexora' (are you missing an assembly reference?) [C:\Users\Deven\Desktop\erp\nexora\backend\src\Nexora.Modules.Projects\Nexora.Modules.Projects.csproj]
C:\Users\Deven\Desktop\erp\nexora\backend\src\Nexora.Modules.Projects\Controllers\ReimbursementController.cs(11,22): error CS0234: The type or namespace name 'Workflow' does not exist in the namespace 'Nexora.Modules' (are you missing an assembly reference?) [C:\Users\Deven\Desktop\erp\nexora\backend\src\Nexora.Modules.Projects\Nexora.Modules.Projects.csproj]
C:\Users\Deven\Desktop\erp\nexora\backend\src\Nexora.Modules.Projects\Controllers\ReimbursementController.cs(14,17): error CS0234: The type or namespace name 'EntityFrameworkCore' does not exist in the namespace 'Microsoft' (are you missing an assembly reference?) [C:\Users\Deven\Desktop\erp\nexora\backend\src\Nexora.Modules.Projects\Nexora.Modules.Projects.csproj]
C:\Users\Deven\Desktop\erp\nexora\backend\src\Nexora.Modules.Projects\Entities\Customer.cs(1,14): error CS0234: The type or namespace name 'Shared' does not exist in the namespace 'Nexora' (are you missing an assembly reference?) [C:\Users\Deven\Desktop\erp\nexora\backend\src\Nexora.Modules.Projects\Nexora.Modules.Projects.csproj]
C:\Users\Deven\Desktop\erp\nexora\backend\src\Nexora.Modules.Projects\Entities\ProjectEntity.cs(1,14): error CS0234: The type or namespace name 'Shared' does not exist in the namespace 'Nexora' (are you missing an assembly reference?) [C:\Users\Deven\Desktop\erp\nexora\backend\src\Nexora.Modules.Projects\Nexora.Modules.Projects.csproj]
C:\Users\Deven\Desktop\erp\nexora\backend\src\Nexora.Modules.Projects\Entities\ProjectExpense.cs(1,14): error CS0234: The type or namespace name 'Shared' does not exist in the namespace 'Nexora' (are you missing an assembly reference?) [C:\Users\Deven\Desktop\erp\nexora\backend\src\Nexora.Modules.Projects\Nexora.Modules.Projects.csproj]
C:\Users\Deven\Desktop\erp\nexora\backend\src\Nexora.Modules.Projects\Entities\ProjectMember.cs(1,14): error CS0234: The type or namespace name 'Shared' does not exist in the namespace 'Nexora' (are you missing an assembly reference?) [C:\Users\Deven\Desktop\erp\nexora\backend\src\Nexora.Modules.Projects\Nexora.Modules.Projects.csproj]
C:\Users\Deven\Desktop\erp\nexora\backend\src\Nexora.Modules.Onboarding\Controllers\FnfController.cs(30,24): error CS0103: The name 'Permission' does not exist in the current context [C:\Users\Deven\Desktop\erp\nexora\backend\src\Nexora.Modules.Onboarding\Nexora.Modules.Onboarding.csproj]
C:\Users\Deven\Desktop\erp\nexora\backend\src\Nexora.Modules.Projects\Entities\ProjectMilestone.cs(1,14): error CS0234: The type or namespace name 'Shared' does not exist in the namespace 'Nexora' (are you missing an assembly reference?) [C:\Users\Deven\Desktop\erp\nexora\backend\src\Nexora.Modules.Projects\Nexora.Modules.Projects.csproj]
C:\Users\Deven\Desktop\erp\nexora\backend\src\Nexora.Modules.Projects\Entities\ProjectTask.cs(1,14): error CS0234: The type or namespace name 'Shared' does not exist in the namespace 'Nexora' (are you missing an assembly reference?) [C:\Users\Deven\Desktop\erp\nexora\backend\src\Nexora.Modules.Projects\Nexora.Modules.Projects.csproj]
C:\Users\Deven\Desktop\erp\nexora\backend\src\Nexora.Modules.Onboarding\Entities\FnfCase.cs(28,24): error CS0246: The type or namespace name 'TenantEntity' could not be found (are you missing a using directive or an assembly reference?) [C:\Users\Deven\Desktop\erp\nexora\backend\src\Nexora.Modules.Onboarding\Nexora.Modules.Onboarding.csproj]
C:\Users\Deven\Desktop\erp\nexora\backend\src\Nexora.Modules.Projects\Entities\ReimbursementRequest.cs(1,14): error CS0234: The type or namespace name 'Shared' does not exist in the namespace 'Nexora' (are you missing an assembly reference?) [C:\Users\Deven\Desktop\erp\nexora\backend\src\Nexora.Modules.Projects\Nexora.Modules.Projects.csproj]
C:\Users\Deven\Desktop\erp\nexora\backend\src\Nexora.Modules.Projects\Entities\Customer.cs(5,25): error CS0246: The type or namespace name 'TenantEntity' could not be found (are you missing a using directive or an assembly reference?) [C:\Users\Deven\Desktop\erp\nexora\backend\src\Nexora.Modules.Projects\Nexora.Modules.Projects.csproj]
C:\Users\Deven\Desktop\erp\nexora\backend\src\Nexora.Modules.Projects\Entities\ProjectEntity.cs(8,30): error CS0246: The type or namespace name 'TenantEntity' could not be found (are you missing a using directive or an assembly reference?) [C:\Users\Deven\Desktop\erp\nexora\backend\src\Nexora.Modules.Projects\Nexora.Modules.Projects.csproj]
C:\Users\Deven\Desktop\erp\nexora\backend\src\Nexora.Modules.Projects\Entities\ProjectMember.cs(8,30): error CS0246: The type or namespace name 'TenantEntity' could not be found (are you missing a using directive or an assembly reference?) [C:\Users\Deven\Desktop\erp\nexora\backend\src\Nexora.Modules.Projects\Nexora.Modules.Projects.csproj]
C:\Users\Deven\Desktop\erp\nexora\backend\src\Nexora.Modules.Projects\Entities\ProjectExpense.cs(10,31): error CS0246: The type or namespace name 'TenantEntity' could not be found (are you missing a using directive or an assembly reference?) [C:\Users\Deven\Desktop\erp\nexora\backend\src\Nexora.Modules.Projects\Nexora.Modules.Projects.csproj]
C:\Users\Deven\Desktop\erp\nexora\backend\src\Nexora.Modules.Projects\Entities\ProjectMilestone.cs(9,33): error CS0246: The type or namespace name 'TenantEntity' could not be found (are you missing a using directive or an assembly reference?) [C:\Users\Deven\Desktop\erp\nexora\backend\src\Nexora.Modules.Projects\Nexora.Modules.Projects.csproj]
C:\Users\Deven\Desktop\erp\nexora\backend\src\Nexora.Modules.Onboarding\Entities\FnfCase.cs(36,33): error CS0246: The type or namespace name 'TenantEntity' could not be found (are you missing a using directive or an assembly reference?) [C:\Users\Deven\Desktop\erp\nexora\backend\src\Nexora.Modules.Onboarding\Nexora.Modules.Onboarding.csproj]
C:\Users\Deven\Desktop\erp\nexora\backend\src\Nexora.Modules.Projects\Entities\ProjectTask.cs(10,28): error CS0246: The type or namespace name 'TenantEntity' could not be found (are you missing a using directive or an assembly reference?) [C:\Users\Deven\Desktop\erp\nexora\backend\src\Nexora.Modules.Projects\Nexora.Modules.Projects.csproj]
C:\Users\Deven\Desktop\erp\nexora\backend\src\Nexora.Modules.Onboarding\Controllers\FnfController.cs(37,6): error CS0246: The type or namespace name 'RequirePermissionAttribute' could not be found (are you missing a using directive or an assembly reference?) [C:\Users\Deven\Desktop\erp\nexora\backend\src\Nexora.Modules.Onboarding\Nexora.Modules.Onboarding.csproj]
C:\Users\Deven\Desktop\erp\nexora\backend\src\Nexora.Modules.Projects\Controllers\CustomersController.cs(17,22): error CS0246: The type or namespace name 'NexoraDbContext' could not be found (are you missing a using directive or an assembly reference?) [C:\Users\Deven\Desktop\erp\nexora\backend\src\Nexora.Modules.Projects\Nexora.Modules.Projects.csproj]
C:\Users\Deven\Desktop\erp\nexora\backend\src\Nexora.Modules.Projects\Entities\ReimbursementRequest.cs(10,37): error CS0246: The type or namespace name 'TenantEntity' could not be found (are you missing a using directive or an assembly reference?) [C:\Users\Deven\Desktop\erp\nexora\backend\src\Nexora.Modules.Projects\Nexora.Modules.Projects.csproj]
C:\Users\Deven\Desktop\erp\nexora\backend\src\Nexora.Modules.Projects\Controllers\CustomersController.cs(18,32): error CS0246: The type or namespace name 'NexoraDbContext' could not be found (are you missing a using directive or an assembly reference?) [C:\Users\Deven\Desktop\erp\nexora\backend\src\Nexora.Modules.Projects\Nexora.Modules.Projects.csproj]
C:\Users\Deven\Desktop\erp\nexora\backend\src\Nexora.Modules.Onboarding\Controllers\FnfController.cs(37,6): error CS0246: The type or namespace name 'RequirePermission' could not be found (are you missing a using directive or an assembly reference?) [C:\Users\Deven\Desktop\erp\nexora\backend\src\Nexora.Modules.Onboarding\Nexora.Modules.Onboarding.csproj]
C:\Users\Deven\Desktop\erp\nexora\backend\src\Nexora.Modules.Projects\Contracts\ProjectContracts.cs(16,83): error CS0246: The type or namespace name 'Erp' could not be found (are you missing a using directive or an assembly reference?) [C:\Users\Deven\Desktop\erp\nexora\backend\src\Nexora.Modules.Projects\Nexora.Modules.Projects.csproj]
C:\Users\Deven\Desktop\erp\nexora\backend\src\Nexora.Modules.Projects\Controllers\ProjectsController.cs(32,70): error CS0246: The type or namespace name 'ScopeDecision' could not be found (are you missing a using directive or an assembly reference?) [C:\Users\Deven\Desktop\erp\nexora\backend\src\Nexora.Modules.Projects\Nexora.Modules.Projects.csproj]
C:\Users\Deven\Desktop\erp\nexora\backend\src\Nexora.Modules.Projects\Controllers\CustomersController.cs(21,6): error CS0246: The type or namespace name 'RequirePermissionAttribute' could not be found (are you missing a using directive or an assembly reference?) [C:\Users\Deven\Desktop\erp\nexora\backend\src\Nexora.Modules.Projects\Nexora.Modules.Projects.csproj]
C:\Users\Deven\Desktop\erp\nexora\backend\src\Nexora.Modules.Projects\Controllers\CustomersController.cs(21,6): error CS0246: The type or namespace name 'RequirePermission' could not be found (are you missing a using directive or an assembly reference?) [C:\Users\Deven\Desktop\erp\nexora\backend\src\Nexora.Modules.Projects\Nexora.Modules.Projects.csproj]
C:\Users\Deven\Desktop\erp\nexora\backend\src\Nexora.Modules.Projects\Controllers\CustomersController.cs(21,24): error CS0103: The name 'Permission' does not exist in the current context [C:\Users\Deven\Desktop\erp\nexora\backend\src\Nexora.Modules.Projects\Nexora.Modules.Projects.csproj]
C:\Users\Deven\Desktop\erp\nexora\backend\src\Nexora.Modules.Projects\Controllers\ProjectExpensesController.cs(27,22): error CS0246: The type or namespace name 'NexoraDbContext' could not be found (are you missing a using directive or an assembly reference?) [C:\Users\Deven\Desktop\erp\nexora\backend\src\Nexora.Modules.Projects\Nexora.Modules.Projects.csproj]
C:\Users\Deven\Desktop\erp\nexora\backend\src\Nexora.Modules.Onboarding\Controllers\FnfController.cs(37,24): error CS0103: The name 'Permission' does not exist in the current context [C:\Users\Deven\Desktop\erp\nexora\backend\src\Nexora.Modules.Onboarding\Nexora.Modules.Onboarding.csproj]
C:\Users\Deven\Desktop\erp\nexora\backend\src\Nexora.Modules.Projects\Contracts\ProjectContracts.cs(36,39): error CS0246: The type or namespace name 'Erp' could not be found (are you missing a using directive or an assembly reference?) [C:\Users\Deven\Desktop\erp\nexora\backend\src\Nexora.Modules.Projects\Nexora.Modules.Projects.csproj]
C:\Users\Deven\Desktop\erp\nexora\backend\src\Nexora.Modules.Projects\Controllers\ProjectExpensesController.cs(28,22): error CS0246: The type or namespace name 'IApprovalWorkflowService' could not be found (are you missing a using directive or an assembly reference?) [C:\Users\Deven\Desktop\erp\nexora\backend\src\Nexora.Modules.Projects\Nexora.Modules.Projects.csproj]
C:\Users\Deven\Desktop\erp\nexora\backend\src\Nexora.Modules.Onboarding\Controllers\FnfController.cs(45,6): error CS0246: The type or namespace name 'RequirePermissionAttribute' could not be found (are you missing a using directive or an assembly reference?) [C:\Users\Deven\Desktop\erp\nexora\backend\src\Nexora.Modules.Onboarding\Nexora.Modules.Onboarding.csproj]
C:\Users\Deven\Desktop\erp\nexora\backend\src\Nexora.Modules.Projects\Controllers\CustomersController.cs(32,6): error CS0246: The type or namespace name 'RequirePermissionAttribute' could not be found (are you missing a using directive or an assembly reference?) [C:\Users\Deven\Desktop\erp\nexora\backend\src\Nexora.Modules.Projects\Nexora.Modules.Projects.csproj]
C:\Users\Deven\Desktop\erp\nexora\backend\src\Nexora.Modules.Projects\Controllers\CustomersController.cs(32,6): error CS0246: The type or namespace name 'RequirePermission' could not be found (are you missing a using directive or an assembly reference?) [C:\Users\Deven\Desktop\erp\nexora\backend\src\Nexora.Modules.Projects\Nexora.Modules.Projects.csproj]
C:\Users\Deven\Desktop\erp\nexora\backend\src\Nexora.Modules.Onboarding\Controllers\FnfController.cs(45,6): error CS0246: The type or namespace name 'RequirePermission' could not be found (are you missing a using directive or an assembly reference?) [C:\Users\Deven\Desktop\erp\nexora\backend\src\Nexora.Modules.Onboarding\Nexora.Modules.Onboarding.csproj]
C:\Users\Deven\Desktop\erp\nexora\backend\src\Nexora.Modules.Projects\Controllers\CustomersController.cs(32,24): error CS0103: The name 'Permission' does not exist in the current context [C:\Users\Deven\Desktop\erp\nexora\backend\src\Nexora.Modules.Projects\Nexora.Modules.Projects.csproj]
C:\Users\Deven\Desktop\erp\nexora\backend\src\Nexora.Modules.Onboarding\Controllers\FnfController.cs(45,24): error CS0103: The name 'Permission' does not exist in the current context [C:\Users\Deven\Desktop\erp\nexora\backend\src\Nexora.Modules.Onboarding\Nexora.Modules.Onboarding.csproj]
C:\Users\Deven\Desktop\erp\nexora\backend\src\Nexora.Modules.Onboarding\Entities\OnboardingTask.cs(26,31): error CS0246: The type or namespace name 'TenantEntity' could not be found (are you missing a using directive or an assembly reference?) [C:\Users\Deven\Desktop\erp\nexora\backend\src\Nexora.Modules.Onboarding\Nexora.Modules.Onboarding.csproj]
C:\Users\Deven\Desktop\erp\nexora\backend\src\Nexora.Modules.Onboarding\Controllers\FnfController.cs(53,6): error CS0246: The type or namespace name 'RequirePermissionAttribute' could not be found (are you missing a using directive or an assembly reference?) [C:\Users\Deven\Desktop\erp\nexora\backend\src\Nexora.Modules.Onboarding\Nexora.Modules.Onboarding.csproj]
C:\Users\Deven\Desktop\erp\nexora\backend\src\Nexora.Modules.Projects\Contracts\ProjectContracts.cs(34,40): error CS0246: The type or namespace name 'Erp' could not be found (are you missing a using directive or an assembly reference?) [C:\Users\Deven\Desktop\erp\nexora\backend\src\Nexora.Modules.Projects\Nexora.Modules.Projects.csproj]
C:\Users\Deven\Desktop\erp\nexora\backend\src\Nexora.Modules.Projects\Controllers\ProjectExpensesController.cs(29,22): error CS0246: The type or namespace name 'IAccountingPostingService' could not be found (are you missing a using directive or an assembly reference?) [C:\Users\Deven\Desktop\erp\nexora\backend\src\Nexora.Modules.Projects\Nexora.Modules.Projects.csproj]
C:\Users\Deven\Desktop\erp\nexora\backend\src\Nexora.Modules.Projects\Controllers\ProjectsController.cs(19,22): error CS0246: The type or namespace name 'NexoraDbContext' could not be found (are you missing a using directive or an assembly reference?) [C:\Users\Deven\Desktop\erp\nexora\backend\src\Nexora.Modules.Projects\Nexora.Modules.Projects.csproj]
C:\Users\Deven\Desktop\erp\nexora\backend\src\Nexora.Modules.Onboarding\Controllers\FnfController.cs(53,6): error CS0246: The type or namespace name 'RequirePermission' could not be found (are you missing a using directive or an assembly reference?) [C:\Users\Deven\Desktop\erp\nexora\backend\src\Nexora.Modules.Onboarding\Nexora.Modules.Onboarding.csproj]
C:\Users\Deven\Desktop\erp\nexora\backend\src\Nexora.Modules.Onboarding\Controllers\FnfController.cs(53,24): error CS0103: The name 'Permission' does not exist in the current context [C:\Users\Deven\Desktop\erp\nexora\backend\src\Nexora.Modules.Onboarding\Nexora.Modules.Onboarding.csproj]
C:\Users\Deven\Desktop\erp\nexora\backend\src\Nexora.Modules.Projects\Controllers\ProjectsController.cs(20,22): error CS0246: The type or namespace name 'DataScopeService' could not be found (are you missing a using directive or an assembly reference?) [C:\Users\Deven\Desktop\erp\nexora\backend\src\Nexora.Modules.Projects\Nexora.Modules.Projects.csproj]
C:\Users\Deven\Desktop\erp\nexora\backend\src\Nexora.Modules.Onboarding\Controllers\FnfController.cs(90,6): error CS0246: The type or namespace name 'RequirePermissionAttribute' could not be found (are you missing a using directive or an assembly reference?) [C:\Users\Deven\Desktop\erp\nexora\backend\src\Nexora.Modules.Onboarding\Nexora.Modules.Onboarding.csproj]
C:\Users\Deven\Desktop\erp\nexora\backend\src\Nexora.Modules.Projects\Controllers\ProjectExpensesController.cs(31,38): error CS0246: The type or namespace name 'NexoraDbContext' could not be found (are you missing a using directive or an assembly reference?) [C:\Users\Deven\Desktop\erp\nexora\backend\src\Nexora.Modules.Projects\Nexora.Modules.Projects.csproj]
C:\Users\Deven\Desktop\erp\nexora\backend\src\Nexora.Modules.Onboarding\Controllers\FnfController.cs(90,6): error CS0246: The type or namespace name 'RequirePermission' could not be found (are you missing a using directive or an assembly reference?) [C:\Users\Deven\Desktop\erp\nexora\backend\src\Nexora.Modules.Onboarding\Nexora.Modules.Onboarding.csproj]
C:\Users\Deven\Desktop\erp\nexora\backend\src\Nexora.Modules.Projects\Controllers\ProjectExpensesController.cs(31,58): error CS0246: The type or namespace name 'IApprovalWorkflowService' could not be found (are you missing a using directive or an assembly reference?) [C:\Users\Deven\Desktop\erp\nexora\backend\src\Nexora.Modules.Projects\Nexora.Modules.Projects.csproj]
C:\Users\Deven\Desktop\erp\nexora\backend\src\Nexora.Modules.Projects\Controllers\ProjectExpensesController.cs(31,93): error CS0246: The type or namespace name 'IAccountingPostingService' could not be found (are you missing a using directive or an assembly reference?) [C:\Users\Deven\Desktop\erp\nexora\backend\src\Nexora.Modules.Projects\Nexora.Modules.Projects.csproj]
C:\Users\Deven\Desktop\erp\nexora\backend\src\Nexora.Modules.Projects\Controllers\ProjectsController.cs(21,31): error CS0246: The type or namespace name 'NexoraDbContext' could not be found (are you missing a using directive or an assembly reference?) [C:\Users\Deven\Desktop\erp\nexora\backend\src\Nexora.Modules.Projects\Nexora.Modules.Projects.csproj]
C:\Users\Deven\Desktop\erp\nexora\backend\src\Nexora.Modules.Onboarding\Controllers\FnfController.cs(90,24): error CS0103: The name 'Permission' does not exist in the current context [C:\Users\Deven\Desktop\erp\nexora\backend\src\Nexora.Modules.Onboarding\Nexora.Modules.Onboarding.csproj]
C:\Users\Deven\Desktop\erp\nexora\backend\src\Nexora.Modules.Projects\Controllers\ProjectsController.cs(21,51): error CS0246: The type or namespace name 'DataScopeService' could not be found (are you missing a using directive or an assembly reference?) [C:\Users\Deven\Desktop\erp\nexora\backend\src\Nexora.Modules.Projects\Nexora.Modules.Projects.csproj]
C:\Users\Deven\Desktop\erp\nexora\backend\src\Nexora.Modules.Onboarding\Controllers\FnfController.cs(107,6): error CS0246: The type or namespace name 'RequirePermissionAttribute' could not be found (are you missing a using directive or an assembly reference?) [C:\Users\Deven\Desktop\erp\nexora\backend\src\Nexora.Modules.Onboarding\Nexora.Modules.Onboarding.csproj]
C:\Users\Deven\Desktop\erp\nexora\backend\src\Nexora.Modules.Projects\Contracts\ProjectContracts.cs(46,77): error CS0246: The type or namespace name 'Erp' could not be found (are you missing a using directive or an assembly reference?) [C:\Users\Deven\Desktop\erp\nexora\backend\src\Nexora.Modules.Projects\Nexora.Modules.Projects.csproj]
C:\Users\Deven\Desktop\erp\nexora\backend\src\Nexora.Modules.Onboarding\Controllers\FnfController.cs(107,6): error CS0246: The type or namespace name 'RequirePermission' could not be found (are you missing a using directive or an assembly reference?) [C:\Users\Deven\Desktop\erp\nexora\backend\src\Nexora.Modules.Onboarding\Nexora.Modules.Onboarding.csproj]
C:\Users\Deven\Desktop\erp\nexora\backend\src\Nexora.Modules.Projects\Controllers\ReimbursementController.cs(26,22): error CS0246: The type or namespace name 'NexoraDbContext' could not be found (are you missing a using directive or an assembly reference?) [C:\Users\Deven\Desktop\erp\nexora\backend\src\Nexora.Modules.Projects\Nexora.Modules.Projects.csproj]
C:\Users\Deven\Desktop\erp\nexora\backend\src\Nexora.Modules.Onboarding\Controllers\FnfController.cs(107,24): error CS0103: The name 'Permission' does not exist in the current context [C:\Users\Deven\Desktop\erp\nexora\backend\src\Nexora.Modules.Onboarding\Nexora.Modules.Onboarding.csproj]
C:\Users\Deven\Desktop\erp\nexora\backend\src\Nexora.Modules.Projects\Controllers\ReimbursementController.cs(27,22): error CS0246: The type or namespace name 'IApprovalWorkflowService' could not be found (are you missing a using directive or an assembly reference?) [C:\Users\Deven\Desktop\erp\nexora\backend\src\Nexora.Modules.Projects\Nexora.Modules.Projects.csproj]
C:\Users\Deven\Desktop\erp\nexora\backend\src\Nexora.Modules.Projects\Controllers\ProjectsController.cs(70,6): error CS0246: The type or namespace name 'RequirePermissionAttribute' could not be found (are you missing a using directive or an assembly reference?) [C:\Users\Deven\Desktop\erp\nexora\backend\src\Nexora.Modules.Projects\Nexora.Modules.Projects.csproj]
C:\Users\Deven\Desktop\erp\nexora\backend\src\Nexora.Modules.Onboarding\Controllers\OnboardingController.cs(19,22): error CS0246: The type or namespace name 'NexoraDbContext' could not be found (are you missing a using directive or an assembly reference?) [C:\Users\Deven\Desktop\erp\nexora\backend\src\Nexora.Modules.Onboarding\Nexora.Modules.Onboarding.csproj]
C:\Users\Deven\Desktop\erp\nexora\backend\src\Nexora.Modules.Projects\Controllers\ProjectsController.cs(70,6): error CS0246: The type or namespace name 'RequirePermission' could not be found (are you missing a using directive or an assembly reference?) [C:\Users\Deven\Desktop\erp\nexora\backend\src\Nexora.Modules.Projects\Nexora.Modules.Projects.csproj]
C:\Users\Deven\Desktop\erp\nexora\backend\src\Nexora.Modules.Onboarding\Controllers\OnboardingController.cs(20,33): error CS0246: The type or namespace name 'NexoraDbContext' could not be found (are you missing a using directive or an assembly reference?) [C:\Users\Deven\Desktop\erp\nexora\backend\src\Nexora.Modules.Onboarding\Nexora.Modules.Onboarding.csproj]
C:\Users\Deven\Desktop\erp\nexora\backend\src\Nexora.Modules.Projects\Controllers\ProjectsController.cs(70,24): error CS0103: The name 'Permission' does not exist in the current context [C:\Users\Deven\Desktop\erp\nexora\backend\src\Nexora.Modules.Projects\Nexora.Modules.Projects.csproj]
C:\Users\Deven\Desktop\erp\nexora\backend\src\Nexora.Modules.Projects\Controllers\ProjectExpensesController.cs(44,6): error CS0246: The type or namespace name 'RequirePermissionAttribute' could not be found (are you missing a using directive or an assembly reference?) [C:\Users\Deven\Desktop\erp\nexora\backend\src\Nexora.Modules.Projects\Nexora.Modules.Projects.csproj]
C:\Users\Deven\Desktop\erp\nexora\backend\src\Nexora.Modules.Onboarding\Controllers\OnboardingController.cs(32,6): error CS0246: The type or namespace name 'RequirePermissionAttribute' could not be found (are you missing a using directive or an assembly reference?) [C:\Users\Deven\Desktop\erp\nexora\backend\src\Nexora.Modules.Onboarding\Nexora.Modules.Onboarding.csproj]
C:\Users\Deven\Desktop\erp\nexora\backend\src\Nexora.Modules.Projects\Controllers\ProjectExpensesController.cs(44,6): error CS0246: The type or namespace name 'RequirePermission' could not be found (are you missing a using directive or an assembly reference?) [C:\Users\Deven\Desktop\erp\nexora\backend\src\Nexora.Modules.Projects\Nexora.Modules.Projects.csproj]
C:\Users\Deven\Desktop\erp\nexora\backend\src\Nexora.Modules.Projects\Controllers\ProjectExpensesController.cs(44,24): error CS0103: The name 'Permission' does not exist in the current context [C:\Users\Deven\Desktop\erp\nexora\backend\src\Nexora.Modules.Projects\Nexora.Modules.Projects.csproj]
C:\Users\Deven\Desktop\erp\nexora\backend\src\Nexora.Modules.Onboarding\Controllers\OnboardingController.cs(32,6): error CS0246: The type or namespace name 'RequirePermission' could not be found (are you missing a using directive or an assembly reference?) [C:\Users\Deven\Desktop\erp\nexora\backend\src\Nexora.Modules.Onboarding\Nexora.Modules.Onboarding.csproj]
C:\Users\Deven\Desktop\erp\nexora\backend\src\Nexora.Modules.Projects\Controllers\ReimbursementController.cs(28,22): error CS0246: The type or namespace name 'IAccountingPostingService' could not be found (are you missing a using directive or an assembly reference?) [C:\Users\Deven\Desktop\erp\nexora\backend\src\Nexora.Modules.Projects\Nexora.Modules.Projects.csproj]
C:\Users\Deven\Desktop\erp\nexora\backend\src\Nexora.Modules.Onboarding\Controllers\OnboardingController.cs(32,24): error CS0103: The name 'Permission' does not exist in the current context [C:\Users\Deven\Desktop\erp\nexora\backend\src\Nexora.Modules.Onboarding\Nexora.Modules.Onboarding.csproj]
C:\Users\Deven\Desktop\erp\nexora\backend\src\Nexora.Modules.Projects\Controllers\ProjectsController.cs(93,6): error CS0246: The type or namespace name 'RequirePermissionAttribute' could not be found (are you missing a using directive or an assembly reference?) [C:\Users\Deven\Desktop\erp\nexora\backend\src\Nexora.Modules.Projects\Nexora.Modules.Projects.csproj]
C:\Users\Deven\Desktop\erp\nexora\backend\src\Nexora.Modules.Onboarding\Controllers\OnboardingController.cs(41,6): error CS0246: The type or namespace name 'RequirePermissionAttribute' could not be found (are you missing a using directive or an assembly reference?) [C:\Users\Deven\Desktop\erp\nexora\backend\src\Nexora.Modules.Onboarding\Nexora.Modules.Onboarding.csproj]
C:\Users\Deven\Desktop\erp\nexora\backend\src\Nexora.Modules.Projects\Controllers\ProjectsController.cs(93,6): error CS0246: The type or namespace name 'RequirePermission' could not be found (are you missing a using directive or an assembly reference?) [C:\Users\Deven\Desktop\erp\nexora\backend\src\Nexora.Modules.Projects\Nexora.Modules.Projects.csproj]
C:\Users\Deven\Desktop\erp\nexora\backend\src\Nexora.Modules.Onboarding\Controllers\OnboardingController.cs(41,6): error CS0246: The type or namespace name 'RequirePermission' could not be found (are you missing a using directive or an assembly reference?) [C:\Users\Deven\Desktop\erp\nexora\backend\src\Nexora.Modules.Onboarding\Nexora.Modules.Onboarding.csproj]
C:\Users\Deven\Desktop\erp\nexora\backend\src\Nexora.Modules.Projects\Controllers\ProjectsController.cs(93,24): error CS0103: The name 'Permission' does not exist in the current context [C:\Users\Deven\Desktop\erp\nexora\backend\src\Nexora.Modules.Projects\Nexora.Modules.Projects.csproj]
C:\Users\Deven\Desktop\erp\nexora\backend\src\Nexora.Modules.Onboarding\Controllers\OnboardingController.cs(41,24): error CS0103: The name 'Permission' does not exist in the current context [C:\Users\Deven\Desktop\erp\nexora\backend\src\Nexora.Modules.Onboarding\Nexora.Modules.Onboarding.csproj]
C:\Users\Deven\Desktop\erp\nexora\backend\src\Nexora.Modules.Projects\Controllers\ProjectExpensesController.cs(52,6): error CS0246: The type or namespace name 'RequirePermissionAttribute' could not be found (are you missing a using directive or an assembly reference?) [C:\Users\Deven\Desktop\erp\nexora\backend\src\Nexora.Modules.Projects\Nexora.Modules.Projects.csproj]
C:\Users\Deven\Desktop\erp\nexora\backend\src\Nexora.Modules.Onboarding\Controllers\OnboardingController.cs(49,6): error CS0246: The type or namespace name 'RequirePermissionAttribute' could not be found (are you missing a using directive or an assembly reference?) [C:\Users\Deven\Desktop\erp\nexora\backend\src\Nexora.Modules.Onboarding\Nexora.Modules.Onboarding.csproj]
C:\Users\Deven\Desktop\erp\nexora\backend\src\Nexora.Modules.Projects\Controllers\ProjectExpensesController.cs(52,6): error CS0246: The type or namespace name 'RequirePermission' could not be found (are you missing a using directive or an assembly reference?) [C:\Users\Deven\Desktop\erp\nexora\backend\src\Nexora.Modules.Projects\Nexora.Modules.Projects.csproj]
C:\Users\Deven\Desktop\erp\nexora\backend\src\Nexora.Modules.Onboarding\Controllers\OnboardingController.cs(49,6): error CS0246: The type or namespace name 'RequirePermission' could not be found (are you missing a using directive or an assembly reference?) [C:\Users\Deven\Desktop\erp\nexora\backend\src\Nexora.Modules.Onboarding\Nexora.Modules.Onboarding.csproj]
C:\Users\Deven\Desktop\erp\nexora\backend\src\Nexora.Modules.Projects\Controllers\ProjectExpensesController.cs(52,24): error CS0103: The name 'Permission' does not exist in the current context [C:\Users\Deven\Desktop\erp\nexora\backend\src\Nexora.Modules.Projects\Nexora.Modules.Projects.csproj]
C:\Users\Deven\Desktop\erp\nexora\backend\src\Nexora.Modules.Onboarding\Controllers\OnboardingController.cs(49,24): error CS0103: The name 'Permission' does not exist in the current context [C:\Users\Deven\Desktop\erp\nexora\backend\src\Nexora.Modules.Onboarding\Nexora.Modules.Onboarding.csproj]
C:\Users\Deven\Desktop\erp\nexora\backend\src\Nexora.Modules.Onboarding\Controllers\OnboardingController.cs(60,6): error CS0246: The type or namespace name 'RequirePermissionAttribute' could not be found (are you missing a using directive or an assembly reference?) [C:\Users\Deven\Desktop\erp\nexora\backend\src\Nexora.Modules.Onboarding\Nexora.Modules.Onboarding.csproj]
C:\Users\Deven\Desktop\erp\nexora\backend\src\Nexora.Modules.Projects\Controllers\ReimbursementController.cs(30,36): error CS0246: The type or namespace name 'NexoraDbContext' could not be found (are you missing a using directive or an assembly reference?) [C:\Users\Deven\Desktop\erp\nexora\backend\src\Nexora.Modules.Projects\Nexora.Modules.Projects.csproj]
C:\Users\Deven\Desktop\erp\nexora\backend\src\Nexora.Modules.Projects\Controllers\ReimbursementController.cs(30,56): error CS0246: The type or namespace name 'IApprovalWorkflowService' could not be found (are you missing a using directive or an assembly reference?) [C:\Users\Deven\Desktop\erp\nexora\backend\src\Nexora.Modules.Projects\Nexora.Modules.Projects.csproj]
C:\Users\Deven\Desktop\erp\nexora\backend\src\Nexora.Modules.Onboarding\Controllers\OnboardingController.cs(60,6): error CS0246: The type or namespace name 'RequirePermission' could not be found (are you missing a using directive or an assembly reference?) [C:\Users\Deven\Desktop\erp\nexora\backend\src\Nexora.Modules.Onboarding\Nexora.Modules.Onboarding.csproj]
C:\Users\Deven\Desktop\erp\nexora\backend\src\Nexora.Modules.Onboarding\Controllers\OnboardingController.cs(60,24): error CS0103: The name 'Permission' does not exist in the current context [C:\Users\Deven\Desktop\erp\nexora\backend\src\Nexora.Modules.Onboarding\Nexora.Modules.Onboarding.csproj]
C:\Users\Deven\Desktop\erp\nexora\backend\src\Nexora.Modules.Projects\Controllers\ReimbursementController.cs(30,91): error CS0246: The type or namespace name 'IAccountingPostingService' could not be found (are you missing a using directive or an assembly reference?) [C:\Users\Deven\Desktop\erp\nexora\backend\src\Nexora.Modules.Projects\Nexora.Modules.Projects.csproj]
C:\Users\Deven\Desktop\erp\nexora\backend\src\Nexora.Modules.Onboarding\Controllers\OnboardingController.cs(74,6): error CS0246: The type or namespace name 'RequirePermissionAttribute' could not be found (are you missing a using directive or an assembly reference?) [C:\Users\Deven\Desktop\erp\nexora\backend\src\Nexora.Modules.Onboarding\Nexora.Modules.Onboarding.csproj]
C:\Users\Deven\Desktop\erp\nexora\backend\src\Nexora.Modules.Projects\Controllers\ProjectsController.cs(115,6): error CS0246: The type or namespace name 'RequirePermissionAttribute' could not be found (are you missing a using directive or an assembly reference?) [C:\Users\Deven\Desktop\erp\nexora\backend\src\Nexora.Modules.Projects\Nexora.Modules.Projects.csproj]
C:\Users\Deven\Desktop\erp\nexora\backend\src\Nexora.Modules.Onboarding\Controllers\OnboardingController.cs(74,6): error CS0246: The type or namespace name 'RequirePermission' could not be found (are you missing a using directive or an assembly reference?) [C:\Users\Deven\Desktop\erp\nexora\backend\src\Nexora.Modules.Onboarding\Nexora.Modules.Onboarding.csproj]
C:\Users\Deven\Desktop\erp\nexora\backend\src\Nexora.Modules.Projects\Controllers\ProjectsController.cs(115,6): error CS0246: The type or namespace name 'RequirePermission' could not be found (are you missing a using directive or an assembly reference?) [C:\Users\Deven\Desktop\erp\nexora\backend\src\Nexora.Modules.Projects\Nexora.Modules.Projects.csproj]
C:\Users\Deven\Desktop\erp\nexora\backend\src\Nexora.Modules.Onboarding\Controllers\OnboardingController.cs(74,24): error CS0103: The name 'Permission' does not exist in the current context [C:\Users\Deven\Desktop\erp\nexora\backend\src\Nexora.Modules.Onboarding\Nexora.Modules.Onboarding.csproj]
C:\Users\Deven\Desktop\erp\nexora\backend\src\Nexora.Modules.Projects\Controllers\ProjectsController.cs(115,24): error CS0103: The name 'Permission' does not exist in the current context [C:\Users\Deven\Desktop\erp\nexora\backend\src\Nexora.Modules.Projects\Nexora.Modules.Projects.csproj]
C:\Users\Deven\Desktop\erp\nexora\backend\src\Nexora.Modules.Onboarding\Controllers\OnboardingController.cs(106,6): error CS0246: The type or namespace name 'RequirePermissionAttribute' could not be found (are you missing a using directive or an assembly reference?) [C:\Users\Deven\Desktop\erp\nexora\backend\src\Nexora.Modules.Onboarding\Nexora.Modules.Onboarding.csproj]
C:\Users\Deven\Desktop\erp\nexora\backend\src\Nexora.Modules.Projects\Controllers\ProjectExpensesController.cs(63,6): error CS0246: The type or namespace name 'RequirePermissionAttribute' could not be found (are you missing a using directive or an assembly reference?) [C:\Users\Deven\Desktop\erp\nexora\backend\src\Nexora.Modules.Projects\Nexora.Modules.Projects.csproj]
C:\Users\Deven\Desktop\erp\nexora\backend\src\Nexora.Modules.Projects\Controllers\ProjectExpensesController.cs(63,6): error CS0246: The type or namespace name 'RequirePermission' could not be found (are you missing a using directive or an assembly reference?) [C:\Users\Deven\Desktop\erp\nexora\backend\src\Nexora.Modules.Projects\Nexora.Modules.Projects.csproj]
C:\Users\Deven\Desktop\erp\nexora\backend\src\Nexora.Modules.Onboarding\Controllers\OnboardingController.cs(106,6): error CS0246: The type or namespace name 'RequirePermission' could not be found (are you missing a using directive or an assembly reference?) [C:\Users\Deven\Desktop\erp\nexora\backend\src\Nexora.Modules.Onboarding\Nexora.Modules.Onboarding.csproj]
C:\Users\Deven\Desktop\erp\nexora\backend\src\Nexora.Modules.Projects\Controllers\ProjectExpensesController.cs(63,24): error CS0103: The name 'Permission' does not exist in the current context [C:\Users\Deven\Desktop\erp\nexora\backend\src\Nexora.Modules.Projects\Nexora.Modules.Projects.csproj]
C:\Users\Deven\Desktop\erp\nexora\backend\src\Nexora.Modules.Projects\Controllers\ProjectsController.cs(147,6): error CS0246: The type or namespace name 'RequirePermissionAttribute' could not be found (are you missing a using directive or an assembly reference?) [C:\Users\Deven\Desktop\erp\nexora\backend\src\Nexora.Modules.Projects\Nexora.Modules.Projects.csproj]
C:\Users\Deven\Desktop\erp\nexora\backend\src\Nexora.Modules.Onboarding\Controllers\OnboardingController.cs(106,24): error CS0103: The name 'Permission' does not exist in the current context [C:\Users\Deven\Desktop\erp\nexora\backend\src\Nexora.Modules.Onboarding\Nexora.Modules.Onboarding.csproj]
C:\Users\Deven\Desktop\erp\nexora\backend\src\Nexora.Modules.Projects\Controllers\ProjectsController.cs(147,6): error CS0246: The type or namespace name 'RequirePermission' could not be found (are you missing a using directive or an assembly reference?) [C:\Users\Deven\Desktop\erp\nexora\backend\src\Nexora.Modules.Projects\Nexora.Modules.Projects.csproj]
C:\Users\Deven\Desktop\erp\nexora\backend\src\Nexora.Modules.Onboarding\Controllers\OnboardingController.cs(129,6): error CS0246: The type or namespace name 'RequirePermissionAttribute' could not be found (are you missing a using directive or an assembly reference?) [C:\Users\Deven\Desktop\erp\nexora\backend\src\Nexora.Modules.Onboarding\Nexora.Modules.Onboarding.csproj]
C:\Users\Deven\Desktop\erp\nexora\backend\src\Nexora.Modules.Projects\Controllers\ProjectsController.cs(147,24): error CS0103: The name 'Permission' does not exist in the current context [C:\Users\Deven\Desktop\erp\nexora\backend\src\Nexora.Modules.Projects\Nexora.Modules.Projects.csproj]
C:\Users\Deven\Desktop\erp\nexora\backend\src\Nexora.Modules.Onboarding\Controllers\OnboardingController.cs(129,6): error CS0246: The type or namespace name 'RequirePermission' could not be found (are you missing a using directive or an assembly reference?) [C:\Users\Deven\Desktop\erp\nexora\backend\src\Nexora.Modules.Onboarding\Nexora.Modules.Onboarding.csproj]
C:\Users\Deven\Desktop\erp\nexora\backend\src\Nexora.Modules.Projects\Controllers\ReimbursementController.cs(43,6): error CS0246: The type or namespace name 'RequirePermissionAttribute' could not be found (are you missing a using directive or an assembly reference?) [C:\Users\Deven\Desktop\erp\nexora\backend\src\Nexora.Modules.Projects\Nexora.Modules.Projects.csproj]
C:\Users\Deven\Desktop\erp\nexora\backend\src\Nexora.Modules.Onboarding\Controllers\OnboardingController.cs(129,24): error CS0103: The name 'Permission' does not exist in the current context [C:\Users\Deven\Desktop\erp\nexora\backend\src\Nexora.Modules.Onboarding\Nexora.Modules.Onboarding.csproj]
C:\Users\Deven\Desktop\erp\nexora\backend\src\Nexora.Modules.Projects\Controllers\ReimbursementController.cs(43,6): error CS0246: The type or namespace name 'RequirePermission' could not be found (are you missing a using directive or an assembly reference?) [C:\Users\Deven\Desktop\erp\nexora\backend\src\Nexora.Modules.Projects\Nexora.Modules.Projects.csproj]
C:\Users\Deven\Desktop\erp\nexora\backend\src\Nexora.Modules.Projects\Controllers\ReimbursementController.cs(43,24): error CS0103: The name 'Permission' does not exist in the current context [C:\Users\Deven\Desktop\erp\nexora\backend\src\Nexora.Modules.Projects\Nexora.Modules.Projects.csproj]
C:\Users\Deven\Desktop\erp\nexora\backend\src\Nexora.Modules.Projects\Controllers\ProjectExpensesController.cs(83,6): error CS0246: The type or namespace name 'RequirePermissionAttribute' could not be found (are you missing a using directive or an assembly reference?) [C:\Users\Deven\Desktop\erp\nexora\backend\src\Nexora.Modules.Projects\Nexora.Modules.Projects.csproj]
C:\Users\Deven\Desktop\erp\nexora\backend\src\Nexora.Modules.Projects\Controllers\ProjectExpensesController.cs(83,6): error CS0246: The type or namespace name 'RequirePermission' could not be found (are you missing a using directive or an assembly reference?) [C:\Users\Deven\Desktop\erp\nexora\backend\src\Nexora.Modules.Projects\Nexora.Modules.Projects.csproj]
C:\Users\Deven\Desktop\erp\nexora\backend\src\Nexora.Modules.Projects\Controllers\ProjectExpensesController.cs(83,24): error CS0103: The name 'Permission' does not exist in the current context [C:\Users\Deven\Desktop\erp\nexora\backend\src\Nexora.Modules.Projects\Nexora.Modules.Projects.csproj]
C:\Users\Deven\Desktop\erp\nexora\backend\src\Nexora.Modules.Projects\Controllers\ProjectsController.cs(172,6): error CS0246: The type or namespace name 'RequirePermissionAttribute' could not be found (are you missing a using directive or an assembly reference?) [C:\Users\Deven\Desktop\erp\nexora\backend\src\Nexora.Modules.Projects\Nexora.Modules.Projects.csproj]
C:\Users\Deven\Desktop\erp\nexora\backend\src\Nexora.Modules.Projects\Controllers\ProjectsController.cs(172,6): error CS0246: The type or namespace name 'RequirePermission' could not be found (are you missing a using directive or an assembly reference?) [C:\Users\Deven\Desktop\erp\nexora\backend\src\Nexora.Modules.Projects\Nexora.Modules.Projects.csproj]
C:\Users\Deven\Desktop\erp\nexora\backend\src\Nexora.Modules.Projects\Controllers\ProjectsController.cs(172,24): error CS0103: The name 'Permission' does not exist in the current context [C:\Users\Deven\Desktop\erp\nexora\backend\src\Nexora.Modules.Projects\Nexora.Modules.Projects.csproj]
C:\Users\Deven\Desktop\erp\nexora\backend\src\Nexora.Modules.Projects\Controllers\ReimbursementController.cs(51,6): error CS0246: The type or namespace name 'RequirePermissionAttribute' could not be found (are you missing a using directive or an assembly reference?) [C:\Users\Deven\Desktop\erp\nexora\backend\src\Nexora.Modules.Projects\Nexora.Modules.Projects.csproj]
C:\Users\Deven\Desktop\erp\nexora\backend\src\Nexora.Modules.Projects\Controllers\ReimbursementController.cs(51,6): error CS0246: The type or namespace name 'RequirePermission' could not be found (are you missing a using directive or an assembly reference?) [C:\Users\Deven\Desktop\erp\nexora\backend\src\Nexora.Modules.Projects\Nexora.Modules.Projects.csproj]
C:\Users\Deven\Desktop\erp\nexora\backend\src\Nexora.Modules.Projects\Controllers\ReimbursementController.cs(51,24): error CS0103: The name 'Permission' does not exist in the current context [C:\Users\Deven\Desktop\erp\nexora\backend\src\Nexora.Modules.Projects\Nexora.Modules.Projects.csproj]
C:\Users\Deven\Desktop\erp\nexora\backend\src\Nexora.Modules.Projects\Controllers\ProjectsController.cs(189,6): error CS0246: The type or namespace name 'RequirePermissionAttribute' could not be found (are you missing a using directive or an assembly reference?) [C:\Users\Deven\Desktop\erp\nexora\backend\src\Nexora.Modules.Projects\Nexora.Modules.Projects.csproj]
C:\Users\Deven\Desktop\erp\nexora\backend\src\Nexora.Modules.Projects\Controllers\ProjectsController.cs(189,6): error CS0246: The type or namespace name 'RequirePermission' could not be found (are you missing a using directive or an assembly reference?) [C:\Users\Deven\Desktop\erp\nexora\backend\src\Nexora.Modules.Projects\Nexora.Modules.Projects.csproj]
C:\Users\Deven\Desktop\erp\nexora\backend\src\Nexora.Modules.Projects\Controllers\ProjectsController.cs(189,24): error CS0103: The name 'Permission' does not exist in the current context [C:\Users\Deven\Desktop\erp\nexora\backend\src\Nexora.Modules.Projects\Nexora.Modules.Projects.csproj]
C:\Users\Deven\Desktop\erp\nexora\backend\src\Nexora.Modules.Projects\Controllers\ReimbursementController.cs(66,6): error CS0246: The type or namespace name 'RequirePermissionAttribute' could not be found (are you missing a using directive or an assembly reference?) [C:\Users\Deven\Desktop\erp\nexora\backend\src\Nexora.Modules.Projects\Nexora.Modules.Projects.csproj]
C:\Users\Deven\Desktop\erp\nexora\backend\src\Nexora.Modules.Projects\Controllers\ReimbursementController.cs(66,6): error CS0246: The type or namespace name 'RequirePermission' could not be found (are you missing a using directive or an assembly reference?) [C:\Users\Deven\Desktop\erp\nexora\backend\src\Nexora.Modules.Projects\Nexora.Modules.Projects.csproj]
C:\Users\Deven\Desktop\erp\nexora\backend\src\Nexora.Modules.Projects\Controllers\ReimbursementController.cs(66,24): error CS0103: The name 'Permission' does not exist in the current context [C:\Users\Deven\Desktop\erp\nexora\backend\src\Nexora.Modules.Projects\Nexora.Modules.Projects.csproj]
C:\Users\Deven\Desktop\erp\nexora\backend\src\Nexora.Modules.Projects\Controllers\ProjectsController.cs(201,6): error CS0246: The type or namespace name 'RequirePermissionAttribute' could not be found (are you missing a using directive or an assembly reference?) [C:\Users\Deven\Desktop\erp\nexora\backend\src\Nexora.Modules.Projects\Nexora.Modules.Projects.csproj]
C:\Users\Deven\Desktop\erp\nexora\backend\src\Nexora.Modules.Projects\Controllers\ProjectsController.cs(201,6): error CS0246: The type or namespace name 'RequirePermission' could not be found (are you missing a using directive or an assembly reference?) [C:\Users\Deven\Desktop\erp\nexora\backend\src\Nexora.Modules.Projects\Nexora.Modules.Projects.csproj]
C:\Users\Deven\Desktop\erp\nexora\backend\src\Nexora.Modules.Projects\Controllers\ProjectsController.cs(201,24): error CS0103: The name 'Permission' does not exist in the current context [C:\Users\Deven\Desktop\erp\nexora\backend\src\Nexora.Modules.Projects\Nexora.Modules.Projects.csproj]
C:\Users\Deven\Desktop\erp\nexora\backend\src\Nexora.Modules.Projects\Controllers\ReimbursementController.cs(76,6): error CS0246: The type or namespace name 'RequirePermissionAttribute' could not be found (are you missing a using directive or an assembly reference?) [C:\Users\Deven\Desktop\erp\nexora\backend\src\Nexora.Modules.Projects\Nexora.Modules.Projects.csproj]
C:\Users\Deven\Desktop\erp\nexora\backend\src\Nexora.Modules.Projects\Controllers\ReimbursementController.cs(76,6): error CS0246: The type or namespace name 'RequirePermission' could not be found (are you missing a using directive or an assembly reference?) [C:\Users\Deven\Desktop\erp\nexora\backend\src\Nexora.Modules.Projects\Nexora.Modules.Projects.csproj]
C:\Users\Deven\Desktop\erp\nexora\backend\src\Nexora.Modules.Projects\Controllers\ReimbursementController.cs(76,24): error CS0103: The name 'Permission' does not exist in the current context [C:\Users\Deven\Desktop\erp\nexora\backend\src\Nexora.Modules.Projects\Nexora.Modules.Projects.csproj]
C:\Users\Deven\Desktop\erp\nexora\backend\src\Nexora.Modules.Projects\Controllers\ProjectsController.cs(228,6): error CS0246: The type or namespace name 'RequirePermissionAttribute' could not be found (are you missing a using directive or an assembly reference?) [C:\Users\Deven\Desktop\erp\nexora\backend\src\Nexora.Modules.Projects\Nexora.Modules.Projects.csproj]
C:\Users\Deven\Desktop\erp\nexora\backend\src\Nexora.Modules.Projects\Controllers\ProjectsController.cs(228,6): error CS0246: The type or namespace name 'RequirePermission' could not be found (are you missing a using directive or an assembly reference?) [C:\Users\Deven\Desktop\erp\nexora\backend\src\Nexora.Modules.Projects\Nexora.Modules.Projects.csproj]
C:\Users\Deven\Desktop\erp\nexora\backend\src\Nexora.Modules.Projects\Controllers\ProjectsController.cs(228,24): error CS0103: The name 'Permission' does not exist in the current context [C:\Users\Deven\Desktop\erp\nexora\backend\src\Nexora.Modules.Projects\Nexora.Modules.Projects.csproj]
C:\Users\Deven\Desktop\erp\nexora\backend\src\Nexora.Modules.Projects\Controllers\ProjectsController.cs(243,6): error CS0246: The type or namespace name 'RequirePermissionAttribute' could not be found (are you missing a using directive or an assembly reference?) [C:\Users\Deven\Desktop\erp\nexora\backend\src\Nexora.Modules.Projects\Nexora.Modules.Projects.csproj]
C:\Users\Deven\Desktop\erp\nexora\backend\src\Nexora.Modules.Projects\Controllers\ProjectsController.cs(243,6): error CS0246: The type or namespace name 'RequirePermission' could not be found (are you missing a using directive or an assembly reference?) [C:\Users\Deven\Desktop\erp\nexora\backend\src\Nexora.Modules.Projects\Nexora.Modules.Projects.csproj]
C:\Users\Deven\Desktop\erp\nexora\backend\src\Nexora.Modules.Projects\Controllers\ProjectsController.cs(243,24): error CS0103: The name 'Permission' does not exist in the current context [C:\Users\Deven\Desktop\erp\nexora\backend\src\Nexora.Modules.Projects\Nexora.Modules.Projects.csproj]
C:\Users\Deven\Desktop\erp\nexora\backend\src\Nexora.Modules.Projects\Controllers\ReimbursementController.cs(101,6): error CS0246: The type or namespace name 'RequirePermissionAttribute' could not be found (are you missing a using directive or an assembly reference?) [C:\Users\Deven\Desktop\erp\nexora\backend\src\Nexora.Modules.Projects\Nexora.Modules.Projects.csproj]
C:\Users\Deven\Desktop\erp\nexora\backend\src\Nexora.Modules.Projects\Controllers\ReimbursementController.cs(101,6): error CS0246: The type or namespace name 'RequirePermission' could not be found (are you missing a using directive or an assembly reference?) [C:\Users\Deven\Desktop\erp\nexora\backend\src\Nexora.Modules.Projects\Nexora.Modules.Projects.csproj]
C:\Users\Deven\Desktop\erp\nexora\backend\src\Nexora.Modules.Projects\Controllers\ReimbursementController.cs(101,24): error CS0103: The name 'Permission' does not exist in the current context [C:\Users\Deven\Desktop\erp\nexora\backend\src\Nexora.Modules.Projects\Nexora.Modules.Projects.csproj]
C:\Users\Deven\Desktop\erp\nexora\backend\src\Nexora.Modules.Projects\Controllers\ProjectsController.cs(258,6): error CS0246: The type or namespace name 'RequirePermissionAttribute' could not be found (are you missing a using directive or an assembly reference?) [C:\Users\Deven\Desktop\erp\nexora\backend\src\Nexora.Modules.Projects\Nexora.Modules.Projects.csproj]
C:\Users\Deven\Desktop\erp\nexora\backend\src\Nexora.Modules.Projects\Controllers\ProjectsController.cs(258,6): error CS0246: The type or namespace name 'RequirePermission' could not be found (are you missing a using directive or an assembly reference?) [C:\Users\Deven\Desktop\erp\nexora\backend\src\Nexora.Modules.Projects\Nexora.Modules.Projects.csproj]
C:\Users\Deven\Desktop\erp\nexora\backend\src\Nexora.Modules.Projects\Controllers\ProjectsController.cs(258,24): error CS0103: The name 'Permission' does not exist in the current context [C:\Users\Deven\Desktop\erp\nexora\backend\src\Nexora.Modules.Projects\Nexora.Modules.Projects.csproj]
C:\Users\Deven\Desktop\erp\nexora\backend\src\Nexora.Modules.Projects\Controllers\ProjectsController.cs(281,6): error CS0246: The type or namespace name 'RequirePermissionAttribute' could not be found (are you missing a using directive or an assembly reference?) [C:\Users\Deven\Desktop\erp\nexora\backend\src\Nexora.Modules.Projects\Nexora.Modules.Projects.csproj]
C:\Users\Deven\Desktop\erp\nexora\backend\src\Nexora.Modules.Projects\Controllers\ProjectsController.cs(281,6): error CS0246: The type or namespace name 'RequirePermission' could not be found (are you missing a using directive or an assembly reference?) [C:\Users\Deven\Desktop\erp\nexora\backend\src\Nexora.Modules.Projects\Nexora.Modules.Projects.csproj]
C:\Users\Deven\Desktop\erp\nexora\backend\src\Nexora.Modules.Projects\Controllers\ProjectsController.cs(281,24): error CS0103: The name 'Permission' does not exist in the current context [C:\Users\Deven\Desktop\erp\nexora\backend\src\Nexora.Modules.Projects\Nexora.Modules.Projects.csproj]
C:\Users\Deven\Desktop\erp\nexora\backend\src\Nexora.Modules.Projects\Controllers\ProjectsController.cs(342,6): error CS0246: The type or namespace name 'RequirePermissionAttribute' could not be found (are you missing a using directive or an assembly reference?) [C:\Users\Deven\Desktop\erp\nexora\backend\src\Nexora.Modules.Projects\Nexora.Modules.Projects.csproj]
C:\Users\Deven\Desktop\erp\nexora\backend\src\Nexora.Modules.Projects\Controllers\ProjectsController.cs(342,6): error CS0246: The type or namespace name 'RequirePermission' could not be found (are you missing a using directive or an assembly reference?) [C:\Users\Deven\Desktop\erp\nexora\backend\src\Nexora.Modules.Projects\Nexora.Modules.Projects.csproj]
C:\Users\Deven\Desktop\erp\nexora\backend\src\Nexora.Modules.Projects\Controllers\ProjectsController.cs(342,24): error CS0103: The name 'Permission' does not exist in the current context [C:\Users\Deven\Desktop\erp\nexora\backend\src\Nexora.Modules.Projects\Nexora.Modules.Projects.csproj]
C:\Users\Deven\Desktop\erp\nexora\backend\src\Nexora.Modules.Projects\Controllers\ProjectsController.cs(354,6): error CS0246: The type or namespace name 'RequirePermissionAttribute' could not be found (are you missing a using directive or an assembly reference?) [C:\Users\Deven\Desktop\erp\nexora\backend\src\Nexora.Modules.Projects\Nexora.Modules.Projects.csproj]
C:\Users\Deven\Desktop\erp\nexora\backend\src\Nexora.Modules.Projects\Controllers\ProjectsController.cs(354,6): error CS0246: The type or namespace name 'RequirePermission' could not be found (are you missing a using directive or an assembly reference?) [C:\Users\Deven\Desktop\erp\nexora\backend\src\Nexora.Modules.Projects\Nexora.Modules.Projects.csproj]
C:\Users\Deven\Desktop\erp\nexora\backend\src\Nexora.Modules.Projects\Controllers\ProjectsController.cs(354,24): error CS0103: The name 'Permission' does not exist in the current context [C:\Users\Deven\Desktop\erp\nexora\backend\src\Nexora.Modules.Projects\Nexora.Modules.Projects.csproj]
C:\Users\Deven\Desktop\erp\nexora\backend\src\Nexora.Modules.Projects\Controllers\ProjectsController.cs(373,6): error CS0246: The type or namespace name 'RequirePermissionAttribute' could not be found (are you missing a using directive or an assembly reference?) [C:\Users\Deven\Desktop\erp\nexora\backend\src\Nexora.Modules.Projects\Nexora.Modules.Projects.csproj]
C:\Users\Deven\Desktop\erp\nexora\backend\src\Nexora.Modules.Projects\Controllers\ProjectsController.cs(373,6): error CS0246: The type or namespace name 'RequirePermission' could not be found (are you missing a using directive or an assembly reference?) [C:\Users\Deven\Desktop\erp\nexora\backend\src\Nexora.Modules.Projects\Nexora.Modules.Projects.csproj]
C:\Users\Deven\Desktop\erp\nexora\backend\src\Nexora.Modules.Projects\Controllers\ProjectsController.cs(373,24): error CS0103: The name 'Permission' does not exist in the current context [C:\Users\Deven\Desktop\erp\nexora\backend\src\Nexora.Modules.Projects\Nexora.Modules.Projects.csproj]
C:\Users\Deven\Desktop\erp\nexora\backend\src\Nexora.Modules.Projects\Controllers\ProjectsController.cs(389,6): error CS0246: The type or namespace name 'RequirePermissionAttribute' could not be found (are you missing a using directive or an assembly reference?) [C:\Users\Deven\Desktop\erp\nexora\backend\src\Nexora.Modules.Projects\Nexora.Modules.Projects.csproj]
C:\Users\Deven\Desktop\erp\nexora\backend\src\Nexora.Modules.Projects\Controllers\ProjectsController.cs(389,6): error CS0246: The type or namespace name 'RequirePermission' could not be found (are you missing a using directive or an assembly reference?) [C:\Users\Deven\Desktop\erp\nexora\backend\src\Nexora.Modules.Projects\Nexora.Modules.Projects.csproj]
C:\Users\Deven\Desktop\erp\nexora\backend\src\Nexora.Modules.Projects\Controllers\ProjectsController.cs(389,24): error CS0103: The name 'Permission' does not exist in the current context [C:\Users\Deven\Desktop\erp\nexora\backend\src\Nexora.Modules.Projects\Nexora.Modules.Projects.csproj]
C:\Users\Deven\Desktop\erp\nexora\backend\src\Nexora.Modules.Projects\Controllers\ProjectsController.cs(403,6): error CS0246: The type or namespace name 'RequirePermissionAttribute' could not be found (are you missing a using directive or an assembly reference?) [C:\Users\Deven\Desktop\erp\nexora\backend\src\Nexora.Modules.Projects\Nexora.Modules.Projects.csproj]
C:\Users\Deven\Desktop\erp\nexora\backend\src\Nexora.Modules.Projects\Controllers\ProjectsController.cs(403,6): error CS0246: The type or namespace name 'RequirePermission' could not be found (are you missing a using directive or an assembly reference?) [C:\Users\Deven\Desktop\erp\nexora\backend\src\Nexora.Modules.Projects\Nexora.Modules.Projects.csproj]
C:\Users\Deven\Desktop\erp\nexora\backend\src\Nexora.Modules.Projects\Controllers\ProjectsController.cs(403,24): error CS0103: The name 'Permission' does not exist in the current context [C:\Users\Deven\Desktop\erp\nexora\backend\src\Nexora.Modules.Projects\Nexora.Modules.Projects.csproj]
C:\Users\Deven\Desktop\erp\nexora\backend\src\Nexora.Modules.Projects\Controllers\ProjectsController.cs(419,6): error CS0246: The type or namespace name 'RequirePermissionAttribute' could not be found (are you missing a using directive or an assembly reference?) [C:\Users\Deven\Desktop\erp\nexora\backend\src\Nexora.Modules.Projects\Nexora.Modules.Projects.csproj]
C:\Users\Deven\Desktop\erp\nexora\backend\src\Nexora.Modules.Projects\Controllers\ProjectsController.cs(419,6): error CS0246: The type or namespace name 'RequirePermission' could not be found (are you missing a using directive or an assembly reference?) [C:\Users\Deven\Desktop\erp\nexora\backend\src\Nexora.Modules.Projects\Nexora.Modules.Projects.csproj]
C:\Users\Deven\Desktop\erp\nexora\backend\src\Nexora.Modules.Projects\Controllers\ProjectsController.cs(419,24): error CS0103: The name 'Permission' does not exist in the current context [C:\Users\Deven\Desktop\erp\nexora\backend\src\Nexora.Modules.Projects\Nexora.Modules.Projects.csproj]
C:\Users\Deven\Desktop\erp\nexora\backend\src\Nexora.Modules.Projects\Controllers\ProjectsController.cs(440,6): error CS0246: The type or namespace name 'RequirePermissionAttribute' could not be found (are you missing a using directive or an assembly reference?) [C:\Users\Deven\Desktop\erp\nexora\backend\src\Nexora.Modules.Projects\Nexora.Modules.Projects.csproj]
C:\Users\Deven\Desktop\erp\nexora\backend\src\Nexora.Modules.Projects\Controllers\ProjectsController.cs(440,6): error CS0246: The type or namespace name 'RequirePermission' could not be found (are you missing a using directive or an assembly reference?) [C:\Users\Deven\Desktop\erp\nexora\backend\src\Nexora.Modules.Projects\Nexora.Modules.Projects.csproj]
C:\Users\Deven\Desktop\erp\nexora\backend\src\Nexora.Modules.Projects\Controllers\ProjectsController.cs(440,24): error CS0103: The name 'Permission' does not exist in the current context [C:\Users\Deven\Desktop\erp\nexora\backend\src\Nexora.Modules.Projects\Nexora.Modules.Projects.csproj]
C:\Users\Deven\Desktop\erp\nexora\backend\src\Nexora.Modules.Projects\Controllers\ProjectsController.cs(454,6): error CS0246: The type or namespace name 'RequirePermissionAttribute' could not be found (are you missing a using directive or an assembly reference?) [C:\Users\Deven\Desktop\erp\nexora\backend\src\Nexora.Modules.Projects\Nexora.Modules.Projects.csproj]
C:\Users\Deven\Desktop\erp\nexora\backend\src\Nexora.Modules.Projects\Controllers\ProjectsController.cs(454,6): error CS0246: The type or namespace name 'RequirePermission' could not be found (are you missing a using directive or an assembly reference?) [C:\Users\Deven\Desktop\erp\nexora\backend\src\Nexora.Modules.Projects\Nexora.Modules.Projects.csproj]
C:\Users\Deven\Desktop\erp\nexora\backend\src\Nexora.Modules.Projects\Controllers\ProjectsController.cs(454,24): error CS0103: The name 'Permission' does not exist in the current context [C:\Users\Deven\Desktop\erp\nexora\backend\src\Nexora.Modules.Projects\Nexora.Modules.Projects.csproj]
C:\Users\Deven\Desktop\erp\nexora\backend\src\Nexora.Modules.Projects\Controllers\ProjectsController.cs(468,6): error CS0246: The type or namespace name 'RequirePermissionAttribute' could not be found (are you missing a using directive or an assembly reference?) [C:\Users\Deven\Desktop\erp\nexora\backend\src\Nexora.Modules.Projects\Nexora.Modules.Projects.csproj]
C:\Users\Deven\Desktop\erp\nexora\backend\src\Nexora.Modules.Projects\Controllers\ProjectsController.cs(468,6): error CS0246: The type or namespace name 'RequirePermission' could not be found (are you missing a using directive or an assembly reference?) [C:\Users\Deven\Desktop\erp\nexora\backend\src\Nexora.Modules.Projects\Nexora.Modules.Projects.csproj]
C:\Users\Deven\Desktop\erp\nexora\backend\src\Nexora.Modules.Projects\Controllers\ProjectsController.cs(468,24): error CS0103: The name 'Permission' does not exist in the current context [C:\Users\Deven\Desktop\erp\nexora\backend\src\Nexora.Modules.Projects\Nexora.Modules.Projects.csproj]
C:\Users\Deven\Desktop\erp\nexora\backend\src\Nexora.Modules.Projects\Controllers\ProjectsController.cs(489,6): error CS0246: The type or namespace name 'RequirePermissionAttribute' could not be found (are you missing a using directive or an assembly reference?) [C:\Users\Deven\Desktop\erp\nexora\backend\src\Nexora.Modules.Projects\Nexora.Modules.Projects.csproj]
C:\Users\Deven\Desktop\erp\nexora\backend\src\Nexora.Modules.Projects\Controllers\ProjectsController.cs(489,6): error CS0246: The type or namespace name 'RequirePermission' could not be found (are you missing a using directive or an assembly reference?) [C:\Users\Deven\Desktop\erp\nexora\backend\src\Nexora.Modules.Projects\Nexora.Modules.Projects.csproj]
C:\Users\Deven\Desktop\erp\nexora\backend\src\Nexora.Modules.Projects\Controllers\ProjectsController.cs(489,24): error CS0103: The name 'Permission' does not exist in the current context [C:\Users\Deven\Desktop\erp\nexora\backend\src\Nexora.Modules.Projects\Nexora.Modules.Projects.csproj]
C:\Users\Deven\Desktop\erp\nexora\backend\src\Nexora.Modules.Reporting\Controllers\AuditLogController.cs(1,14): error CS0234: The type or namespace name 'Shared' does not exist in the namespace 'Nexora' (are you missing an assembly reference?) [C:\Users\Deven\Desktop\erp\nexora\backend\src\Nexora.Modules.Reporting\Nexora.Modules.Reporting.csproj]
C:\Users\Deven\Desktop\erp\nexora\backend\src\Nexora.Modules.Reporting\Controllers\AuditLogController.cs(2,22): error CS0234: The type or namespace name 'Identity' does not exist in the namespace 'Nexora.Modules' (are you missing an assembly reference?) [C:\Users\Deven\Desktop\erp\nexora\backend\src\Nexora.Modules.Reporting\Nexora.Modules.Reporting.csproj]
C:\Users\Deven\Desktop\erp\nexora\backend\src\Nexora.Modules.Reporting\Controllers\AuditLogController.cs(3,14): error CS0234: The type or namespace name 'Shared' does not exist in the namespace 'Nexora' (are you missing an assembly reference?) [C:\Users\Deven\Desktop\erp\nexora\backend\src\Nexora.Modules.Reporting\Nexora.Modules.Reporting.csproj]
C:\Users\Deven\Desktop\erp\nexora\backend\src\Nexora.Modules.Reporting\Controllers\AuditLogController.cs(6,17): error CS0234: The type or namespace name 'EntityFrameworkCore' does not exist in the namespace 'Microsoft' (are you missing an assembly reference?) [C:\Users\Deven\Desktop\erp\nexora\backend\src\Nexora.Modules.Reporting\Nexora.Modules.Reporting.csproj]
C:\Users\Deven\Desktop\erp\nexora\backend\src\Nexora.Modules.Reporting\Controllers\DashboardController.cs(2,14): error CS0234: The type or namespace name 'Shared' does not exist in the namespace 'Nexora' (are you missing an assembly reference?) [C:\Users\Deven\Desktop\erp\nexora\backend\src\Nexora.Modules.Reporting\Nexora.Modules.Reporting.csproj]
C:\Users\Deven\Desktop\erp\nexora\backend\src\Nexora.Modules.Reporting\Controllers\DashboardController.cs(4,22): error CS0234: The type or namespace name 'Identity' does not exist in the namespace 'Nexora.Modules' (are you missing an assembly reference?) [C:\Users\Deven\Desktop\erp\nexora\backend\src\Nexora.Modules.Reporting\Nexora.Modules.Reporting.csproj]
C:\Users\Deven\Desktop\erp\nexora\backend\src\Nexora.Modules.Reporting\Controllers\DashboardController.cs(5,22): error CS0234: The type or namespace name 'HR' does not exist in the namespace 'Nexora.Modules' (are you missing an assembly reference?) [C:\Users\Deven\Desktop\erp\nexora\backend\src\Nexora.Modules.Reporting\Nexora.Modules.Reporting.csproj]
C:\Users\Deven\Desktop\erp\nexora\backend\src\Nexora.Modules.Reporting\Controllers\DashboardController.cs(6,22): error CS0234: The type or namespace name 'Projects' does not exist in the namespace 'Nexora.Modules' (are you missing an assembly reference?) [C:\Users\Deven\Desktop\erp\nexora\backend\src\Nexora.Modules.Reporting\Nexora.Modules.Reporting.csproj]
C:\Users\Deven\Desktop\erp\nexora\backend\src\Nexora.Modules.Reporting\Controllers\DashboardController.cs(7,22): error CS0234: The type or namespace name 'Projects' does not exist in the namespace 'Nexora.Modules' (are you missing an assembly reference?) [C:\Users\Deven\Desktop\erp\nexora\backend\src\Nexora.Modules.Reporting\Nexora.Modules.Reporting.csproj]
C:\Users\Deven\Desktop\erp\nexora\backend\src\Nexora.Modules.Reporting\Controllers\DashboardController.cs(8,22): error CS0234: The type or namespace name 'HR' does not exist in the namespace 'Nexora.Modules' (are you missing an assembly reference?) [C:\Users\Deven\Desktop\erp\nexora\backend\src\Nexora.Modules.Reporting\Nexora.Modules.Reporting.csproj]
C:\Users\Deven\Desktop\erp\nexora\backend\src\Nexora.Modules.Reporting\Controllers\DashboardController.cs(9,14): error CS0234: The type or namespace name 'Shared' does not exist in the namespace 'Nexora' (are you missing an assembly reference?) [C:\Users\Deven\Desktop\erp\nexora\backend\src\Nexora.Modules.Reporting\Nexora.Modules.Reporting.csproj]
C:\Users\Deven\Desktop\erp\nexora\backend\src\Nexora.Modules.Reporting\Controllers\DashboardController.cs(12,17): error CS0234: The type or namespace name 'EntityFrameworkCore' does not exist in the namespace 'Microsoft' (are you missing an assembly reference?) [C:\Users\Deven\Desktop\erp\nexora\backend\src\Nexora.Modules.Reporting\Nexora.Modules.Reporting.csproj]
C:\Users\Deven\Desktop\erp\nexora\backend\src\Nexora.Modules.Reporting\Controllers\ReportsController.cs(2,14): error CS0234: The type or namespace name 'Shared' does not exist in the namespace 'Nexora' (are you missing an assembly reference?) [C:\Users\Deven\Desktop\erp\nexora\backend\src\Nexora.Modules.Reporting\Nexora.Modules.Reporting.csproj]
C:\Users\Deven\Desktop\erp\nexora\backend\src\Nexora.Modules.Reporting\Controllers\ReportsController.cs(4,22): error CS0234: The type or namespace name 'Identity' does not exist in the namespace 'Nexora.Modules' (are you missing an assembly reference?) [C:\Users\Deven\Desktop\erp\nexora\backend\src\Nexora.Modules.Reporting\Nexora.Modules.Reporting.csproj]
C:\Users\Deven\Desktop\erp\nexora\backend\src\Nexora.Modules.Reporting\Controllers\ReportsController.cs(5,22): error CS0234: The type or namespace name 'Projects' does not exist in the namespace 'Nexora.Modules' (are you missing an assembly reference?) [C:\Users\Deven\Desktop\erp\nexora\backend\src\Nexora.Modules.Reporting\Nexora.Modules.Reporting.csproj]
C:\Users\Deven\Desktop\erp\nexora\backend\src\Nexora.Modules.Reporting\Controllers\ReportsController.cs(6,22): error CS0234: The type or namespace name 'Projects' does not exist in the namespace 'Nexora.Modules' (are you missing an assembly reference?) [C:\Users\Deven\Desktop\erp\nexora\backend\src\Nexora.Modules.Reporting\Nexora.Modules.Reporting.csproj]
C:\Users\Deven\Desktop\erp\nexora\backend\src\Nexora.Modules.Reporting\Controllers\ReportsController.cs(7,22): error CS0234: The type or namespace name 'HR' does not exist in the namespace 'Nexora.Modules' (are you missing an assembly reference?) [C:\Users\Deven\Desktop\erp\nexora\backend\src\Nexora.Modules.Reporting\Nexora.Modules.Reporting.csproj]
C:\Users\Deven\Desktop\erp\nexora\backend\src\Nexora.Modules.Reporting\Controllers\ReportsController.cs(8,14): error CS0234: The type or namespace name 'Shared' does not exist in the namespace 'Nexora' (are you missing an assembly reference?) [C:\Users\Deven\Desktop\erp\nexora\backend\src\Nexora.Modules.Reporting\Nexora.Modules.Reporting.csproj]
C:\Users\Deven\Desktop\erp\nexora\backend\src\Nexora.Modules.Reporting\Controllers\ReportsController.cs(11,17): error CS0234: The type or namespace name 'EntityFrameworkCore' does not exist in the namespace 'Microsoft' (are you missing an assembly reference?) [C:\Users\Deven\Desktop\erp\nexora\backend\src\Nexora.Modules.Reporting\Nexora.Modules.Reporting.csproj]
C:\Users\Deven\Desktop\erp\nexora\backend\src\Nexora.Modules.Reporting\Controllers\SearchController.cs(1,22): error CS0234: The type or namespace name 'Identity' does not exist in the namespace 'Nexora.Modules' (are you missing an assembly reference?) [C:\Users\Deven\Desktop\erp\nexora\backend\src\Nexora.Modules.Reporting\Nexora.Modules.Reporting.csproj]
C:\Users\Deven\Desktop\erp\nexora\backend\src\Nexora.Modules.Reporting\Controllers\SearchController.cs(2,14): error CS0234: The type or namespace name 'Shared' does not exist in the namespace 'Nexora' (are you missing an assembly reference?) [C:\Users\Deven\Desktop\erp\nexora\backend\src\Nexora.Modules.Reporting\Nexora.Modules.Reporting.csproj]
C:\Users\Deven\Desktop\erp\nexora\backend\src\Nexora.Modules.Reporting\Controllers\SearchController.cs(5,17): error CS0234: The type or namespace name 'EntityFrameworkCore' does not exist in the namespace 'Microsoft' (are you missing an assembly reference?) [C:\Users\Deven\Desktop\erp\nexora\backend\src\Nexora.Modules.Reporting\Nexora.Modules.Reporting.csproj]
C:\Users\Deven\Desktop\erp\nexora\backend\src\Nexora.Modules.Reporting\Controllers\AuditLogController.cs(21,22): error CS0246: The type or namespace name 'NexoraDbContext' could not be found (are you missing a using directive or an assembly reference?) [C:\Users\Deven\Desktop\erp\nexora\backend\src\Nexora.Modules.Reporting\Nexora.Modules.Reporting.csproj]
C:\Users\Deven\Desktop\erp\nexora\backend\src\Nexora.Modules.Reporting\Controllers\AuditLogController.cs(22,31): error CS0246: The type or namespace name 'NexoraDbContext' could not be found (are you missing a using directive or an assembly reference?) [C:\Users\Deven\Desktop\erp\nexora\backend\src\Nexora.Modules.Reporting\Nexora.Modules.Reporting.csproj]
C:\Users\Deven\Desktop\erp\nexora\backend\src\Nexora.Modules.Reporting\Controllers\AuditLogController.cs(25,6): error CS0246: The type or namespace name 'RequirePermissionAttribute' could not be found (are you missing a using directive or an assembly reference?) [C:\Users\Deven\Desktop\erp\nexora\backend\src\Nexora.Modules.Reporting\Nexora.Modules.Reporting.csproj]
C:\Users\Deven\Desktop\erp\nexora\backend\src\Nexora.Modules.Reporting\Controllers\AuditLogController.cs(25,6): error CS0246: The type or namespace name 'RequirePermission' could not be found (are you missing a using directive or an assembly reference?) [C:\Users\Deven\Desktop\erp\nexora\backend\src\Nexora.Modules.Reporting\Nexora.Modules.Reporting.csproj]
C:\Users\Deven\Desktop\erp\nexora\backend\src\Nexora.Modules.Reporting\Controllers\AuditLogController.cs(25,24): error CS0103: The name 'Permission' does not exist in the current context [C:\Users\Deven\Desktop\erp\nexora\backend\src\Nexora.Modules.Reporting\Nexora.Modules.Reporting.csproj]
C:\Users\Deven\Desktop\erp\nexora\backend\src\Nexora.Modules.Reporting\Controllers\DashboardController.cs(24,22): error CS0246: The type or namespace name 'NexoraDbContext' could not be found (are you missing a using directive or an assembly reference?) [C:\Users\Deven\Desktop\erp\nexora\backend\src\Nexora.Modules.Reporting\Nexora.Modules.Reporting.csproj]
C:\Users\Deven\Desktop\erp\nexora\backend\src\Nexora.Modules.Reporting\Controllers\DashboardController.cs(25,32): error CS0246: The type or namespace name 'NexoraDbContext' could not be found (are you missing a using directive or an assembly reference?) [C:\Users\Deven\Desktop\erp\nexora\backend\src\Nexora.Modules.Reporting\Nexora.Modules.Reporting.csproj]
C:\Users\Deven\Desktop\erp\nexora\backend\src\Nexora.Modules.Reporting\Controllers\DashboardController.cs(76,6): error CS0246: The type or namespace name 'RequirePermissionAttribute' could not be found (are you missing a using directive or an assembly reference?) [C:\Users\Deven\Desktop\erp\nexora\backend\src\Nexora.Modules.Reporting\Nexora.Modules.Reporting.csproj]
C:\Users\Deven\Desktop\erp\nexora\backend\src\Nexora.Modules.Reporting\Controllers\DashboardController.cs(76,6): error CS0246: The type or namespace name 'RequirePermission' could not be found (are you missing a using directive or an assembly reference?) [C:\Users\Deven\Desktop\erp\nexora\backend\src\Nexora.Modules.Reporting\Nexora.Modules.Reporting.csproj]
C:\Users\Deven\Desktop\erp\nexora\backend\src\Nexora.Modules.Reporting\Controllers\DashboardController.cs(76,24): error CS0103: The name 'Permission' does not exist in the current context [C:\Users\Deven\Desktop\erp\nexora\backend\src\Nexora.Modules.Reporting\Nexora.Modules.Reporting.csproj]
C:\Users\Deven\Desktop\erp\nexora\backend\src\Nexora.Modules.Reporting\Controllers\ReportsController.cs(23,22): error CS0246: The type or namespace name 'NexoraDbContext' could not be found (are you missing a using directive or an assembly reference?) [C:\Users\Deven\Desktop\erp\nexora\backend\src\Nexora.Modules.Reporting\Nexora.Modules.Reporting.csproj]
C:\Users\Deven\Desktop\erp\nexora\backend\src\Nexora.Modules.Reporting\Controllers\ReportsController.cs(24,30): error CS0246: The type or namespace name 'NexoraDbContext' could not be found (are you missing a using directive or an assembly reference?) [C:\Users\Deven\Desktop\erp\nexora\backend\src\Nexora.Modules.Reporting\Nexora.Modules.Reporting.csproj]
C:\Users\Deven\Desktop\erp\nexora\backend\src\Nexora.Modules.Reporting\Controllers\ReportsController.cs(30,6): error CS0246: The type or namespace name 'RequirePermissionAttribute' could not be found (are you missing a using directive or an assembly reference?) [C:\Users\Deven\Desktop\erp\nexora\backend\src\Nexora.Modules.Reporting\Nexora.Modules.Reporting.csproj]
C:\Users\Deven\Desktop\erp\nexora\backend\src\Nexora.Modules.Reporting\Controllers\ReportsController.cs(30,6): error CS0246: The type or namespace name 'RequirePermission' could not be found (are you missing a using directive or an assembly reference?) [C:\Users\Deven\Desktop\erp\nexora\backend\src\Nexora.Modules.Reporting\Nexora.Modules.Reporting.csproj]
C:\Users\Deven\Desktop\erp\nexora\backend\src\Nexora.Modules.Reporting\Controllers\ReportsController.cs(30,24): error CS0103: The name 'Permission' does not exist in the current context [C:\Users\Deven\Desktop\erp\nexora\backend\src\Nexora.Modules.Reporting\Nexora.Modules.Reporting.csproj]
C:\Users\Deven\Desktop\erp\nexora\backend\src\Nexora.Modules.Reporting\Controllers\ReportsController.cs(69,6): error CS0246: The type or namespace name 'RequirePermissionAttribute' could not be found (are you missing a using directive or an assembly reference?) [C:\Users\Deven\Desktop\erp\nexora\backend\src\Nexora.Modules.Reporting\Nexora.Modules.Reporting.csproj]
C:\Users\Deven\Desktop\erp\nexora\backend\src\Nexora.Modules.Reporting\Controllers\ReportsController.cs(69,6): error CS0246: The type or namespace name 'RequirePermission' could not be found (are you missing a using directive or an assembly reference?) [C:\Users\Deven\Desktop\erp\nexora\backend\src\Nexora.Modules.Reporting\Nexora.Modules.Reporting.csproj]
C:\Users\Deven\Desktop\erp\nexora\backend\src\Nexora.Modules.Reporting\Controllers\ReportsController.cs(69,24): error CS0103: The name 'Permission' does not exist in the current context [C:\Users\Deven\Desktop\erp\nexora\backend\src\Nexora.Modules.Reporting\Nexora.Modules.Reporting.csproj]
C:\Users\Deven\Desktop\erp\nexora\backend\src\Nexora.Modules.Reporting\Controllers\ReportsController.cs(90,6): error CS0246: The type or namespace name 'RequirePermissionAttribute' could not be found (are you missing a using directive or an assembly reference?) [C:\Users\Deven\Desktop\erp\nexora\backend\src\Nexora.Modules.Reporting\Nexora.Modules.Reporting.csproj]
C:\Users\Deven\Desktop\erp\nexora\backend\src\Nexora.Modules.Reporting\Controllers\ReportsController.cs(90,6): error CS0246: The type or namespace name 'RequirePermission' could not be found (are you missing a using directive or an assembly reference?) [C:\Users\Deven\Desktop\erp\nexora\backend\src\Nexora.Modules.Reporting\Nexora.Modules.Reporting.csproj]
C:\Users\Deven\Desktop\erp\nexora\backend\src\Nexora.Modules.Reporting\Controllers\ReportsController.cs(90,24): error CS0103: The name 'Permission' does not exist in the current context [C:\Users\Deven\Desktop\erp\nexora\backend\src\Nexora.Modules.Reporting\Nexora.Modules.Reporting.csproj]
C:\Users\Deven\Desktop\erp\nexora\backend\src\Nexora.Modules.Reporting\Controllers\ReportsController.cs(126,6): error CS0246: The type or namespace name 'RequirePermissionAttribute' could not be found (are you missing a using directive or an assembly reference?) [C:\Users\Deven\Desktop\erp\nexora\backend\src\Nexora.Modules.Reporting\Nexora.Modules.Reporting.csproj]
C:\Users\Deven\Desktop\erp\nexora\backend\src\Nexora.Modules.Reporting\Controllers\ReportsController.cs(126,6): error CS0246: The type or namespace name 'RequirePermission' could not be found (are you missing a using directive or an assembly reference?) [C:\Users\Deven\Desktop\erp\nexora\backend\src\Nexora.Modules.Reporting\Nexora.Modules.Reporting.csproj]
C:\Users\Deven\Desktop\erp\nexora\backend\src\Nexora.Modules.Reporting\Controllers\ReportsController.cs(126,24): error CS0103: The name 'Permission' does not exist in the current context [C:\Users\Deven\Desktop\erp\nexora\backend\src\Nexora.Modules.Reporting\Nexora.Modules.Reporting.csproj]
C:\Users\Deven\Desktop\erp\nexora\backend\src\Nexora.Modules.Reporting\Controllers\SearchController.cs(19,22): error CS0246: The type or namespace name 'NexoraDbContext' could not be found (are you missing a using directive or an assembly reference?) [C:\Users\Deven\Desktop\erp\nexora\backend\src\Nexora.Modules.Reporting\Nexora.Modules.Reporting.csproj]
C:\Users\Deven\Desktop\erp\nexora\backend\src\Nexora.Modules.Reporting\Controllers\SearchController.cs(20,29): error CS0246: The type or namespace name 'NexoraDbContext' could not be found (are you missing a using directive or an assembly reference?) [C:\Users\Deven\Desktop\erp\nexora\backend\src\Nexora.Modules.Reporting\Nexora.Modules.Reporting.csproj]
C:\Users\Deven\Desktop\erp\nexora\backend\src\Nexora.Modules.Workflow\Controllers\ApprovalSettingsController.cs(1,14): error CS0234: The type or namespace name 'Shared' does not exist in the namespace 'Nexora' (are you missing an assembly reference?) [C:\Users\Deven\Desktop\erp\nexora\backend\src\Nexora.Modules.Workflow\Nexora.Modules.Workflow.csproj]
C:\Users\Deven\Desktop\erp\nexora\backend\src\Nexora.Modules.Workflow\Controllers\ApprovalSettingsController.cs(2,22): error CS0234: The type or namespace name 'Identity' does not exist in the namespace 'Nexora.Modules' (are you missing an assembly reference?) [C:\Users\Deven\Desktop\erp\nexora\backend\src\Nexora.Modules.Workflow\Nexora.Modules.Workflow.csproj]
C:\Users\Deven\Desktop\erp\nexora\backend\src\Nexora.Modules.Workflow\Controllers\ApprovalSettingsController.cs(4,14): error CS0234: The type or namespace name 'Shared' does not exist in the namespace 'Nexora' (are you missing an assembly reference?) [C:\Users\Deven\Desktop\erp\nexora\backend\src\Nexora.Modules.Workflow\Nexora.Modules.Workflow.csproj]
C:\Users\Deven\Desktop\erp\nexora\backend\src\Nexora.Modules.Workflow\Controllers\ApprovalSettingsController.cs(7,17): error CS0234: The type or namespace name 'EntityFrameworkCore' does not exist in the namespace 'Microsoft' (are you missing an assembly reference?) [C:\Users\Deven\Desktop\erp\nexora\backend\src\Nexora.Modules.Workflow\Nexora.Modules.Workflow.csproj]
C:\Users\Deven\Desktop\erp\nexora\backend\src\Nexora.Modules.Workflow\Entities\TenantApprovalSettings.cs(1,14): error CS0234: The type or namespace name 'Shared' does not exist in the namespace 'Nexora' (are you missing an assembly reference?) [C:\Users\Deven\Desktop\erp\nexora\backend\src\Nexora.Modules.Workflow\Nexora.Modules.Workflow.csproj]
C:\Users\Deven\Desktop\erp\nexora\backend\src\Nexora.Modules.Workflow\Entities\WorkflowApprovalCompletedEvent.cs(1,14): error CS0234: The type or namespace name 'Shared' does not exist in the namespace 'Nexora' (are you missing an assembly reference?) [C:\Users\Deven\Desktop\erp\nexora\backend\src\Nexora.Modules.Workflow\Nexora.Modules.Workflow.csproj]
C:\Users\Deven\Desktop\erp\nexora\backend\src\Nexora.Modules.Workflow\Entities\WorkflowInstance.cs(1,14): error CS0234: The type or namespace name 'Shared' does not exist in the namespace 'Nexora' (are you missing an assembly reference?) [C:\Users\Deven\Desktop\erp\nexora\backend\src\Nexora.Modules.Workflow\Nexora.Modules.Workflow.csproj]
C:\Users\Deven\Desktop\erp\nexora\backend\src\Nexora.Modules.Workflow\Services\ApprovalWorkflowService.cs(2,14): error CS0234: The type or namespace name 'Shared' does not exist in the namespace 'Nexora' (are you missing an assembly reference?) [C:\Users\Deven\Desktop\erp\nexora\backend\src\Nexora.Modules.Workflow\Nexora.Modules.Workflow.csproj]
C:\Users\Deven\Desktop\erp\nexora\backend\src\Nexora.Modules.Workflow\Services\ApprovalWorkflowService.cs(3,17): error CS0234: The type or namespace name 'EntityFrameworkCore' does not exist in the namespace 'Microsoft' (are you missing an assembly reference?) [C:\Users\Deven\Desktop\erp\nexora\backend\src\Nexora.Modules.Workflow\Nexora.Modules.Workflow.csproj]
C:\Users\Deven\Desktop\erp\nexora\backend\src\Nexora.Modules.Workflow\Services\WorkflowApprovalAuditHandler.cs(1,14): error CS0234: The type or namespace name 'Shared' does not exist in the namespace 'Nexora' (are you missing an assembly reference?) [C:\Users\Deven\Desktop\erp\nexora\backend\src\Nexora.Modules.Workflow\Nexora.Modules.Workflow.csproj]
C:\Users\Deven\Desktop\erp\nexora\backend\src\Nexora.Modules.Workflow\Services\WorkflowApprovalAuditHandler.cs(2,14): error CS0234: The type or namespace name 'Shared' does not exist in the namespace 'Nexora' (are you missing an assembly reference?) [C:\Users\Deven\Desktop\erp\nexora\backend\src\Nexora.Modules.Workflow\Nexora.Modules.Workflow.csproj]
C:\Users\Deven\Desktop\erp\nexora\backend\src\Nexora.Modules.Workflow\Services\WorkflowApprovalAuditHandler.cs(4,14): error CS0234: The type or namespace name 'Shared' does not exist in the namespace 'Nexora' (are you missing an assembly reference?) [C:\Users\Deven\Desktop\erp\nexora\backend\src\Nexora.Modules.Workflow\Nexora.Modules.Workflow.csproj]
C:\Users\Deven\Desktop\erp\nexora\backend\src\Nexora.Modules.Workflow\Services\WorkflowApprovalAuditHandler.cs(5,17): error CS0234: The type or namespace name 'EntityFrameworkCore' does not exist in the namespace 'Microsoft' (are you missing an assembly reference?) [C:\Users\Deven\Desktop\erp\nexora\backend\src\Nexora.Modules.Workflow\Nexora.Modules.Workflow.csproj]
C:\Users\Deven\Desktop\erp\nexora\backend\src\Nexora.Modules.Workflow\Entities\TenantApprovalSettings.cs(8,39): error CS0246: The type or namespace name 'TenantEntity' could not be found (are you missing a using directive or an assembly reference?) [C:\Users\Deven\Desktop\erp\nexora\backend\src\Nexora.Modules.Workflow\Nexora.Modules.Workflow.csproj]
C:\Users\Deven\Desktop\erp\nexora\backend\src\Nexora.Modules.Workflow\Entities\WorkflowApprovalCompletedEvent.cs(10,114): error CS0246: The type or namespace name 'DomainEvent' could not be found (are you missing a using directive or an assembly reference?) [C:\Users\Deven\Desktop\erp\nexora\backend\src\Nexora.Modules.Workflow\Nexora.Modules.Workflow.csproj]
C:\Users\Deven\Desktop\erp\nexora\backend\src\Nexora.Modules.Workflow\Entities\WorkflowInstance.cs(11,33): error CS0246: The type or namespace name 'TenantEntity' could not be found (are you missing a using directive or an assembly reference?) [C:\Users\Deven\Desktop\erp\nexora\backend\src\Nexora.Modules.Workflow\Nexora.Modules.Workflow.csproj]
C:\Users\Deven\Desktop\erp\nexora\backend\src\Nexora.Modules.Workflow\Entities\WorkflowInstance.cs(30,33): error CS0246: The type or namespace name 'TenantEntity' could not be found (are you missing a using directive or an assembly reference?) [C:\Users\Deven\Desktop\erp\nexora\backend\src\Nexora.Modules.Workflow\Nexora.Modules.Workflow.csproj]
C:\Users\Deven\Desktop\erp\nexora\backend\src\Nexora.Modules.Workflow\Controllers\ApprovalSettingsController.cs(22,22): error CS0246: The type or namespace name 'NexoraDbContext' could not be found (are you missing a using directive or an assembly reference?) [C:\Users\Deven\Desktop\erp\nexora\backend\src\Nexora.Modules.Workflow\Nexora.Modules.Workflow.csproj]
C:\Users\Deven\Desktop\erp\nexora\backend\src\Nexora.Modules.Workflow\Controllers\ApprovalSettingsController.cs(23,39): error CS0246: The type or namespace name 'NexoraDbContext' could not be found (are you missing a using directive or an assembly reference?) [C:\Users\Deven\Desktop\erp\nexora\backend\src\Nexora.Modules.Workflow\Nexora.Modules.Workflow.csproj]
C:\Users\Deven\Desktop\erp\nexora\backend\src\Nexora.Modules.Workflow\Services\WorkflowApprovalAuditHandler.cs(12,65): error CS0246: The type or namespace name 'IDomainEventHandler<>' could not be found (are you missing a using directive or an assembly reference?) [C:\Users\Deven\Desktop\erp\nexora\backend\src\Nexora.Modules.Workflow\Nexora.Modules.Workflow.csproj]
C:\Users\Deven\Desktop\erp\nexora\backend\src\Nexora.Modules.Workflow\Services\ApprovalWorkflowService.cs(23,22): error CS0246: The type or namespace name 'NexoraDbContext' could not be found (are you missing a using directive or an assembly reference?) [C:\Users\Deven\Desktop\erp\nexora\backend\src\Nexora.Modules.Workflow\Nexora.Modules.Workflow.csproj]
C:\Users\Deven\Desktop\erp\nexora\backend\src\Nexora.Modules.Workflow\Services\WorkflowApprovalAuditHandler.cs(12,43): error CS0246: The type or namespace name 'NexoraDbContext' could not be found (are you missing a using directive or an assembly reference?) [C:\Users\Deven\Desktop\erp\nexora\backend\src\Nexora.Modules.Workflow\Nexora.Modules.Workflow.csproj]
C:\Users\Deven\Desktop\erp\nexora\backend\src\Nexora.Modules.Workflow\Services\ApprovalWorkflowService.cs(24,36): error CS0246: The type or namespace name 'NexoraDbContext' could not be found (are you missing a using directive or an assembly reference?) [C:\Users\Deven\Desktop\erp\nexora\backend\src\Nexora.Modules.Workflow\Nexora.Modules.Workflow.csproj]
C:\Users\Deven\Desktop\erp\nexora\backend\src\Nexora.Modules.Workflow\Controllers\ApprovalSettingsController.cs(26,6): error CS0246: The type or namespace name 'RequirePermissionAttribute' could not be found (are you missing a using directive or an assembly reference?) [C:\Users\Deven\Desktop\erp\nexora\backend\src\Nexora.Modules.Workflow\Nexora.Modules.Workflow.csproj]
C:\Users\Deven\Desktop\erp\nexora\backend\src\Nexora.Modules.Workflow\Controllers\ApprovalSettingsController.cs(26,6): error CS0246: The type or namespace name 'RequirePermission' could not be found (are you missing a using directive or an assembly reference?) [C:\Users\Deven\Desktop\erp\nexora\backend\src\Nexora.Modules.Workflow\Nexora.Modules.Workflow.csproj]
C:\Users\Deven\Desktop\erp\nexora\backend\src\Nexora.Modules.Workflow\Controllers\ApprovalSettingsController.cs(26,24): error CS0103: The name 'Permission' does not exist in the current context [C:\Users\Deven\Desktop\erp\nexora\backend\src\Nexora.Modules.Workflow\Nexora.Modules.Workflow.csproj]
C:\Users\Deven\Desktop\erp\nexora\backend\src\Nexora.Modules.Workflow\Controllers\ApprovalSettingsController.cs(40,6): error CS0246: The type or namespace name 'RequirePermissionAttribute' could not be found (are you missing a using directive or an assembly reference?) [C:\Users\Deven\Desktop\erp\nexora\backend\src\Nexora.Modules.Workflow\Nexora.Modules.Workflow.csproj]
C:\Users\Deven\Desktop\erp\nexora\backend\src\Nexora.Modules.Workflow\Controllers\ApprovalSettingsController.cs(40,6): error CS0246: The type or namespace name 'RequirePermission' could not be found (are you missing a using directive or an assembly reference?) [C:\Users\Deven\Desktop\erp\nexora\backend\src\Nexora.Modules.Workflow\Nexora.Modules.Workflow.csproj]
C:\Users\Deven\Desktop\erp\nexora\backend\src\Nexora.Modules.Workflow\Controllers\ApprovalSettingsController.cs(40,24): error CS0103: The name 'Permission' does not exist in the current context [C:\Users\Deven\Desktop\erp\nexora\backend\src\Nexora.Modules.Workflow\Nexora.Modules.Workflow.csproj]
C:\Users\Deven\Desktop\erp\nexora\backend\src\Nexora.Shared\Authorization\DataScopeService.cs(2,14): error CS0234: The type or namespace name 'Modules' does not exist in the namespace 'Nexora' (are you missing an assembly reference?) [C:\Users\Deven\Desktop\erp\nexora\backend\src\Nexora.Shared\Nexora.Shared.csproj]
C:\Users\Deven\Desktop\erp\nexora\backend\src\Nexora.Shared\Controllers\AnnouncementsController.cs(5,14): error CS0234: The type or namespace name 'Modules' does not exist in the namespace 'Nexora' (are you missing an assembly reference?) [C:\Users\Deven\Desktop\erp\nexora\backend\src\Nexora.Shared\Nexora.Shared.csproj]
C:\Users\Deven\Desktop\erp\nexora\backend\src\Nexora.Shared\Persistence\NexoraDbContext.cs(2,14): error CS0234: The type or namespace name 'Modules' does not exist in the namespace 'Nexora' (are you missing an assembly reference?) [C:\Users\Deven\Desktop\erp\nexora\backend\src\Nexora.Shared\Nexora.Shared.csproj]
C:\Users\Deven\Desktop\erp\nexora\backend\src\Nexora.Shared\Persistence\NexoraDbContext.cs(6,14): error CS0234: The type or namespace name 'Modules' does not exist in the namespace 'Nexora' (are you missing an assembly reference?) [C:\Users\Deven\Desktop\erp\nexora\backend\src\Nexora.Shared\Nexora.Shared.csproj]
C:\Users\Deven\Desktop\erp\nexora\backend\src\Nexora.Shared\Persistence\NexoraDbContext.cs(7,14): error CS0234: The type or namespace name 'Modules' does not exist in the namespace 'Nexora' (are you missing an assembly reference?) [C:\Users\Deven\Desktop\erp\nexora\backend\src\Nexora.Shared\Nexora.Shared.csproj]
C:\Users\Deven\Desktop\erp\nexora\backend\src\Nexora.Shared\Persistence\NexoraDbContext.cs(8,14): error CS0234: The type or namespace name 'Modules' does not exist in the namespace 'Nexora' (are you missing an assembly reference?) [C:\Users\Deven\Desktop\erp\nexora\backend\src\Nexora.Shared\Nexora.Shared.csproj]
C:\Users\Deven\Desktop\erp\nexora\backend\src\Nexora.Shared\Persistence\NexoraDbContext.cs(9,14): error CS0234: The type or namespace name 'Modules' does not exist in the namespace 'Nexora' (are you missing an assembly reference?) [C:\Users\Deven\Desktop\erp\nexora\backend\src\Nexora.Shared\Nexora.Shared.csproj]
C:\Users\Deven\Desktop\erp\nexora\backend\src\Nexora.Shared\Persistence\NexoraDbContext.cs(10,14): error CS0234: The type or namespace name 'Modules' does not exist in the namespace 'Nexora' (are you missing an assembly reference?) [C:\Users\Deven\Desktop\erp\nexora\backend\src\Nexora.Shared\Nexora.Shared.csproj]
C:\Users\Deven\Desktop\erp\nexora\backend\src\Nexora.Shared\Persistence\NexoraDbContext.cs(12,14): error CS0234: The type or namespace name 'Modules' does not exist in the namespace 'Nexora' (are you missing an assembly reference?) [C:\Users\Deven\Desktop\erp\nexora\backend\src\Nexora.Shared\Nexora.Shared.csproj]
C:\Users\Deven\Desktop\erp\nexora\backend\src\Nexora.Shared\Persistence\NexoraDbContext.cs(13,14): error CS0234: The type or namespace name 'Modules' does not exist in the namespace 'Nexora' (are you missing an assembly reference?) [C:\Users\Deven\Desktop\erp\nexora\backend\src\Nexora.Shared\Nexora.Shared.csproj]
C:\Users\Deven\Desktop\erp\nexora\backend\src\Nexora.Shared\Persistence\NexoraDbContext.cs(14,14): error CS0234: The type or namespace name 'Modules' does not exist in the namespace 'Nexora' (are you missing an assembly reference?) [C:\Users\Deven\Desktop\erp\nexora\backend\src\Nexora.Shared\Nexora.Shared.csproj]
C:\Users\Deven\Desktop\erp\nexora\backend\src\Nexora.Shared\Persistence\NexoraDbContext.cs(15,14): error CS0234: The type or namespace name 'Modules' does not exist in the namespace 'Nexora' (are you missing an assembly reference?) [C:\Users\Deven\Desktop\erp\nexora\backend\src\Nexora.Shared\Nexora.Shared.csproj]
C:\Users\Deven\Desktop\erp\nexora\backend\src\Nexora.Shared\Authorization\DataScopeService.cs(8,29): error CS0246: The type or namespace name 'DataScopeType' could not be found (are you missing a using directive or an assembly reference?) [C:\Users\Deven\Desktop\erp\nexora\backend\src\Nexora.Shared\Nexora.Shared.csproj]
C:\Users\Deven\Desktop\erp\nexora\backend\src\Nexora.Shared\Authorization\DataScopeService.cs(54,23): error CS0246: The type or namespace name 'FieldAccessLevel' could not be found (are you missing a using directive or an assembly reference?) [C:\Users\Deven\Desktop\erp\nexora\backend\src\Nexora.Shared\Nexora.Shared.csproj]
C:\Users\Deven\Desktop\erp\nexora\backend\src\Nexora.Shared\Authorization\RequirePasswordCurrentMiddleware.cs(12,35): error CS0246: The type or namespace name 'HttpContext' could not be found (are you missing a using directive or an assembly reference?) [C:\Users\Deven\Desktop\erp\nexora\backend\src\Nexora.Shared\Nexora.Shared.csproj]
C:\Users\Deven\Desktop\erp\nexora\backend\src\Nexora.Shared\Authorization\RequirePasswordCurrentMiddleware.cs(8,22): error CS0246: The type or namespace name 'RequestDelegate' could not be found (are you missing a using directive or an assembly reference?) [C:\Users\Deven\Desktop\erp\nexora\backend\src\Nexora.Shared\Nexora.Shared.csproj]
C:\Users\Deven\Desktop\erp\nexora\backend\src\Nexora.Shared\Authorization\RequirePasswordCurrentMiddleware.cs(10,45): error CS0246: The type or namespace name 'RequestDelegate' could not be found (are you missing a using directive or an assembly reference?) [C:\Users\Deven\Desktop\erp\nexora\backend\src\Nexora.Shared\Nexora.Shared.csproj]
C:\Users\Deven\Desktop\erp\nexora\backend\src\Nexora.Shared\Middleware\GlobalExceptionHandler.cs(16,49): error CS0246: The type or namespace name 'HttpContext' could not be found (are you missing a using directive or an assembly reference?) [C:\Users\Deven\Desktop\erp\nexora\backend\src\Nexora.Shared\Nexora.Shared.csproj]
C:\Users\Deven\Desktop\erp\nexora\backend\src\Nexora.Shared\Middleware\GlobalExceptionHandler.cs(11,39): error CS0535: 'GlobalExceptionHandler' does not implement interface member 'IExceptionHandler.TryHandleAsync(HttpContext, Exception, CancellationToken)' [C:\Users\Deven\Desktop\erp\nexora\backend\src\Nexora.Shared\Nexora.Shared.csproj]
C:\Users\Deven\Desktop\erp\nexora\backend\src\Nexora.Shared\Middleware\GlobalExceptionHandler.cs(13,22): error CS0246: The type or namespace name 'ILogger<>' could not be found (are you missing a using directive or an assembly reference?) [C:\Users\Deven\Desktop\erp\nexora\backend\src\Nexora.Shared\Nexora.Shared.csproj]
C:\Users\Deven\Desktop\erp\nexora\backend\src\Nexora.Shared\Middleware\GlobalExceptionHandler.cs(14,35): error CS0246: The type or namespace name 'ILogger<>' could not be found (are you missing a using directive or an assembly reference?) [C:\Users\Deven\Desktop\erp\nexora\backend\src\Nexora.Shared\Nexora.Shared.csproj]
C:\Users\Deven\Desktop\erp\nexora\backend\src\Nexora.Shared\Persistence\NexoraDbContext.cs(24,50): error CS0246: The type or namespace name 'AppUser' could not be found (are you missing a using directive or an assembly reference?) [C:\Users\Deven\Desktop\erp\nexora\backend\src\Nexora.Shared\Nexora.Shared.csproj]
C:\Users\Deven\Desktop\erp\nexora\backend\src\Nexora.Shared\Persistence\NexoraDbContext.cs(24,59): error CS0246: The type or namespace name 'AppRole' could not be found (are you missing a using directive or an assembly reference?) [C:\Users\Deven\Desktop\erp\nexora\backend\src\Nexora.Shared\Nexora.Shared.csproj]
C:\Users\Deven\Desktop\erp\nexora\backend\src\Nexora.Shared\Controllers\AnnouncementsController.cs(37,24): error CS0103: The name 'Permission' does not exist in the current context [C:\Users\Deven\Desktop\erp\nexora\backend\src\Nexora.Shared\Nexora.Shared.csproj]
C:\Users\Deven\Desktop\erp\nexora\backend\src\Nexora.Shared\Controllers\AnnouncementsController.cs(58,24): error CS0103: The name 'Permission' does not exist in the current context [C:\Users\Deven\Desktop\erp\nexora\backend\src\Nexora.Shared\Nexora.Shared.csproj]
C:\Users\Deven\Desktop\erp\nexora\backend\src\Nexora.Shared\Controllers\AnnouncementsController.cs(74,24): error CS0103: The name 'Permission' does not exist in the current context [C:\Users\Deven\Desktop\erp\nexora\backend\src\Nexora.Shared\Nexora.Shared.csproj]
C:\Users\Deven\Desktop\erp\nexora\backend\src\Nexora.Shared\Persistence\NexoraDbContext.cs(34,18): error CS0246: The type or namespace name 'RolePermission' could not be found (are you missing a using directive or an assembly reference?) [C:\Users\Deven\Desktop\erp\nexora\backend\src\Nexora.Shared\Nexora.Shared.csproj]
C:\Users\Deven\Desktop\erp\nexora\backend\src\Nexora.Shared\Persistence\NexoraDbContext.cs(35,18): error CS0246: The type or namespace name 'PermissionScope' could not be found (are you missing a using directive or an assembly reference?) [C:\Users\Deven\Desktop\erp\nexora\backend\src\Nexora.Shared\Nexora.Shared.csproj]
C:\Users\Deven\Desktop\erp\nexora\backend\src\Nexora.Shared\Persistence\NexoraDbContext.cs(36,18): error CS0246: The type or namespace name 'PermissionScopeRecord' could not be found (are you missing a using directive or an assembly reference?) [C:\Users\Deven\Desktop\erp\nexora\backend\src\Nexora.Shared\Nexora.Shared.csproj]
C:\Users\Deven\Desktop\erp\nexora\backend\src\Nexora.Shared\Persistence\NexoraDbContext.cs(37,18): error CS0246: The type or namespace name 'RoleFieldPermission' could not be found (are you missing a using directive or an assembly reference?) [C:\Users\Deven\Desktop\erp\nexora\backend\src\Nexora.Shared\Nexora.Shared.csproj]
C:\Users\Deven\Desktop\erp\nexora\backend\src\Nexora.Shared\Persistence\NexoraDbContext.cs(40,18): error CS0246: The type or namespace name 'Department' could not be found (are you missing a using directive or an assembly reference?) [C:\Users\Deven\Desktop\erp\nexora\backend\src\Nexora.Shared\Nexora.Shared.csproj]
C:\Users\Deven\Desktop\erp\nexora\backend\src\Nexora.Shared\Persistence\NexoraDbContext.cs(41,18): error CS0246: The type or namespace name 'Location' could not be found (are you missing a using directive or an assembly reference?) [C:\Users\Deven\Desktop\erp\nexora\backend\src\Nexora.Shared\Nexora.Shared.csproj]
C:\Users\Deven\Desktop\erp\nexora\backend\src\Nexora.Shared\Persistence\NexoraDbContext.cs(42,18): error CS0246: The type or namespace name 'Employee' could not be found (are you missing a using directive or an assembly reference?) [C:\Users\Deven\Desktop\erp\nexora\backend\src\Nexora.Shared\Nexora.Shared.csproj]
C:\Users\Deven\Desktop\erp\nexora\backend\src\Nexora.Shared\Persistence\NexoraDbContext.cs(43,18): error CS0246: The type or namespace name 'JobTitle' could not be found (are you missing a using directive or an assembly reference?) [C:\Users\Deven\Desktop\erp\nexora\backend\src\Nexora.Shared\Nexora.Shared.csproj]
C:\Users\Deven\Desktop\erp\nexora\backend\src\Nexora.Shared\Persistence\NexoraDbContext.cs(44,18): error CS0246: The type or namespace name 'EmployeeAssignmentHistory' could not be found (are you missing a using directive or an assembly reference?) [C:\Users\Deven\Desktop\erp\nexora\backend\src\Nexora.Shared\Nexora.Shared.csproj]
C:\Users\Deven\Desktop\erp\nexora\backend\src\Nexora.Shared\Persistence\NexoraDbContext.cs(45,18): error CS0246: The type or namespace name 'EmployeeDocument' could not be found (are you missing a using directive or an assembly reference?) [C:\Users\Deven\Desktop\erp\nexora\backend\src\Nexora.Shared\Nexora.Shared.csproj]
C:\Users\Deven\Desktop\erp\nexora\backend\src\Nexora.Shared\Persistence\NexoraDbContext.cs(47,18): error CS0246: The type or namespace name 'LeaveType' could not be found (are you missing a using directive or an assembly reference?) [C:\Users\Deven\Desktop\erp\nexora\backend\src\Nexora.Shared\Nexora.Shared.csproj]
C:\Users\Deven\Desktop\erp\nexora\backend\src\Nexora.Shared\Persistence\NexoraDbContext.cs(48,18): error CS0246: The type or namespace name 'LeaveRequest' could not be found (are you missing a using directive or an assembly reference?) [C:\Users\Deven\Desktop\erp\nexora\backend\src\Nexora.Shared\Nexora.Shared.csproj]
C:\Users\Deven\Desktop\erp\nexora\backend\src\Nexora.Shared\Persistence\NexoraDbContext.cs(49,18): error CS0246: The type or namespace name 'LeaveBalance' could not be found (are you missing a using directive or an assembly reference?) [C:\Users\Deven\Desktop\erp\nexora\backend\src\Nexora.Shared\Nexora.Shared.csproj]
C:\Users\Deven\Desktop\erp\nexora\backend\src\Nexora.Shared\Persistence\NexoraDbContext.cs(50,18): error CS0246: The type or namespace name 'AttendanceEntry' could not be found (are you missing a using directive or an assembly reference?) [C:\Users\Deven\Desktop\erp\nexora\backend\src\Nexora.Shared\Nexora.Shared.csproj]
C:\Users\Deven\Desktop\erp\nexora\backend\src\Nexora.Shared\Persistence\NexoraDbContext.cs(51,18): error CS0246: The type or namespace name 'TimesheetEntry' could not be found (are you missing a using directive or an assembly reference?) [C:\Users\Deven\Desktop\erp\nexora\backend\src\Nexora.Shared\Nexora.Shared.csproj]
C:\Users\Deven\Desktop\erp\nexora\backend\src\Nexora.Shared\Persistence\NexoraDbContext.cs(52,18): error CS0246: The type or namespace name 'TenantAttendanceSettings' could not be found (are you missing a using directive or an assembly reference?) [C:\Users\Deven\Desktop\erp\nexora\backend\src\Nexora.Shared\Nexora.Shared.csproj]
C:\Users\Deven\Desktop\erp\nexora\backend\src\Nexora.Shared\Persistence\NexoraDbContext.cs(54,18): error CS0246: The type or namespace name 'OnboardingTask' could not be found (are you missing a using directive or an assembly reference?) [C:\Users\Deven\Desktop\erp\nexora\backend\src\Nexora.Shared\Nexora.Shared.csproj]
C:\Users\Deven\Desktop\erp\nexora\backend\src\Nexora.Shared\Persistence\NexoraDbContext.cs(56,18): error CS0246: The type or namespace name 'FnfCase' could not be found (are you missing a using directive or an assembly reference?) [C:\Users\Deven\Desktop\erp\nexora\backend\src\Nexora.Shared\Nexora.Shared.csproj]
C:\Users\Deven\Desktop\erp\nexora\backend\src\Nexora.Shared\Persistence\NexoraDbContext.cs(57,18): error CS0246: The type or namespace name 'FnfClearanceItem' could not be found (are you missing a using directive or an assembly reference?) [C:\Users\Deven\Desktop\erp\nexora\backend\src\Nexora.Shared\Nexora.Shared.csproj]
C:\Users\Deven\Desktop\erp\nexora\backend\src\Nexora.Shared\Persistence\NexoraDbContext.cs(59,18): error CS0246: The type or namespace name 'SalaryStructure' could not be found (are you missing a using directive or an assembly reference?) [C:\Users\Deven\Desktop\erp\nexora\backend\src\Nexora.Shared\Nexora.Shared.csproj]
C:\Users\Deven\Desktop\erp\nexora\backend\src\Nexora.Shared\Persistence\NexoraDbContext.cs(60,18): error CS0246: The type or namespace name 'SalaryComponent' could not be found (are you missing a using directive or an assembly reference?) [C:\Users\Deven\Desktop\erp\nexora\backend\src\Nexora.Shared\Nexora.Shared.csproj]
C:\Users\Deven\Desktop\erp\nexora\backend\src\Nexora.Shared\Persistence\NexoraDbContext.cs(61,18): error CS0246: The type or namespace name 'PayrollRun' could not be found (are you missing a using directive or an assembly reference?) [C:\Users\Deven\Desktop\erp\nexora\backend\src\Nexora.Shared\Nexora.Shared.csproj]
C:\Users\Deven\Desktop\erp\nexora\backend\src\Nexora.Shared\Persistence\NexoraDbContext.cs(62,18): error CS0246: The type or namespace name 'Payslip' could not be found (are you missing a using directive or an assembly reference?) [C:\Users\Deven\Desktop\erp\nexora\backend\src\Nexora.Shared\Nexora.Shared.csproj]
C:\Users\Deven\Desktop\erp\nexora\backend\src\Nexora.Shared\Persistence\NexoraDbContext.cs(63,18): error CS0246: The type or namespace name 'PayslipLine' could not be found (are you missing a using directive or an assembly reference?) [C:\Users\Deven\Desktop\erp\nexora\backend\src\Nexora.Shared\Nexora.Shared.csproj]
C:\Users\Deven\Desktop\erp\nexora\backend\src\Nexora.Shared\Persistence\NexoraDbContext.cs(67,18): error CS0246: The type or namespace name 'Account' could not be found (are you missing a using directive or an assembly reference?) [C:\Users\Deven\Desktop\erp\nexora\backend\src\Nexora.Shared\Nexora.Shared.csproj]
C:\Users\Deven\Desktop\erp\nexora\backend\src\Nexora.Shared\Persistence\NexoraDbContext.cs(68,18): error CS0246: The type or namespace name 'JournalEntry' could not be found (are you missing a using directive or an assembly reference?) [C:\Users\Deven\Desktop\erp\nexora\backend\src\Nexora.Shared\Nexora.Shared.csproj]
C:\Users\Deven\Desktop\erp\nexora\backend\src\Nexora.Shared\Persistence\NexoraDbContext.cs(69,18): error CS0246: The type or namespace name 'JournalLine' could not be found (are you missing a using directive or an assembly reference?) [C:\Users\Deven\Desktop\erp\nexora\backend\src\Nexora.Shared\Nexora.Shared.csproj]
C:\Users\Deven\Desktop\erp\nexora\backend\src\Nexora.Shared\Persistence\NexoraDbContext.cs(70,18): error CS0246: The type or namespace name 'ExchangeRate' could not be found (are you missing a using directive or an assembly reference?) [C:\Users\Deven\Desktop\erp\nexora\backend\src\Nexora.Shared\Nexora.Shared.csproj]
C:\Users\Deven\Desktop\erp\nexora\backend\src\Nexora.Shared\Persistence\NexoraDbContext.cs(71,18): error CS0246: The type or namespace name 'Vendor' could not be found (are you missing a using directive or an assembly reference?) [C:\Users\Deven\Desktop\erp\nexora\backend\src\Nexora.Shared\Nexora.Shared.csproj]
C:\Users\Deven\Desktop\erp\nexora\backend\src\Nexora.Shared\Persistence\NexoraDbContext.cs(72,18): error CS0246: The type or namespace name 'VendorBill' could not be found (are you missing a using directive or an assembly reference?) [C:\Users\Deven\Desktop\erp\nexora\backend\src\Nexora.Shared\Nexora.Shared.csproj]
C:\Users\Deven\Desktop\erp\nexora\backend\src\Nexora.Shared\Persistence\NexoraDbContext.cs(74,18): error CS0246: The type or namespace name 'WorkflowInstance' could not be found (are you missing a using directive or an assembly reference?) [C:\Users\Deven\Desktop\erp\nexora\backend\src\Nexora.Shared\Nexora.Shared.csproj]
C:\Users\Deven\Desktop\erp\nexora\backend\src\Nexora.Shared\Persistence\NexoraDbContext.cs(75,18): error CS0246: The type or namespace name 'WorkflowDecision' could not be found (are you missing a using directive or an assembly reference?) [C:\Users\Deven\Desktop\erp\nexora\backend\src\Nexora.Shared\Nexora.Shared.csproj]
C:\Users\Deven\Desktop\erp\nexora\backend\src\Nexora.Shared\Persistence\NexoraDbContext.cs(76,18): error CS0246: The type or namespace name 'TenantApprovalSettings' could not be found (are you missing a using directive or an assembly reference?) [C:\Users\Deven\Desktop\erp\nexora\backend\src\Nexora.Shared\Nexora.Shared.csproj]
C:\Users\Deven\Desktop\erp\nexora\backend\src\Nexora.Shared\Persistence\NexoraDbContext.cs(78,18): error CS0246: The type or namespace name 'ReimbursementRequest' could not be found (are you missing a using directive or an assembly reference?) [C:\Users\Deven\Desktop\erp\nexora\backend\src\Nexora.Shared\Nexora.Shared.csproj]
C:\Users\Deven\Desktop\erp\nexora\backend\src\Nexora.Shared\Persistence\NexoraDbContext.cs(82,18): error CS0246: The type or namespace name 'Customer' could not be found (are you missing a using directive or an assembly reference?) [C:\Users\Deven\Desktop\erp\nexora\backend\src\Nexora.Shared\Nexora.Shared.csproj]
C:\Users\Deven\Desktop\erp\nexora\backend\src\Nexora.Shared\Persistence\NexoraDbContext.cs(83,18): error CS0246: The type or namespace name 'ProjectEntity' could not be found (are you missing a using directive or an assembly reference?) [C:\Users\Deven\Desktop\erp\nexora\backend\src\Nexora.Shared\Nexora.Shared.csproj]
C:\Users\Deven\Desktop\erp\nexora\backend\src\Nexora.Shared\Persistence\NexoraDbContext.cs(84,18): error CS0246: The type or namespace name 'ProjectExpense' could not be found (are you missing a using directive or an assembly reference?) [C:\Users\Deven\Desktop\erp\nexora\backend\src\Nexora.Shared\Nexora.Shared.csproj]
C:\Users\Deven\Desktop\erp\nexora\backend\src\Nexora.Shared\Persistence\NexoraDbContext.cs(85,18): error CS0246: The type or namespace name 'ProjectMember' could not be found (are you missing a using directive or an assembly reference?) [C:\Users\Deven\Desktop\erp\nexora\backend\src\Nexora.Shared\Nexora.Shared.csproj]
C:\Users\Deven\Desktop\erp\nexora\backend\src\Nexora.Shared\Persistence\NexoraDbContext.cs(86,18): error CS0246: The type or namespace name 'ProjectTask' could not be found (are you missing a using directive or an assembly reference?) [C:\Users\Deven\Desktop\erp\nexora\backend\src\Nexora.Shared\Nexora.Shared.csproj]
C:\Users\Deven\Desktop\erp\nexora\backend\src\Nexora.Shared\Persistence\NexoraDbContext.cs(87,18): error CS0246: The type or namespace name 'ProjectMilestone' could not be found (are you missing a using directive or an assembly reference?) [C:\Users\Deven\Desktop\erp\nexora\backend\src\Nexora.Shared\Nexora.Shared.csproj]
    15 Warning(s)
    838 Error(s)

Time Elapsed 00:00:05.25
